income,income_thousands,weight
30000.0,30.0,15139.78060231747
31000.0,31.0,15274.500325614912
31000.0,31.0,15818.188828467542
31000.0,31.0,15831.142316310883
31000.0,31.0,16178.123573629322
208000.0,208.0,1183.173770420023
208000.0,208.0,1229.241990085501
208000.0,208.0,1265.5173850597134
208000.0,208.0,1264.5405897450994
208000.0,208.0,1269.056557532298
398000.0,398.0,3394.3465373471327
416000.0,416.0,3359.161851811724
394000.0,394.0,3099.766743904213
396000.0,396.0,3457.5679739834786
465000.0,465.0,3358.864577840858
69000.0,69.0,3109.744269471929
66000.0,66.0,3266.4558801427374
63000.0,63.0,2985.8453698572785
63000.0,63.0,3059.461948979482
62000.0,62.0,3060.346739577479
52000.0,52.0,35957.40554339989
54000.0,54.0,36762.43602338605
57000.0,57.0,36353.51770336777
62000.0,62.0,36919.332982441214
55000.0,55.0,36652.688343197224
220000.0,220.0,17431.114439927456
211000.0,211.0,18376.916035678132
210000.0,210.0,19198.814884155956
220000.0,220.0,18478.29152867339
197000.0,197.0,17653.891007793925
37000.0,37.0,12296.46608783074
37000.0,37.0,12364.182077968999
36000.0,36.0,12177.851677184324
37000.0,37.0,12380.755964686392
37000.0,37.0,12205.6406461161
620000.0,620.0,17754.706741550366
620000.0,620.0,18226.969423628645
620000.0,620.0,18945.92922856276
620000.0,620.0,18195.528654709888
620000.0,620.0,11015.8418036524
40000.0,40.0,38963.395465283225
40000.0,40.0,35017.45849425155
40000.0,40.0,35791.37778396585
40000.0,40.0,37043.45223227229
40000.0,40.0,35414.97369719093
196000.0,196.0,9115.683774865627
196000.0,196.0,8218.865423807836
196000.0,196.0,8616.553605383862
196000.0,196.0,8892.898898439085
196000.0,196.0,8068.646361085798
39000.0,39.0,31326.138117044313
33000.0,33.0,31297.593909744242
42000.0,42.0,31483.587018910865
48000.0,48.0,31381.05555071941
40000.0,40.0,31363.85595298768
14000.0,14.0,18407.79648329412
15000.0,15.0,17435.480116558294
17000.0,17.0,10556.250872479932
19000.0,19.0,10715.736926364405
26000.0,26.0,10971.159982745326
54000.0,54.0,20021.330961781892
55000.0,55.0,30053.596980586328
55000.0,55.0,31071.392379404893
55000.0,55.0,30272.524113487147
55000.0,55.0,30666.40630408593
105000.0,105.0,92227.74247784566
108000.0,108.0,89408.17418956991
111000.0,111.0,91193.05972027621
100000.0,100.0,90272.43429294704
111000.0,111.0,89999.53043705462
51000.0,51.0,17131.893773464133
48000.0,48.0,15812.219487264501
43000.0,43.0,16334.62158308123
50000.0,50.0,16173.64007756994
31000.0,31.0,15937.856424120178
21000.0,21.0,8884.75952254904
20000.0,20.0,8827.183371460636
21000.0,21.0,8993.68950942891
21000.0,21.0,8808.058452276204
20000.0,20.0,8963.071389781566
75000.0,75.0,41086.06934121892
75000.0,75.0,41238.71970909916
75000.0,75.0,44390.30100285534
75000.0,75.0,42340.8415359145
75000.0,75.0,45075.46612628867
46000.0,46.0,114074.22082599686
46000.0,46.0,110574.29959802935
46000.0,46.0,111717.91353864399
46000.0,46.0,111546.86609519094
46000.0,46.0,110573.38450473918
80000.0,80.0,13400.701845537262
80000.0,80.0,12806.245241977249
80000.0,80.0,13078.192114021913
80000.0,80.0,13064.265569625917
80000.0,80.0,12884.123040369936
1.71e6,1710.0,2229.2409342006763
1.74e6,1740.0,2227.2567248909086
1.72e6,1720.0,2245.6888979622204
1.71e6,1710.0,2271.241538041686
1.75e6,1750.0,2266.0578023828275
284000.0,284.0,17124.936020244695
284000.0,284.0,18766.494611231825
285000.0,285.0,20366.447789308393
284000.0,284.0,18237.5240283319
285000.0,285.0,17645.746887669608
53000.0,53.0,100589.95048550253
53000.0,53.0,93890.26646101437
53000.0,53.0,95310.93664849715
53000.0,53.0,94947.68192706477
53000.0,53.0,94285.97184572145
300000.0,300.0,34667.686677660546
300000.0,300.0,40821.22916586202
300000.0,300.0,17549.473082723805
300000.0,300.0,35030.70774998375
300000.0,300.0,15207.39006282075
3.22e6,3220.0,239.32925584740497
3.66e6,3660.0,237.2394168511328
2.84e6,2840.0,239.09853051762687
3.49e6,3490.0,243.94646926050322
4.33e6,4330.0,240.74390544966516
39000.0,39.0,20419.125218472953
39000.0,39.0,19976.264576932634
39000.0,39.0,20123.308083498625
39000.0,39.0,20117.287110441528
39000.0,39.0,19889.247564165387
12000.0,12.0,66560.72653294535
12000.0,12.0,67068.72247626635
12000.0,12.0,67060.4600792002
12000.0,12.0,67758.8732787242
12000.0,12.0,67224.88621683214
66000.0,66.0,9855.01366450149
54000.0,54.0,9663.579067085702
50000.0,50.0,9681.55144947382
50000.0,50.0,9934.026069954652
43000.0,43.0,9657.293466927358
40000.0,40.0,31430.250571564713
40000.0,40.0,31670.985025148137
40000.0,40.0,33640.07685568561
40000.0,40.0,32560.010966616523
40000.0,40.0,34231.60168593082
88000.0,88.0,38508.098086872276
88000.0,88.0,45324.151282783394
89000.0,89.0,32482.400494965557
89000.0,89.0,38887.78751308573
88000.0,88.0,35027.40285645361
40000.0,40.0,56821.67882845934
40000.0,40.0,58724.672070427194
56000.0,56.0,56942.18811789495
41000.0,41.0,58615.11014355858
42000.0,42.0,57345.30625716076
300000.0,300.0,39642.40073466556
300000.0,300.0,39795.57189261287
300000.0,300.0,42844.76054346971
300000.0,300.0,40881.4154450629
300000.0,300.0,43514.49263457199
65000.0,65.0,61768.81364055616
55000.0,55.0,58367.842173589255
65000.0,65.0,58493.92463397271
52000.0,52.0,59529.27157630427
64000.0,64.0,57784.65328474531
664000.0,664.0,17361.198444149257
842000.0,842.0,17857.52387081394
746000.0,746.0,18604.50608278151
868000.0,868.0,17877.813731691716
717000.0,717.0,17481.221894868897
50000.0,50.0,11149.217006932231
50000.0,50.0,11185.552821336398
50000.0,50.0,12028.221267468245
50000.0,50.0,11484.501280382003
50000.0,50.0,12208.98666674141
34000.0,34.0,19719.21051073609
40000.0,40.0,19754.806300477576
39000.0,39.0,19826.591169881405
50000.0,50.0,19875.883924168353
27000.0,27.0,19784.3916360449
50000.0,50.0,8542.849672183484
49000.0,49.0,8589.080719592192
50000.0,50.0,8456.646011279474
50000.0,50.0,8598.94921399731
50000.0,50.0,8477.809079059549
5.93e6,5930.0,222.53917852409438
5.53e6,5530.0,222.43091349497658
5.55e6,5550.0,223.45176340181214
5.93e6,5930.0,226.20422971513406
6.12e6,6120.0,226.38932857547618
9000.0,9.0,31899.834542214223
4200.0,4.2,31838.82450348852
1500.0,1.5,34688.561629614924
8000.0,8.0,32640.701566126903
4600.0,4.6,35167.98247779705
159000.0,159.0,79880.16704758837
160000.0,160.0,75841.86009280098
159000.0,159.0,76337.26954751078
159000.0,159.0,77228.79959764764
159000.0,159.0,75501.91285172373
15000.0,15.0,11000.523344565949
14000.0,14.0,10539.594189795293
15000.0,15.0,11201.737293425393
15000.0,15.0,10992.767072452085
14000.0,14.0,11173.137296860625
45000.0,45.0,13659.24635666822
43000.0,43.0,13802.344514215903
43000.0,43.0,13608.21611249467
42000.0,42.0,13705.273505125893
43000.0,43.0,13470.50736857705
12000.0,12.0,57809.78468032325
12000.0,12.0,58092.55965274137
13000.0,13.0,57224.034602764004
12000.0,12.0,58137.56808670791
13000.0,13.0,57369.75409921221
3600.0,3.6,11369.59263651811
3600.0,3.6,10886.165944338072
3600.0,3.6,10798.159398554426
3600.0,3.6,10840.202808535578
3600.0,3.6,10701.23795967518
10000.0,10.0,8510.805516499668
10000.0,10.0,8571.369642255506
10000.0,10.0,8455.750996158626
10000.0,10.0,8632.93575859222
10000.0,10.0,8455.463216074964
35000.0,35.0,44241.11006358679
37000.0,37.0,44382.19842302337
40000.0,40.0,47794.465871241206
39000.0,39.0,45557.416143626375
36000.0,36.0,48539.725572551695
80000.0,80.0,54059.49622411665
80000.0,80.0,54583.72192914481
80000.0,80.0,54748.651894362854
80000.0,80.0,54139.6862802804
80000.0,80.0,54562.81312251112
944000.0,944.0,12206.026159766305
944000.0,944.0,13381.945438077908
944000.0,944.0,14508.643879053892
944000.0,944.0,12998.089717362194
944000.0,944.0,12572.377854952925
5.16e6,5160.0,305.71045502800825
5.48e6,5480.0,300.463400359389
5.37e6,5370.0,309.2522149431142
5.44e6,5440.0,308.80067922681593
5.05e6,5050.0,302.3739129359688
260000.0,260.0,53125.44412965344
260000.0,260.0,53322.82535205374
260000.0,260.0,57397.90867411626
260000.0,260.0,54747.899896135525
260000.0,260.0,58283.846464422895
236000.0,236.0,13973.266873924
237000.0,237.0,16346.710492840868
243000.0,243.0,11726.844760298032
237000.0,237.0,13912.426794483043
215000.0,215.0,12614.683727165855
21000.0,21.0,16691.43038076962
22000.0,22.0,16712.072845640952
21000.0,21.0,16660.387914770097
20000.0,20.0,16717.769162607925
22000.0,22.0,16659.007377831895
275000.0,275.0,21799.17854211878
275000.0,275.0,23801.962687936826
275000.0,275.0,25965.94442732598
275000.0,275.0,23045.70600355318
275000.0,275.0,22463.263735640772
60000.0,60.0,9056.620813264353
60000.0,60.0,9214.228140513369
60000.0,60.0,9097.711271960754
60000.0,60.0,9148.237530685805
60000.0,60.0,9119.706556419593
59000.0,59.0,46477.930397648524
53000.0,53.0,45057.0163089688
96000.0,96.0,45956.50471923606
55000.0,55.0,45492.55793506765
34000.0,34.0,45355.02874831058
74000.0,74.0,61722.149149103105
75000.0,75.0,58984.147843610364
75000.0,75.0,60236.70502982688
74000.0,74.0,60172.56090810484
75000.0,75.0,59342.84436138999
118000.0,118.0,67429.80746954979
117000.0,117.0,64761.47421876555
117000.0,117.0,65650.8084005887
118000.0,118.0,65341.85981033742
118000.0,118.0,65005.28118247636
6000.0,6.0,37716.35787437899
6000.0,6.0,39221.67454121576
6000.0,6.0,38645.38136014559
6000.0,6.0,37754.175078360124
6000.0,6.0,39367.99770956644
126000.0,126.0,53698.989910760196
126000.0,126.0,51574.01275763523
126000.0,126.0,52282.25068755342
126000.0,126.0,52036.21369214396
126000.0,126.0,51768.17299886669
2.37e6,2370.0,631.2046817454113
2.57e6,2570.0,662.393070923413
2.47e6,2470.0,694.1637541662956
2.93e6,2930.0,663.3481602851018
3.01e6,3010.0,642.6124423289094
1.1e6,1100.0,8537.692188095214
1.13e6,1130.0,9097.040222001646
1.1e6,1100.0,9489.801582071697
1.14e6,1140.0,9122.384311857819
1.04e6,1040.0,8598.480623062393
28000.0,28.0,37924.36790570461
24000.0,24.0,38216.098693516775
21000.0,21.0,38220.756003671726
22000.0,22.0,38598.489277326655
21000.0,21.0,38310.37970165076
106000.0,106.0,38145.50893900708
106000.0,106.0,38270.42058427941
106000.0,106.0,41235.44777014478
106000.0,106.0,39313.34430605302
106000.0,106.0,41865.56961307071
220000.0,220.0,12230.788835478117
220000.0,220.0,12279.827090256766
220000.0,220.0,13217.94232073709
220000.0,220.0,12611.63253444773
220000.0,220.0,13421.942106511453
95000.0,95.0,70656.93871207311
95000.0,95.0,68129.3667828339
95000.0,95.0,67462.1086240382
95000.0,95.0,68458.8274396435
95000.0,95.0,67027.85320370653
374000.0,374.0,49250.070280666245
374000.0,374.0,51031.97731981815
374000.0,374.0,46623.20730383562
374000.0,374.0,48482.25462535753
374000.0,374.0,48293.92467512216
25000.0,25.0,78678.53004940851
25000.0,25.0,78753.38415822637
25000.0,25.0,78612.94860735763
25000.0,25.0,78721.83829698474
25000.0,25.0,78655.48796456779
19000.0,19.0,44615.50074772211
20000.0,20.0,45082.90544841775
16000.0,16.0,44448.819524056365
19000.0,19.0,45005.285699051026
16000.0,16.0,45138.048356097475
67000.0,67.0,46579.96611673109
62000.0,62.0,46396.887133129436
64000.0,64.0,46575.542924083406
67000.0,67.0,46763.221390764505
58000.0,58.0,46647.52702494259
116000.0,116.0,65618.31884879424
96000.0,96.0,64132.438213193615
117000.0,117.0,63177.24120906238
106000.0,106.0,64667.83506870138
112000.0,112.0,62726.09721816685
183000.0,183.0,37562.169796338414
182000.0,182.0,37701.72753767822
182000.0,182.0,40583.001740374246
182000.0,182.0,38709.321786991255
182000.0,182.0,41209.40112872149
22000.0,22.0,7333.134869029659
22000.0,22.0,7383.557879131851
22000.0,22.0,7406.845413912709
23000.0,23.0,7401.684003848315
22000.0,22.0,7418.092560593745
126000.0,126.0,66352.96702274012
135000.0,135.0,69582.65257645222
148000.0,148.0,75438.3315848046
129000.0,129.0,68655.40049431662
149000.0,149.0,76617.55328941182
22000.0,22.0,54161.095436590644
21000.0,21.0,54333.81940507728
23000.0,23.0,58511.204254880366
25000.0,25.0,55772.55091594734
25000.0,25.0,59423.57019121668
5.16e6,5160.0,249.153603949371
5.18e6,5180.0,253.21735277009793
5.15e6,5150.0,255.02602144572538
5.12e6,5120.0,260.04746550997737
5.51e6,5510.0,250.86889270725132
33000.0,33.0,44701.33016779385
35000.0,35.0,44528.542636662074
37000.0,37.0,44894.32213412759
32000.0,32.0,44012.45598106995
28000.0,28.0,44773.653190687175
67000.0,67.0,7779.5650944242325
67000.0,67.0,7858.025159085063
67000.0,67.0,7877.376655813325
67000.0,67.0,7890.822422787672
67000.0,67.0,7886.465326764017
80000.0,80.0,78237.13825463333
80000.0,80.0,74281.8939028267
80000.0,80.0,74767.11344396377
80000.0,80.0,75640.30590673316
80000.0,80.0,73948.93892435753
39000.0,39.0,32755.43518810908
61000.0,61.0,32864.98906665502
46000.0,46.0,35392.21628622975
43000.0,43.0,32690.218254917218
38000.0,38.0,35930.874939953865
34000.0,34.0,81491.46846937016
41000.0,41.0,78549.66257496887
38000.0,38.0,79813.62216547395
34000.0,34.0,77644.69136163077
33000.0,33.0,76560.23783706996
566000.0,566.0,4556.676789193294
566000.0,566.0,4699.013869425288
566000.0,566.0,4875.373769661125
566000.0,566.0,4695.845221263642
567000.0,567.0,4642.070939852081
28000.0,28.0,8818.862741474373
28000.0,28.0,8739.37581652738
28000.0,28.0,8730.20410195335
28000.0,28.0,8887.174326822245
28000.0,28.0,8711.901337628507
58000.0,58.0,15181.32659241306
58000.0,58.0,15655.741743941211
57000.0,57.0,15176.318893994596
57000.0,57.0,15529.65856612041
58000.0,58.0,15295.083979371288
609000.0,609.0,213.66691635075694
497000.0,497.0,220.25602134250374
683000.0,683.0,234.45594340764993
523000.0,523.0,221.12511327287612
462000.0,462.0,213.8857044250718
146000.0,146.0,15815.667777624885
147000.0,147.0,15646.889453617803
148000.0,148.0,16166.264243058347
148000.0,148.0,16171.283399617469
147000.0,147.0,16895.14966336607
2.58e6,2580.0,240.1213844753166
2.63e6,2630.0,238.02462855912663
2.33e6,2330.0,239.8898954940649
2.22e6,2220.0,244.75387987687358
2.35e6,2350.0,241.54071626506965
18000.0,18.0,9588.238586632036
18000.0,18.0,9548.367578737692
18000.0,18.0,9410.961481828032
18000.0,18.0,9685.927539502869
19000.0,19.0,9430.148520128101
997000.0,997.0,330.2534292879707
904000.0,904.0,326.96215128817806
818000.0,818.0,336.2846706913679
795000.0,795.0,335.6215293499377
928000.0,928.0,327.0537614115773
79000.0,79.0,60261.119337551274
82000.0,82.0,58105.43135504741
89000.0,89.0,57536.34749337606
90000.0,90.0,58386.41816708487
84000.0,84.0,57165.984466268084
79000.0,79.0,75554.40672580054
79000.0,79.0,72851.6403584569
79000.0,79.0,72138.1323118346
79000.0,79.0,73203.93703191135
79000.0,79.0,71673.77720038086
268000.0,268.0,8638.807252592469
266000.0,266.0,9204.779853334867
272000.0,272.0,9602.19283229449
266000.0,266.0,9230.424102674882
267000.0,267.0,8700.315627607502
2.31e6,2310.0,2147.409336203765
2.32e6,2320.0,2208.4591630395275
2.44e6,2440.0,2354.062786885269
2.45e6,2450.0,2216.8900966138985
2.31e6,2310.0,2146.7036961369954
11000.0,11.0,47636.79795520347
11000.0,11.0,47707.134632514986
11000.0,11.0,47601.68303094797
11000.0,11.0,47699.450152746525
11000.0,11.0,47620.03213907272
84000.0,84.0,22614.08721631169
84000.0,84.0,23126.499802866158
84000.0,84.0,22416.740841715327
84000.0,84.0,22984.490359528074
84000.0,84.0,22428.764337325163
865000.0,865.0,38057.94566636608
865000.0,865.0,39906.18799778554
865000.0,865.0,40947.63586095608
865000.0,865.0,39383.6841545061
865000.0,865.0,39210.28525268604
13000.0,13.0,12349.747793541059
10000.0,10.0,11853.897752560182
13000.0,13.0,12002.328651853715
15000.0,15.0,11750.641281694578
13000.0,13.0,11877.255094272916
453000.0,453.0,20088.95424310811
542000.0,542.0,20625.006752518602
582000.0,582.0,18721.76394131579
603000.0,603.0,19356.23795943847
594000.0,594.0,19769.780482489423
28000.0,28.0,38445.36409467402
28000.0,28.0,35228.24012721021
28000.0,28.0,36476.78361186745
27000.0,27.0,35911.74051163564
28000.0,28.0,35217.36238202736
30000.0,30.0,48922.39554809542
30000.0,30.0,47861.34110789256
30000.0,30.0,48213.64418229132
30000.0,30.0,48199.218470007734
30000.0,30.0,47652.85613743155
300000.0,300.0,39160.43193520219
300000.0,300.0,39036.7288263719
300000.0,300.0,42862.479745111
300000.0,300.0,40035.19996864503
300000.0,300.0,43391.743850564344
31000.0,31.0,9995.209269507444
33000.0,33.0,9958.199985307978
34000.0,34.0,10018.700930073248
31000.0,31.0,10091.360186877915
31000.0,31.0,10029.800621035454
87000.0,87.0,15058.578157098631
87000.0,87.0,14390.577978533885
86000.0,86.0,14696.168929997886
87000.0,87.0,14680.519454346337
86000.0,86.0,14478.09047805193
179000.0,179.0,8306.61280508444
177000.0,177.0,16767.361725672767
202000.0,202.0,7956.489109792658
142000.0,142.0,17307.433822610972
184000.0,184.0,17675.986352468655
190000.0,190.0,5700.2562288820955
190000.0,190.0,5683.464856200382
190000.0,190.0,6130.277690922578
190000.0,190.0,5788.809989941155
190000.0,190.0,6209.774106748595
910000.0,910.0,9490.870128097436
910000.0,910.0,9490.520753969677
910000.0,910.0,9557.900392668585
910000.0,910.0,9628.285463691367
910000.0,910.0,9536.365754375654
459000.0,459.0,818.5563447450585
438000.0,438.0,855.6813040721527
424000.0,424.0,888.9151946486224
423000.0,423.0,860.263155311363
440000.0,440.0,833.2148567713099
87000.0,87.0,8673.307500672969
77000.0,77.0,8647.758344147513
78000.0,78.0,9327.612890186578
104000.0,104.0,8808.047759560764
87000.0,87.0,9448.571814132285
4.2e6,4200.0,293.6941103688955
4.1e6,4100.0,296.97860501137757
3.1e6,3100.0,298.411955950845
3.22e6,3220.0,304.74666879697224
3.39e6,3390.0,296.63305120045055
5.11e6,5110.0,13971.866849241871
5.16e6,5160.0,14806.952018547958
5.06e6,5060.0,15266.672456868657
5.06e6,5060.0,14679.152715273172
5.06e6,5060.0,14075.640137944492
358000.0,358.0,2047.4589249442856
377000.0,377.0,2113.0177236112195
367000.0,367.0,2200.3950122518686
359000.0,359.0,2120.4771302208387
348000.0,348.0,2088.0582492037124
66000.0,66.0,31438.417649327184
66000.0,66.0,31555.22332328655
66000.0,66.0,33966.764036661945
66000.0,66.0,32398.549707324455
66000.0,66.0,34491.04167272289
86000.0,86.0,1737.734056616634
85000.0,85.0,1833.634063693096
86000.0,86.0,1670.2440342296854
86000.0,86.0,1731.5339542268728
86000.0,86.0,1686.6901561757827
59000.0,59.0,93144.15979104281
59000.0,59.0,92800.30590672485
59000.0,59.0,91461.00686731927
58000.0,58.0,94186.76309064015
58000.0,58.0,91338.12674850784
72000.0,72.0,71905.44630669581
72000.0,72.0,68270.29787574137
72000.0,72.0,68716.24884532615
71000.0,71.0,69518.77428462233
72000.0,72.0,67964.28877493629
91000.0,91.0,25346.895588225405
92000.0,92.0,25446.54606481074
92000.0,92.0,27394.699009890035
92000.0,92.0,26139.708660519787
92000.0,92.0,27815.65113606379
5.71e6,5710.0,268.96558543518756
5.74e6,5740.0,258.1063270687588
5.73e6,5730.0,264.78765851725586
5.74e6,5740.0,261.8267321178821
5.76e6,5760.0,268.2005347567405
35000.0,35.0,94627.26754694575
34000.0,34.0,93542.91642784026
34000.0,34.0,94147.69207997115
34000.0,34.0,94606.71087328135
34000.0,34.0,93289.57093023369
9.83e6,9830.0,301.3250134043119
9.89e6,9890.0,296.7269874405157
9.98e6,9980.0,306.1073432723715
9.9e6,9900.0,305.83463882924536
9.86e6,9860.0,298.20912312722845
16000.0,16.0,49318.75290486209
16000.0,16.0,43934.26350598094
16000.0,16.0,44904.018654516745
16000.0,16.0,46541.30067645357
16000.0,16.0,44259.81409289372
107000.0,107.0,64060.3441363302
108000.0,108.0,62609.742741292575
107000.0,107.0,61677.22496460826
108000.0,108.0,63132.42767768007
108000.0,108.0,61236.79247839352
30000.0,30.0,11513.335459272985
31000.0,31.0,11263.628232679872
30000.0,30.0,11346.538798146727
31000.0,31.0,11343.14386903709
31000.0,31.0,11214.563640150373
35000.0,35.0,15344.78483678384
35000.0,35.0,15512.122932548973
35000.0,35.0,15471.980630736176
35000.0,35.0,15494.215205413073
35000.0,35.0,15512.561337814623
42000.0,42.0,23578.89039045463
42000.0,42.0,23727.527303606545
42000.0,42.0,23716.0324871243
42000.0,42.0,23758.047583518553
42000.0,42.0,23717.948979461144
15000.0,15.0,91456.41746974952
15000.0,15.0,86940.99647358998
15000.0,15.0,85855.42428888475
15000.0,15.0,89107.43025601681
15000.0,15.0,84984.81113806624
82000.0,82.0,41511.846625379985
93000.0,93.0,40571.840082530114
92000.0,92.0,39967.557738389434
76000.0,76.0,40910.54598873845
80000.0,80.0,39682.15237469564
93000.0,93.0,76677.98932561043
99000.0,99.0,49445.54667650615
85000.0,85.0,73759.52389942874
85000.0,85.0,75318.4570975284
94000.0,94.0,72857.39770616298
1.96e6,1960.0,9052.741323506858
1.91e6,1910.0,9336.110134318142
1.97e6,1970.0,9962.841907996948
2.2e6,2200.0,9350.38694300852
1.91e6,1910.0,8950.596618215983
63000.0,63.0,75452.71840320904
63000.0,63.0,69583.49753573441
63000.0,63.0,70108.9108952127
63000.0,63.0,72237.69614700422
62000.0,62.0,68691.21358482484
406000.0,406.0,3276.818099015521
406000.0,406.0,3528.90272738895
406000.0,406.0,3223.5259894906685
406000.0,406.0,3301.105614723826
406000.0,406.0,3227.8877298510324
80000.0,80.0,8987.470618629335
81000.0,81.0,8898.060308067123
80000.0,80.0,8867.908518286085
80000.0,80.0,9173.447790534912
81000.0,81.0,8528.298090648701
33000.0,33.0,10251.734173669916
33000.0,33.0,10187.032218486707
33000.0,33.0,10324.704154538973
33000.0,33.0,10459.405713121692
33000.0,33.0,10307.516690909215
520000.0,520.0,3829.811402668861
512000.0,512.0,3849.7830306584874
525000.0,525.0,3838.8005238584815
503000.0,503.0,3887.2236238236314
525000.0,525.0,3889.3830374010654
9.75e6,9750.0,228.67845039255604
921000.0,921.0,8604.439517403223
834000.0,834.0,9150.43270997253
942000.0,942.0,9523.644794380118
623000.0,623.0,9149.701493700391
943000.0,943.0,8660.682097192486
195000.0,195.0,30454.466967532637
195000.0,195.0,30266.1250622252
195000.0,195.0,30567.90339235695
195000.0,195.0,30182.355556554274
195000.0,195.0,30573.47630243704
28000.0,28.0,63906.02103781234
28000.0,28.0,58974.16338331497
27000.0,27.0,60146.183885738414
28000.0,28.0,61071.52218765522
28000.0,28.0,58953.50426963735
142000.0,142.0,4413.459736616481
141000.0,141.0,5159.693703325512
142000.0,142.0,3703.2019161776702
142000.0,142.0,4388.708194170508
142000.0,142.0,3982.732219818402
41000.0,41.0,14331.49073781774
39000.0,39.0,13908.976098806843
29000.0,29.0,13973.943154961624
37000.0,37.0,14001.776526373946
36000.0,36.0,13829.299705261092
40000.0,40.0,63242.68005768213
40000.0,40.0,60045.47399069705
40000.0,40.0,60437.69928014967
40000.0,40.0,61143.54094030823
40000.0,40.0,59776.33115589136
29000.0,29.0,67468.27217846204
29000.0,29.0,66695.14094116272
29000.0,29.0,67126.3397843992
29000.0,29.0,67453.6154807699
29000.0,29.0,66514.5081972316
510000.0,510.0,9349.245147428854
510000.0,510.0,9641.895117723583
510000.0,510.0,10289.154194771443
510000.0,510.0,9656.63953376281
510000.0,510.0,9243.754903518266
56000.0,56.0,11393.240469774028
93000.0,93.0,11781.313158675275
26000.0,26.0,11587.038501723
37000.0,37.0,11799.347862244105
49000.0,49.0,11682.767977052723
25000.0,25.0,44134.17654864478
25000.0,25.0,44090.284544127724
25000.0,25.0,44219.994943057194
25000.0,25.0,44076.816818925116
25000.0,25.0,44224.4782173564
27000.0,27.0,19224.79033520395
28000.0,28.0,18756.836878479393
25000.0,25.0,18938.373454224115
23000.0,23.0,18824.248814027967
29000.0,29.0,18686.684289833807
29000.0,29.0,22839.873398140073
29000.0,29.0,21050.544650651103
30000.0,30.0,21184.16201875968
30000.0,30.0,21841.601700741256
30000.0,30.0,20743.46316493661
80000.0,80.0,15095.152690139734
81000.0,81.0,15229.475296719454
81000.0,81.0,15771.561155293755
81000.0,81.0,15784.476459815089
81000.0,81.0,16130.43491175176
73000.0,73.0,37750.277919028085
65000.0,65.0,37886.95534457721
71000.0,71.0,40737.752676179625
63000.0,63.0,38908.981699507254
70000.0,70.0,62988.449218356924
126000.0,126.0,92421.10111079029
126000.0,126.0,93301.9208029014
125000.0,125.0,91015.38604764362
125000.0,125.0,92456.31404183895
125000.0,125.0,91182.91556279034
47000.0,47.0,14897.317457804416
26000.0,26.0,14842.157126415705
35000.0,35.0,14932.330504117252
72000.0,72.0,15040.625186667781
22000.0,22.0,14948.87399165103
75000.0,75.0,11428.314727213037
76000.0,76.0,10899.288299394442
75000.0,75.0,11268.403699746905
75000.0,75.0,10978.684783601884
75000.0,75.0,11121.53076487016
160000.0,160.0,38057.94566636608
169000.0,169.0,39906.18799778554
182000.0,182.0,40947.63586095608
177000.0,177.0,39383.6841545061
174000.0,174.0,39210.28525268604
70000.0,70.0,24379.727389342384
70000.0,70.0,11679.276098746472
70000.0,70.0,12600.527492412699
70000.0,70.0,11886.42189524825
70000.0,70.0,22021.34127692099
39000.0,39.0,84000.15226040123
39000.0,39.0,82454.15850650045
40000.0,40.0,83712.4806405544
39000.0,39.0,83770.83348148022
39000.0,39.0,83584.09739538921
99000.0,99.0,76176.42125037062
100000.0,100.0,72076.62447507629
100000.0,100.0,71547.11935476762
100000.0,100.0,73512.28863063396
99000.0,99.0,71147.17287479441
58000.0,58.0,6821.111590931522
58000.0,58.0,6517.688587725982
59000.0,59.0,6739.693263501205
59000.0,59.0,6780.545263360672
58000.0,58.0,6246.31607409201
32000.0,32.0,66352.96702274012
31000.0,31.0,69582.65257645222
31000.0,31.0,75438.3315848046
32000.0,32.0,68655.40049431662
31000.0,31.0,76617.55328941182
8200.0,8.2,8411.864510094918
12000.0,12.0,8433.850388791821
7200.0,7.2,8311.318131690768
9200.0,9.2,8403.561452803871
7200.0,7.2,8356.527829287272
45000.0,45.0,13824.76069263793
65000.0,65.0,13277.905049681955
25000.0,25.0,13149.863853069528
60000.0,60.0,13420.305938184638
65000.0,65.0,12625.595119020105
234000.0,234.0,16035.811975671024
234000.0,234.0,15986.648427021093
234000.0,234.0,17247.392207121884
234000.0,234.0,16277.924248111562
234000.0,234.0,17468.392906030174
117000.0,117.0,35496.86901564575
106000.0,106.0,35617.98572693802
110000.0,110.0,38363.08646105074
108000.0,108.0,36574.542684666536
115000.0,115.0,38954.28808511863
1.7e6,1700.0,225.48868492715275
1.66e6,1660.0,225.3789849668974
1.76e6,1760.0,226.41336509055483
1.69e6,1690.0,229.20231224769572
1.93e6,1930.0,229.3898643851523
76000.0,76.0,64699.64220085065
77000.0,77.0,65018.83154651815
77000.0,77.0,65234.930124200335
77000.0,77.0,66787.33841615029
77000.0,77.0,63131.01926564128
34000.0,34.0,1180.4985135954182
37000.0,37.0,1226.4625690864195
56000.0,56.0,1262.655942298152
29000.0,29.0,1261.6813556010695
56000.0,56.0,1266.1871123998703
456000.0,456.0,2849.0648912321244
301000.0,301.0,2808.805313802341
486000.0,486.0,2331.8643556301563
571000.0,571.0,2357.1994532832405
501000.0,501.0,2404.394095867505
545000.0,545.0,5441.281989815106
544000.0,544.0,5893.483943636163
543000.0,543.0,6165.282195891203
543000.0,543.0,5879.829129777848
544000.0,544.0,5554.367733372938
115000.0,115.0,64757.15948021798
115000.0,115.0,64541.647394713866
115000.0,115.0,69668.00347498516
115000.0,115.0,65727.73489259348
115000.0,115.0,70543.20168080366
84000.0,84.0,36702.34208180109
83000.0,83.0,34846.87120881678
84000.0,84.0,35074.49576131032
84000.0,84.0,35484.124860568896
84000.0,84.0,34690.67649374628
110000.0,110.0,20437.9034536413
110000.0,110.0,19404.674171472383
110000.0,110.0,19531.42817036361
110000.0,110.0,19759.532414059802
110000.0,110.0,19317.696275090053
4.28e6,4280.0,284.94300901002447
3.64e6,3640.0,281.0300096876843
3.75e6,3750.0,282.5808859140271
3.39e6,3390.0,288.74537073607047
3.38e6,3380.0,287.51610701018257
295000.0,295.0,13812.235963351724
295000.0,295.0,15138.736934256838
295000.0,295.0,16426.399470546265
295000.0,295.0,14702.730529891045
295000.0,295.0,14228.04729372958
6500.0,6.5,19402.66948650984
15000.0,15.0,19406.63579915125
13000.0,13.0,19445.93629316986
11000.0,11.0,19412.31895956687
15000.0,15.0,19449.488654385346
583000.0,583.0,15549.76007650348
582000.0,582.0,17047.812137652807
582000.0,582.0,18483.15974435354
582000.0,582.0,16558.802505607506
583000.0,583.0,16016.470608597021
93000.0,93.0,35243.94373241307
94000.0,94.0,41503.7051901329
94000.0,94.0,29730.267120150944
93000.0,93.0,35623.18738281376
93000.0,93.0,32058.23427733589
96000.0,96.0,37322.8146547258
96000.0,96.0,54333.34989901473
96000.0,96.0,54688.26280875996
95000.0,95.0,55326.95777352347
95000.0,95.0,54089.810613796035
19000.0,19.0,33724.815786160725
20000.0,20.0,33781.882369305575
19000.0,19.0,33711.46258648661
19000.0,19.0,33793.3676972737
19000.0,19.0,33722.171451729446
4.81e6,4810.0,574.4908653901499
4.81e6,4810.0,577.1996186833948
4.8e6,4800.0,581.6099047958579
4.81e6,4810.0,595.577484263253
4.81e6,4810.0,582.0503690568846
24000.0,24.0,62823.4092086363
25000.0,25.0,64409.89249047508
25000.0,25.0,63685.0392208781
24000.0,24.0,64001.458529298776
24000.0,24.0,63894.16071087007
1.51e6,1510.0,2722.229271765878
1.02e6,1020.0,2736.849691574391
1.93e6,1930.0,2768.4697802768774
1.77e6,1770.0,2827.6751347716954
1.27e6,1270.0,2745.537839154976
37000.0,37.0,48179.08994506381
40000.0,40.0,49277.387396847254
37000.0,37.0,47824.181750976066
39000.0,39.0,48975.7115143867
37000.0,37.0,48040.42411760424
776000.0,776.0,14481.521725907269
765000.0,765.0,15376.80147800757
765000.0,765.0,15890.59599170361
784000.0,784.0,15287.775014265177
785000.0,785.0,14597.538506735214
102000.0,102.0,11517.007077030854
79000.0,79.0,10858.273757048879
122000.0,122.0,11146.264335135542
78000.0,78.0,11038.46044598059
69000.0,69.0,10988.648408538005
55000.0,55.0,45702.42206487597
55000.0,55.0,45660.7782655458
55000.0,55.0,45932.127882422705
55000.0,55.0,45782.54236962474
55000.0,55.0,45757.4494816363
13000.0,13.0,11428.461795619916
16000.0,16.0,11553.569590681282
16000.0,16.0,10910.695198793488
13000.0,13.0,11084.154323491102
14000.0,14.0,10933.27368433169
26000.0,26.0,37662.16526819348
27000.0,27.0,39165.31902646988
25000.0,25.0,38589.85389007768
25000.0,25.0,37699.92813466804
26000.0,26.0,39311.431950929466
44000.0,44.0,69039.13039076746
44000.0,44.0,65769.4676885624
44000.0,44.0,66435.15832382067
44000.0,44.0,68262.80983955026
44000.0,44.0,66381.54852773013
110000.0,110.0,40348.16838938148
110000.0,110.0,39473.076261451686
110000.0,110.0,39763.63406449226
110000.0,110.0,39751.73662852592
110000.0,110.0,39301.1307424195
95000.0,95.0,39961.53323772192
91000.0,91.0,40071.65500791332
108000.0,108.0,43187.30034531482
98000.0,98.0,41128.43465506599
96000.0,96.0,43829.46562887283
10000.0,10.0,18617.3781091165
11000.0,11.0,17049.058178140036
8300.0,8.3,17207.45267737545
15000.0,15.0,17539.829952758602
17000.0,17.0,16816.415970326045
28000.0,28.0,32081.335744932047
30000.0,30.0,32460.179602179578
28000.0,28.0,32127.682584755683
28000.0,28.0,32459.705672451895
29000.0,29.0,32309.806215500525
62000.0,62.0,13421.584308752623
62000.0,62.0,13639.879204343812
62000.0,62.0,13372.477769447107
62000.0,62.0,13638.401725134781
62000.0,62.0,13435.692430435593
13000.0,13.0,47746.203687824775
24000.0,24.0,47629.82516842934
19000.0,19.0,47843.19038960121
13000.0,13.0,47456.41045254281
57000.0,57.0,47765.04140840192
3.97e6,3970.0,457.0543225853349
3.96e6,3960.0,461.60922832957226
3.93e6,3930.0,459.0470171672771
3.92e6,3920.0,469.60515320119697
3.93e6,3930.0,460.6209555187895
2.59e6,2590.0,3368.708390966038
2.58e6,2580.0,3567.0065458999634
2.59e6,2590.0,3682.0483015708855
2.59e6,2590.0,3554.457735694472
2.59e6,2590.0,3433.3196624797847
259000.0,259.0,5262.6874079144
259000.0,259.0,5246.552747019091
259000.0,259.0,5660.307936105187
259000.0,259.0,5342.1446383563325
259000.0,259.0,5732.836698418532
21000.0,21.0,7549.418746793553
20000.0,20.0,7546.082377216133
21000.0,21.0,7564.983835087149
20000.0,20.0,7539.31298469429
21000.0,21.0,7565.233188827272
37000.0,37.0,61164.21911684697
36000.0,36.0,61576.38828951538
36000.0,36.0,61496.98034990687
36000.0,36.0,61662.03464894774
38000.0,38.0,61545.8070118285
2.38e6,2380.0,226.5252590627844
2.38e6,2380.0,225.97725257826784
2.39e6,2390.0,226.49462770664437
2.39e6,2390.0,229.1539483154324
2.38e6,2380.0,230.31084781316923
200000.0,200.0,40096.67804833867
202000.0,202.0,40233.813226957565
177000.0,177.0,43341.83618883429
254000.0,254.0,58302.52363283592
209000.0,209.0,43995.56512470945
67000.0,67.0,54681.10606995261
67000.0,67.0,51738.1820173997
67000.0,67.0,51358.09162757924
67000.0,67.0,52768.73323892344
67000.0,67.0,51071.00127160361
69000.0,69.0,13514.180113229122
69000.0,69.0,13551.42106261666
69000.0,69.0,14605.069129824466
69000.0,69.0,13908.802507584207
69000.0,69.0,14822.2364054853
46000.0,46.0,32044.013529728138
45000.0,45.0,31919.321095310046
49000.0,49.0,35068.88655998243
47000.0,47.0,32716.809768656683
46000.0,46.0,35482.793698305744
53000.0,53.0,55493.603788867506
53000.0,53.0,56481.93230916447
52000.0,52.0,55558.24711237742
52000.0,52.0,56274.78224755494
52000.0,52.0,55579.14150197603
1.18e6,1180.0,2000.2287829383604
1.07e6,1070.0,2121.2282319175306
1.16e6,1160.0,2205.262803966554
1.02e6,1020.0,2125.9050595550775
1.03e6,1030.0,2035.6100047704651
145000.0,145.0,18978.460847591297
145000.0,145.0,19048.973044952538
145000.0,145.0,20504.750225651293
145000.0,145.0,19558.064721885155
145000.0,145.0,20821.24142760156
25000.0,25.0,37565.370607084835
20000.0,20.0,37685.43195594256
21000.0,21.0,40584.75309834763
21000.0,21.0,38678.129046477516
21000.0,21.0,33763.69747808567
46000.0,46.0,35664.825616361704
46000.0,46.0,34796.70283636479
46000.0,46.0,35133.47999772978
46000.0,46.0,34921.76193370114
45000.0,45.0,34666.55942273289
64000.0,64.0,56047.703032655954
64000.0,64.0,54042.739281523754
64000.0,64.0,53513.445374768235
64000.0,64.0,54304.07968758148
64000.0,64.0,53168.977877552534
250000.0,250.0,9364.530835203808
250000.0,250.0,10949.587268021278
250000.0,250.0,7854.256770393338
250000.0,250.0,9311.67772724502
250000.0,250.0,8449.487195234857
46000.0,46.0,20140.92856845973
27000.0,27.0,19402.027441029793
37000.0,37.0,19867.091692256614
43000.0,43.0,19800.559031062683
49000.0,49.0,19546.959266750873
441000.0,441.0,3668.6115468648222
421000.0,421.0,3905.444766647709
452000.0,452.0,4019.2864866335112
439000.0,439.0,3875.811558588502
434000.0,434.0,3741.438597585737
4.08e6,4080.0,234.40504841469422
5.06e6,5060.0,232.35820792557143
3.6e6,3600.0,234.17907026628257
4.24e6,4240.0,238.92726250760205
5.04e6,5040.0,235.79059155413827
148000.0,148.0,44753.64267784201
145000.0,145.0,41828.45690231287
141000.0,141.0,41903.83119219523
143000.0,143.0,43623.65127548665
161000.0,161.0,42052.51510837538
13000.0,13.0,9429.144381508917
13000.0,13.0,9480.17175968513
13000.0,13.0,9333.997352581877
13000.0,13.0,9491.064080414708
13000.0,13.0,9357.356024373066
17000.0,17.0,77237.52190051816
17000.0,17.0,77758.00472463267
17000.0,17.0,77657.7292275668
17000.0,17.0,74492.1843908697
17000.0,17.0,77719.3870141609
11000.0,11.0,103844.32045360224
11000.0,11.0,103410.46800521183
11000.0,11.0,102919.37834539173
11000.0,11.0,103061.93576580622
11000.0,11.0,102975.07049632665
210000.0,210.0,36045.516438048544
210000.0,210.0,36170.91623161513
210000.0,210.0,38971.65319394674
210000.0,210.0,37152.0846349313
210000.0,210.0,39565.000984951614
12000.0,12.0,8158.516237223954
8900.0,8.9,8193.331623212849
8700.0,8.7,8080.127075443339
10000.0,10.0,8194.282904192505
11000.0,11.0,8094.558410192553
48000.0,48.0,52420.26189030533
48000.0,48.0,51885.80754320611
49000.0,49.0,51426.67980456038
48000.0,48.0,53179.17074009748
51000.0,51.0,51476.894936855635
918000.0,918.0,264.27146309121775
923000.0,923.0,265.2841694689624
838000.0,838.0,266.755905990431
1.02e6,1020.0,272.5583415816053
866000.0,866.0,266.58566151974406
55000.0,55.0,43293.76921471195
55000.0,55.0,43470.40519286157
55000.0,55.0,46807.06742990195
55000.0,55.0,44678.89778817448
55000.0,55.0,47535.51437987601
34000.0,34.0,45108.35677755124
30000.0,30.0,45184.01841305337
27000.0,27.0,45520.69761407769
44000.0,44.0,44220.71234306785
38000.0,38.0,45558.56293814154
735000.0,735.0,41899.84827551421
735000.0,735.0,49322.591616507656
734000.0,734.0,35345.75021160453
735000.0,735.0,42336.89935717392
735000.0,735.0,38108.6030999636
40000.0,40.0,28272.26890298382
40000.0,40.0,28323.30409725985
40000.0,40.0,28426.22511074797
40000.0,40.0,28496.89822432981
40000.0,40.0,28365.72184832999
120000.0,120.0,33601.62418775414
120000.0,120.0,33743.6098827227
121000.0,121.0,36326.02827321037
120000.0,120.0,34672.74188436479
120000.0,120.0,36884.16758094772
34000.0,34.0,10093.303755294672
35000.0,35.0,10301.073150717524
35000.0,35.0,10280.33850888453
34000.0,34.0,10362.458264944082
35000.0,35.0,10288.654738894773
15000.0,15.0,12437.085281391712
15000.0,15.0,12434.68978436414
14000.0,14.0,12462.954410953958
15000.0,15.0,12437.534077945103
14000.0,14.0,12467.676098859203
58000.0,58.0,15200.124712482533
58000.0,58.0,14846.978673646981
58000.0,58.0,14608.377283867527
58000.0,58.0,14962.775813266071
58000.0,58.0,14495.446341541645
19000.0,19.0,44754.19136275585
19000.0,19.0,44586.93306091747
19000.0,19.0,44837.000630734314
19000.0,19.0,44392.16566626841
18000.0,18.0,44747.78549904618
3.47e6,3470.0,334.99166527704375
3.55e6,3550.0,331.6531664144661
3.54e6,3540.0,341.1094385451909
3.5e6,3500.0,340.4367829341388
3.51e6,3510.0,331.7460908932821
45000.0,45.0,43208.98090358141
45000.0,45.0,43231.405268290466
45000.0,45.0,43189.10349601645
45000.0,45.0,43209.57372873587
45000.0,45.0,43181.681265872634
26000.0,26.0,10449.301861907825
26000.0,26.0,9760.894428430047
26000.0,26.0,10167.305449781206
26000.0,26.0,9764.654706518404
26000.0,26.0,9936.542327407346
81000.0,81.0,19223.16664753219
81000.0,81.0,21068.59590054771
81000.0,81.0,22855.136504731803
80000.0,80.0,20469.602983421217
80000.0,80.0,19806.719549872847
125000.0,125.0,17767.81025838667
138000.0,138.0,17827.23650370736
133000.0,133.0,14807.78103604709
171000.0,171.0,18297.988315073086
159000.0,159.0,19490.2911435803
40000.0,40.0,17400.430618421582
39000.0,39.0,16701.792526416033
39000.0,39.0,16910.927288353258
39000.0,39.0,16842.298620224272
39000.0,39.0,16734.70233240542
15000.0,15.0,11015.933608843572
13000.0,13.0,10567.481177088039
14000.0,14.0,10613.223641329052
13000.0,13.0,11096.23287357715
14000.0,14.0,10711.615570567159
354000.0,354.0,4117.381153925533
354000.0,354.0,4215.127489681571
355000.0,355.0,4376.465978254437
355000.0,355.0,4217.470959821689
355000.0,355.0,4189.351851143532
35000.0,35.0,13136.323723828637
33000.0,33.0,13504.673098626334
28000.0,28.0,13322.046407544623
48000.0,48.0,13465.374994811296
40000.0,40.0,13388.25873563573
116000.0,116.0,46734.31649236926
116000.0,116.0,46931.795172833394
117000.0,117.0,50523.51317141601
116000.0,116.0,48224.06452223454
117000.0,117.0,51299.79288066101
18000.0,18.0,44663.404616855354
18000.0,18.0,42319.791135796535
18000.0,18.0,43123.055015810314
18000.0,18.0,42550.31837720468
18000.0,18.0,42729.30926804832
63000.0,63.0,89628.6633387161
63000.0,63.0,83982.97662268668
63000.0,63.0,85404.59719775441
63000.0,63.0,87590.30629735196
63000.0,63.0,84201.54196697775
253000.0,253.0,14566.62770952767
254000.0,254.0,15963.215460514002
254000.0,254.0,17321.610026138314
254000.0,254.0,15502.486841488528
253000.0,253.0,15007.291331317538
66000.0,66.0,8761.99789551697
66000.0,66.0,8734.895662412115
66000.0,66.0,9419.864094578708
66000.0,66.0,8891.949251511507
66000.0,66.0,9540.172418654553
60000.0,60.0,31401.45038996579
60000.0,60.0,31947.91233970939
60000.0,60.0,31543.920746941112
60000.0,60.0,31719.10725849535
60000.0,60.0,31620.183610098196
321000.0,321.0,2509.1957187845705
313000.0,313.0,2687.557717936409
372000.0,372.0,2819.7147803235307
308000.0,308.0,2685.2095716760937
287000.0,287.0,2525.866587916705
52000.0,52.0,108253.44110452732
52000.0,52.0,99974.87965154545
52000.0,52.0,103401.3354506277
52000.0,52.0,102315.70863072625
52000.0,52.0,100949.68626702086
36000.0,36.0,37432.92806625486
35000.0,35.0,38960.62780125703
37000.0,37.0,38524.78296977309
36000.0,36.0,37326.66680398874
37000.0,37.0,39064.07447360834
324000.0,324.0,49701.7382574288
324000.0,324.0,58538.039324936326
324000.0,324.0,41940.168154075036
323000.0,323.0,50271.395370162616
324000.0,324.0,45232.96142178144
25000.0,25.0,69971.76918827684
25000.0,25.0,68268.57603538048
25000.0,25.0,68929.30809829298
25000.0,25.0,68513.93280195609
25000.0,25.0,68013.24421354625
33000.0,33.0,8139.236011977657
33000.0,33.0,8324.779204711522
32000.0,32.0,8079.27884886895
33000.0,33.0,8273.814954260384
32000.0,32.0,8115.810208423112
208000.0,208.0,19291.940406619582
209000.0,209.0,21155.064698194346
208000.0,208.0,22939.117097838076
208000.0,208.0,20558.53775852909
207000.0,207.0,19876.406201156322
41000.0,41.0,14976.437314348483
41000.0,41.0,15478.007482382416
41000.0,41.0,15008.19983626336
41000.0,41.0,15449.130346690232
41000.0,41.0,15114.449311243112
129000.0,129.0,41656.501556676645
129000.0,129.0,41512.37122311196
129000.0,129.0,45598.177870341104
129000.0,129.0,42559.04364238439
129000.0,129.0,46139.37314367926
19000.0,19.0,41575.163468360384
19000.0,19.0,41351.581501592154
20000.0,20.0,41553.48301363878
19000.0,19.0,41018.32515164736
19000.0,19.0,41622.04500125409
255000.0,255.0,10355.769970078334
255000.0,255.0,11429.125796412387
255000.0,255.0,12405.63577124357
255000.0,255.0,11223.233388306655
255000.0,255.0,10777.440000772742
1.31e6,1310.0,4267.789720711792
1.31e6,1310.0,4292.657928824544
1.31e6,1310.0,4456.834416842948
1.31e6,1310.0,4295.184825891811
1.31e6,1310.0,4343.566082223829
34000.0,34.0,18690.660930827555
33000.0,33.0,18823.66638335254
34000.0,34.0,18569.755175149196
34000.0,34.0,18958.87231692095
34000.0,34.0,18569.12317857074
51000.0,51.0,51382.91143336371
51000.0,51.0,52135.353782849554
51000.0,51.0,51594.51018138788
51000.0,51.0,51583.84569671653
51000.0,51.0,51632.45829560804
12000.0,12.0,67693.54461185976
12000.0,12.0,67764.84094124992
12000.0,12.0,67671.1744326953
12000.0,12.0,67741.55842936835
12000.0,12.0,67685.32869676595
28000.0,28.0,11226.56481459147
28000.0,28.0,10709.111844188705
28000.0,28.0,10723.251998479573
28000.0,28.0,10958.410482379444
28000.0,28.0,10557.374438740511
220000.0,220.0,36409.613783485445
221000.0,221.0,36523.43953343035
221000.0,221.0,39345.86486091234
221000.0,221.0,37498.2985528422
220000.0,220.0,39939.379919626685
43000.0,43.0,31840.124531482816
51000.0,51.0,20396.291052456683
43000.0,43.0,30652.7274807396
47000.0,47.0,30661.581481835965
50000.0,50.0,30276.30971465198
55000.0,55.0,47512.85451456248
61000.0,61.0,47469.56105899464
72000.0,72.0,47751.65978126698
72000.0,72.0,47596.14866422015
56000.0,56.0,47570.06175935865
44000.0,44.0,11426.278899776187
44000.0,44.0,10325.251303759993
44000.0,44.0,10713.42704979999
44000.0,44.0,10972.541123350236
44000.0,44.0,10690.192357525786
536000.0,536.0,2428.171651579948
501000.0,501.0,2439.0513161870235
580000.0,580.0,2451.8457168273794
501000.0,501.0,2477.0609121485363
399000.0,399.0,2469.9003412858146
33000.0,33.0,41170.66621303927
33000.0,33.0,41773.56223335164
32000.0,32.0,41340.21015640453
33000.0,33.0,41331.665215557645
33000.0,33.0,41370.6161630007
545000.0,545.0,9784.82408977073
520000.0,520.0,20001.197327321464
593000.0,593.0,9458.464831081414
661000.0,661.0,9782.498950204217
601000.0,601.0,9631.33922797029
75000.0,75.0,60686.84520975951
75000.0,75.0,57502.437084660014
75000.0,75.0,58593.87987025077
75000.0,75.0,57815.66826656343
75000.0,75.0,58058.873919597885
67000.0,67.0,35922.132152091945
67000.0,67.0,36021.12256765248
67000.0,67.0,38821.83151151095
67000.0,67.0,36971.08056638174
66000.0,66.0,39399.085293097116
70000.0,70.0,11398.515981413135
70000.0,70.0,11501.75937672974
70000.0,70.0,11220.360346870106
70000.0,70.0,11391.52560782568
70000.0,70.0,11279.085226684447
192000.0,192.0,3849.958149301599
214000.0,214.0,4502.577756751214
190000.0,190.0,3230.1548451848803
206000.0,206.0,3830.972175391847
203000.0,203.0,3474.7147669921565
71000.0,71.0,8869.352810671286
67000.0,67.0,8458.782910691243
70000.0,70.0,8745.248132530345
65000.0,65.0,8520.401394883484
105000.0,105.0,8631.262132944714
2000.0,2.0,31841.785337627873
2000.0,2.0,31874.098477059844
2000.0,2.0,31706.7502665119
2000.0,2.0,31427.06581440309
2000.0,2.0,31752.566191264676
90000.0,90.0,65026.54031866616
90000.0,90.0,65214.46331249487
90000.0,90.0,70319.82057876371
90000.0,90.0,66981.23999519476
90000.0,90.0,71365.80863894409
458000.0,458.0,5587.165763738158
450000.0,450.0,6063.21549793754
440000.0,440.0,6357.396801059146
400000.0,400.0,6066.50500988229
444000.0,444.0,5706.589920677302
173000.0,173.0,21672.250756416724
174000.0,174.0,25519.092834013532
174000.0,174.0,18273.567965234317
173000.0,173.0,21899.1907245318
173000.0,173.0,19708.779054875966
28000.0,28.0,75412.62461213606
28000.0,28.0,73107.1247790127
28000.0,28.0,74566.58696345375
28000.0,28.0,73813.81151981499
28000.0,28.0,73590.66395611352
102000.0,102.0,42785.30850931456
102000.0,102.0,43889.66717475232
102000.0,102.0,43284.10055940889
102000.0,102.0,43490.653933448484
102000.0,102.0,43531.46162843943
48000.0,48.0,48929.122143674336
48000.0,48.0,49089.812672010434
48000.0,48.0,52882.74587389543
48000.0,48.0,50399.32502721529
48000.0,48.0,53695.52840059952
90000.0,90.0,29930.294504711455
90000.0,90.0,29990.25166058935
90000.0,90.0,32284.570774461296
90000.0,90.0,30762.46731817252
90000.0,90.0,32753.542522958283
17000.0,17.0,10850.152734981471
35000.0,35.0,10435.596092033311
15000.0,15.0,10251.976714720036
18000.0,18.0,10476.80023854958
57000.0,57.0,10093.389293648464
300000.0,300.0,5813.004422740739
300000.0,300.0,5870.815872396338
300000.0,300.0,6334.251805591563
300000.0,300.0,6089.010019045368
300000.0,300.0,6444.6193016218895
35000.0,35.0,17280.265996321494
35000.0,35.0,16596.451077211674
35000.0,35.0,16824.36113358349
35000.0,35.0,16745.1867444064
35000.0,35.0,16658.931593511254
30000.0,30.0,34421.89819793483
30000.0,30.0,34328.1800002218
31000.0,31.0,34781.69714263994
30000.0,30.0,33646.292448031294
30000.0,30.0,34751.67384897803
16000.0,16.0,39478.76408463082
16000.0,16.0,39368.50144250587
16000.0,16.0,39554.57583638223
16000.0,16.0,39207.351512160305
16000.0,16.0,39479.12393257459
115000.0,115.0,37917.12433805526
114000.0,114.0,38061.60757378188
114000.0,114.0,40984.89851702117
114000.0,114.0,39086.29545928887
114000.0,114.0,41608.342881654076
27000.0,27.0,9196.54806927592
26000.0,26.0,9310.974909816112
26000.0,26.0,9317.672899008205
23000.0,23.0,9267.120817586618
24000.0,24.0,9301.654182577617
16000.0,16.0,30500.91249524454
16000.0,16.0,30654.645040460615
16000.0,16.0,30195.28341134262
17000.0,17.0,30680.32809000092
16000.0,16.0,30264.429196085635
430000.0,430.0,38057.94566636608
430000.0,430.0,39906.18799778554
430000.0,430.0,40947.63586095608
430000.0,430.0,39383.6841545061
430000.0,430.0,39210.28525268604
99000.0,99.0,16456.723906399315
99000.0,99.0,15615.348320516912
99000.0,99.0,15698.577744281429
99000.0,99.0,15892.25402757503
99000.0,99.0,15517.567650877481
5300.0,5.3,23650.3477292925
6300.0,6.3,23623.598337287272
9200.0,9.2,23687.569539954035
5600.0,5.6,23598.19628820107
7300.0,7.3,23682.196296892413
107000.0,107.0,49824.80479132031
108000.0,108.0,46014.50828583103
119000.0,119.0,47591.5712371188
109000.0,109.0,47091.899874934716
111000.0,111.0,46463.17346293567
265000.0,265.0,18123.015370618374
265000.0,265.0,18197.40235996438
265000.0,265.0,19594.528576068482
265000.0,265.0,18692.67804914055
265000.0,265.0,19892.563228286363
85000.0,85.0,22553.77409901579
85000.0,85.0,22479.20494131969
85000.0,85.0,24677.704997957975
85000.0,85.0,23041.60190372737
84000.0,84.0,24977.58881261862
24000.0,24.0,8731.636105931073
24000.0,24.0,8826.856428302624
23000.0,23.0,8804.01427211653
24000.0,24.0,8816.666402277613
24000.0,24.0,8827.105893856376
58000.0,58.0,7626.0396157995165
62000.0,62.0,7826.012143212941
66000.0,66.0,7689.045442099606
63000.0,63.0,7782.1567390671225
65000.0,65.0,7717.2374695045955
83000.0,83.0,42190.74505966559
83000.0,83.0,39177.287042274016
83000.0,83.0,41134.25236638033
83000.0,83.0,40277.78140389407
83000.0,83.0,40497.762616991145
169000.0,169.0,19009.69662727854
156000.0,156.0,20442.86877018948
179000.0,179.0,21214.69890966049
156000.0,156.0,20411.70808937912
148000.0,148.0,19402.702425378182
32000.0,32.0,51282.408504340994
31000.0,31.0,48908.50211231766
32000.0,32.0,50564.83790617226
32000.0,32.0,49264.778871763156
32000.0,32.0,49905.773291278005
42000.0,42.0,26301.17902833224
42000.0,42.0,25336.279581382012
42000.0,42.0,25943.58713870826
42000.0,42.0,25856.704975984478
42000.0,42.0,25525.539867085125
22000.0,22.0,54472.14816133747
26000.0,26.0,54644.53643023481
26000.0,26.0,54888.862005747265
17000.0,17.0,54559.62724454797
16000.0,16.0,54832.679271165296
40000.0,40.0,16397.196869731615
40000.0,40.0,15525.481134682954
40000.0,40.0,16088.615409170887
40000.0,40.0,15585.753727669535
40000.0,40.0,15712.31933913151
57000.0,57.0,13120.134203722473
86000.0,86.0,12995.217144555958
84000.0,84.0,12632.260305521499
58000.0,58.0,13383.300287137052
72000.0,72.0,12807.785525748643
5.44e6,5440.0,230.8096912800031
6.1e6,6100.0,228.7942456887543
5.91e6,5910.0,230.58717923504642
6.9e6,6900.0,235.26254264026713
7.35e6,7350.0,232.1739826484401
82000.0,82.0,66352.96702274012
82000.0,82.0,69582.65257645222
81000.0,81.0,75438.3315848046
81000.0,81.0,68655.40049431662
82000.0,82.0,76617.55328941182
45000.0,45.0,34321.62668656804
45000.0,45.0,33829.753971533595
45000.0,45.0,34206.981138291536
45000.0,45.0,33801.81099478291
45000.0,45.0,34101.052292289125
382000.0,382.0,8416.038997707883
382000.0,382.0,8950.077268515917
382000.0,382.0,9315.117600362892
381000.0,381.0,8949.362062760836
381000.0,381.0,8471.05010492536
31000.0,31.0,13238.77632644213
26000.0,26.0,13119.451459835347
26000.0,26.0,13105.682986355834
34000.0,34.0,13341.32490049715
29000.0,29.0,13078.207084966338
70000.0,70.0,65761.14020581194
70000.0,70.0,63286.701790611325
70000.0,70.0,63372.00616432415
70000.0,70.0,64669.31163084481
70000.0,70.0,62634.12282655901
108000.0,108.0,41509.126176240636
108000.0,108.0,41651.0920873725
108000.0,108.0,44868.598463528244
108000.0,108.0,42775.09972056857
108000.0,108.0,45545.355696423896
39000.0,39.0,43423.520664637836
38000.0,38.0,43536.43320716261
36000.0,36.0,46920.88097840136
37000.0,37.0,44687.77180449653
38000.0,38.0,47636.07247228081
39000.0,39.0,8752.954431856953
38000.0,38.0,8856.316805719465
36000.0,36.0,8765.599534301007
31000.0,31.0,8856.187500464122
47000.0,47.0,8815.289480304134
1.58e6,1580.0,724.7910537963022
1.88e6,1880.0,722.0657932990658
1.61e6,1610.0,730.9650972960306
1.82e6,1820.0,732.7171266997265
1.62e6,1620.0,735.2656013080491
11000.0,11.0,98483.82746550284
12000.0,12.0,85046.13284890265
12000.0,12.0,98699.84434518674
12000.0,12.0,98508.16925717176
11000.0,11.0,98711.97376332192
218000.0,218.0,30184.827431138106
218000.0,218.0,32348.00766592352
218000.0,218.0,33255.212748616956
218000.0,218.0,32022.48796773253
219000.0,219.0,30836.135102071334
23000.0,23.0,36243.22100675867
22000.0,22.0,36254.99832343931
22000.0,22.0,36320.134331744324
23000.0,23.0,36276.84999213858
23000.0,23.0,36332.302156720834
31000.0,31.0,32802.41906934722
30000.0,30.0,38610.973210934135
28000.0,28.0,27630.18098334462
30000.0,30.0,33140.34536357861
29000.0,29.0,29781.775873344624
7300.0,7.3,49221.94309541489
7300.0,7.3,49066.78708028973
7200.0,7.2,49302.85440028624
7300.0,7.3,48854.072480431765
7300.0,7.3,49221.741240836694
96000.0,96.0,25643.519957483488
96000.0,96.0,25710.543780616918
96000.0,96.0,25337.00490863016
96000.0,96.0,25618.20813569945
96000.0,96.0,25474.826408393543
35000.0,35.0,36934.18084117289
35000.0,35.0,35902.38327042147
35000.0,35.0,36535.06295627803
35000.0,35.0,37002.93503758195
35000.0,35.0,36890.92020084302
28000.0,28.0,10615.746777615013
28000.0,28.0,10634.909608197871
28000.0,28.0,10673.554664278601
28000.0,28.0,10700.091193070997
28000.0,28.0,10650.836738269454
60000.0,60.0,18342.82697697136
60000.0,60.0,17781.277137521607
60000.0,60.0,17716.35705140118
60000.0,60.0,18166.676294149693
60000.0,60.0,17907.510639573233
66000.0,66.0,29824.009728345674
66000.0,66.0,29947.42821594132
66000.0,66.0,29610.18867748171
66000.0,66.0,29733.658081421912
66000.0,66.0,29642.32487472058
1.26e6,1260.0,3820.9045986969536
1.42e6,1420.0,3833.4030480142783
1.38e6,1380.0,3813.7157081027267
1.48e6,1480.0,3859.6222356276708
1.3e6,1300.0,3878.0893386549774
409000.0,409.0,3314.2797572653035
544000.0,544.0,3502.588164833934
402000.0,402.0,3607.2744947838237
374000.0,374.0,3480.291080948744
749000.0,749.0,3375.889898571068
108000.0,108.0,15040.523519636175
112000.0,112.0,14303.920973740462
145000.0,145.0,14293.019508094902
110000.0,110.0,14713.235716395257
109000.0,109.0,14147.472375132056
73000.0,73.0,12233.009353686788
73000.0,73.0,12273.704304383318
73000.0,73.0,13197.580892081844
73000.0,73.0,12601.175787948945
73000.0,73.0,13392.419261761177
20000.0,20.0,58430.66795491437
19000.0,19.0,58451.93024863071
20000.0,20.0,58394.00037947461
19000.0,19.0,58426.5765981578
19000.0,19.0,58405.43426050521
3.35e6,3350.0,397.4987010392731
3.35e6,3350.0,398.9600397567137
3.35e6,3350.0,395.45999639056004
3.35e6,3350.0,400.59197693033144
3.35e6,3350.0,403.75956660206106
26000.0,26.0,9981.734225761595
25000.0,25.0,10032.044766747404
26000.0,26.0,9881.713995624294
25000.0,25.0,10040.449806257564
25000.0,25.0,9904.34265784035
7.79e6,7790.0,10625.943839278578
7.79e6,7790.0,10587.329169726321
7.81e6,7810.0,10724.146516567824
7.81e6,7810.0,10528.672929823404
7.81e6,7810.0,10639.413751941087
43000.0,43.0,12794.011596018474
43000.0,43.0,12226.46783846451
43000.0,43.0,12486.102854193115
43000.0,43.0,12472.806806527215
43000.0,43.0,12300.81987369319
107000.0,107.0,48070.25505006193
107000.0,107.0,49189.112778764116
107000.0,107.0,47736.49927152715
107000.0,107.0,48913.69225758095
107000.0,107.0,47790.48492498971
62000.0,62.0,14254.530697439557
72000.0,72.0,13945.370998285887
73000.0,73.0,14048.021633696455
61000.0,61.0,14043.818410279555
61000.0,61.0,13884.624679997574
313000.0,313.0,35570.27183734836
320000.0,320.0,35680.19433716335
272000.0,272.0,38401.86272251298
283000.0,283.0,36646.45681160086
317000.0,317.0,38960.74118013697
13000.0,13.0,39010.35145826629
13000.0,13.0,38802.94004448425
13000.0,13.0,38788.912803028856
13000.0,13.0,38466.22916275501
13000.0,13.0,38702.09131644289
50000.0,50.0,40086.46627503558
50000.0,50.0,39959.83793476478
50000.0,50.0,43876.05712852861
50000.0,50.0,40981.920118065435
50000.0,50.0,44417.83684507895
7600.0,7.6,10554.057130181529
7600.0,7.6,10606.857976355763
7000.0,7.0,10449.813329587252
6600.0,6.6,10605.703364882242
6900.0,6.9,10470.049188779009
110000.0,110.0,1744.295424739214
110000.0,110.0,1840.5575328212883
110000.0,110.0,1676.55057228791
110000.0,110.0,1738.0719118891345
110000.0,110.0,1693.0587918028873
247000.0,247.0,24416.10385966133
247000.0,247.0,26760.05650458462
248000.0,248.0,29029.21234873169
247000.0,247.0,25999.25192207639
247000.0,247.0,25157.29746903917
116000.0,116.0,45617.1723241746
116000.0,116.0,45809.930444399884
116000.0,116.0,49315.79147283571
116000.0,116.0,47071.309191867076
116000.0,116.0,50073.51487452858
1.02e6,1020.0,568.5152713540784
1.02e6,1020.0,570.0913697825349
1.02e6,1020.0,573.1321423830339
1.02e6,1020.0,586.5617599615301
1.03e6,1030.0,575.6623998052155
605000.0,605.0,8567.063250268742
666000.0,666.0,9110.684738396665
641000.0,641.0,9482.275651020032
578000.0,578.0,9109.956698407495
571000.0,571.0,8623.061521560943
2.32e6,2320.0,173.75692561733763
2.53e6,2530.0,184.85749314203798
1.86e6,1860.0,192.10773277895686
1.88e6,1880.0,184.91701496733845
1.82e6,1820.0,176.9621956266396
209000.0,209.0,29579.975976781272
182000.0,182.0,29558.0390455054
228000.0,228.0,32028.284147909864
224000.0,224.0,30242.097558465804
163000.0,163.0,32461.742982809923
21000.0,21.0,46368.528342979815
23000.0,23.0,46489.720599260145
20000.0,20.0,45814.28884099763
26000.0,26.0,46322.75959018177
25000.0,25.0,46063.49722302345
2.72e6,2720.0,691.2635980651721
3.35e6,3350.0,702.2869279331212
2.86e6,2860.0,712.594618440568
3.33e6,3330.0,714.665674379535
3.91e6,3910.0,701.4701078451701
10000.0,10.0,66524.61882756982
10000.0,10.0,66407.1258663365
10000.0,10.0,66681.37137088452
10000.0,10.0,67348.97454454034
10000.0,10.0,66734.97840896006
91000.0,91.0,32615.982976267216
91000.0,91.0,31585.98340046727
92000.0,92.0,31791.298708527178
92000.0,92.0,32268.5424274843
91000.0,91.0,31344.673585972127
394000.0,394.0,18015.697805620068
394000.0,394.0,19729.372914179352
331000.0,331.0,21416.635413502263
394000.0,394.0,19158.217536408083
402000.0,402.0,18554.937705102293
1.54e6,1540.0,2471.2613271596715
1.55e6,1550.0,2646.926823254306
1.54e6,1540.0,2777.0859156452834
1.54e6,1540.0,2644.614176616107
1.54e6,1540.0,2487.6801636290493
18000.0,18.0,6848.140784082386
15000.0,15.0,6804.232131379934
16000.0,16.0,6747.202357430908
17000.0,17.0,6829.233142110647
16000.0,16.0,6751.756068345243
153000.0,153.0,69162.01682104694
128000.0,128.0,68747.4483518465
68000.0,68.0,70209.12188268533
59000.0,59.0,70372.24274359415
71000.0,71.0,67336.90397537545
22000.0,22.0,49415.82168149997
17000.0,17.0,49258.308511963274
15000.0,15.0,49493.34048731636
15000.0,15.0,49092.15390987157
18000.0,18.0,49413.129156417075
26000.0,26.0,38366.055360425366
26000.0,26.0,40143.789599042866
26000.0,26.0,39140.2140003238
26000.0,26.0,38413.72399699784
26000.0,26.0,39875.10232943995
50000.0,50.0,16448.177598112758
51000.0,51.0,16715.698415986983
50000.0,50.0,16387.997438964252
50000.0,50.0,16713.887762351125
51000.0,51.0,16465.46712859434
17000.0,17.0,56323.483485533325
17000.0,17.0,56161.49456484359
17000.0,17.0,56429.55049612343
17000.0,17.0,55967.22166101373
18000.0,18.0,56333.198627402424
234000.0,234.0,817.0635407200501
234000.0,234.0,854.1207951309617
234000.0,234.0,887.2940769467302
234000.0,234.0,858.6942904322876
234000.0,234.0,831.6953199674357
102000.0,102.0,11841.815493503824
102000.0,102.0,11422.578388041458
102000.0,102.0,11484.996865901427
102000.0,102.0,11929.612198266006
102000.0,102.0,11610.081685534247
59000.0,59.0,28996.710134665573
59000.0,59.0,29092.142251875423
59000.0,59.0,31341.43908531733
59000.0,59.0,29864.18963066513
59000.0,59.0,31819.58586121833
53000.0,53.0,15421.579221240692
58000.0,58.0,15672.402965182508
52000.0,52.0,15365.155153205205
53000.0,53.0,15670.705321883046
58000.0,58.0,15437.78964105343
120000.0,120.0,58803.405921330464
120000.0,120.0,58973.34441158243
120000.0,120.0,63590.11156897096
120000.0,120.0,60571.03799847805
120000.0,120.0,64535.99705188658
3.94e6,3940.0,224.19308091485487
3.25e6,3250.0,226.19324756465608
3.51e6,3510.0,227.9724255186865
3.36e6,3360.0,232.58041248391598
3.47e6,3470.0,225.45717493865936
1.22e6,1220.0,2346.747238164495
1.33e6,1330.0,2785.8787969459863
1.22e6,1220.0,2811.5316329118004
1.67e6,1670.0,2870.199055897795
1.14e6,1140.0,2849.1256182893653
77000.0,77.0,14964.12459411811
78000.0,78.0,15068.088752546731
78000.0,78.0,15568.703700126536
77000.0,77.0,15572.575851751399
78000.0,78.0,15981.155220210174
40000.0,40.0,10964.074458411436
44000.0,44.0,11083.639989059977
29000.0,29.0,11054.957723998006
45000.0,45.0,11070.844654632854
33000.0,33.0,11083.95323607039
74000.0,74.0,13705.0930730143
74000.0,74.0,13854.549986324979
74000.0,74.0,13818.697154997511
74000.0,74.0,13838.555818291074
74000.0,74.0,13854.94154508799
1.31e6,1310.0,2431.0199743068456
1.3e6,1300.0,2553.0891923757667
1.3e6,1300.0,2317.6571140400865
1.3e6,1300.0,2409.531168349387
1.3e6,1300.0,2384.373054621171
35000.0,35.0,60180.68889579889
35000.0,35.0,59187.583577376536
35000.0,35.0,58606.04167296875
35000.0,35.0,59667.84471757919
35000.0,35.0,58045.95182020877
1.72e6,1720.0,3394.3465373471327
1.72e6,1720.0,3359.161851811724
1.72e6,1720.0,3099.766743904213
1.73e6,1730.0,3457.5679739834786
1.72e6,1720.0,3358.864577840858
125000.0,125.0,6699.617781436586
126000.0,126.0,6671.082400104092
130000.0,130.0,7332.566117632565
120000.0,120.0,6835.631090072233
128000.0,128.0,7417.536865962284
441000.0,441.0,18529.380205215894
416000.0,416.0,18536.434588499615
465000.0,465.0,16143.402826730175
375000.0,375.0,19062.91839673908
281000.0,281.0,18814.768091508256
1.09e6,1090.0,20512.241034060466
1.09e6,1090.0,22485.20770754529
1.09e6,1090.0,24409.826562419108
1.09e6,1090.0,21852.927087110736
1.08e6,1080.0,21143.161737279665
9.41e6,9410.0,253.21735277009793
9.78e6,9780.0,255.02602144572538
8.52e6,8520.0,260.04746550997737
8.11e6,8110.0,250.86889270725132
351000.0,351.0,5205.184758301045
351000.0,351.0,6089.316769901541
351000.0,351.0,4368.369555953694
351000.0,351.0,5182.521206745264
350000.0,350.0,4699.098647429804
14000.0,14.0,43789.29226493714
14000.0,14.0,43659.214730345026
14000.0,14.0,43852.06341731539
14000.0,14.0,43499.86807361047
14000.0,14.0,43786.82294051373
84000.0,84.0,7759.515182789485
84000.0,84.0,8046.556619436685
84000.0,84.0,7794.720591594448
84000.0,84.0,7973.4031223898155
84000.0,84.0,7813.565671589207
40000.0,40.0,25243.803705047485
40000.0,40.0,25895.38749260413
40000.0,40.0,25538.096513511828
40000.0,40.0,25659.9652813328
40000.0,40.0,25684.042271259914
259000.0,259.0,24961.441295590495
259000.0,259.0,29197.05816923068
258000.0,258.0,12577.697679225452
259000.0,259.0,11155.566063055361
259000.0,259.0,22540.375918158512
635000.0,635.0,229.0389204087525
636000.0,636.0,228.48483291268272
636000.0,636.0,229.00794914854956
636000.0,636.0,231.69677918797908
636000.0,636.0,232.86651634258772
30000.0,30.0,11192.175016699124
39000.0,39.0,11189.26723718573
30000.0,30.0,11212.895630413432
46000.0,46.0,11186.925497304017
44000.0,44.0,11215.033796927968
7300.0,7.3,17979.567463989817
11000.0,11.0,17973.647837954577
9000.0,9.0,18010.299913758197
9000.0,9.0,17963.91514941167
6000.0,6.0,18011.210208299588
64000.0,64.0,75877.52596869979
64000.0,64.0,74481.02634277764
65000.0,65.0,75617.67154917783
65000.0,65.0,75670.38180128505
64000.0,64.0,75501.70267582654
58000.0,58.0,50476.789782529384
57000.0,57.0,50966.273269419544
60000.0,60.0,51120.272765616064
56000.0,56.0,50551.665371285286
61000.0,61.0,50946.75016042352
11000.0,11.0,15332.750831093002
11000.0,11.0,15247.968677995517
11000.0,11.0,15516.432332580049
11000.0,11.0,15220.167836205763
11000.0,11.0,15472.227938284504
184000.0,184.0,5604.167548343676
184000.0,184.0,6081.665905223077
184000.0,184.0,6376.742404113366
184000.0,184.0,6084.965427175744
185000.0,185.0,5723.955113829985
62000.0,62.0,28264.158574718567
62000.0,62.0,28292.84112776226
62000.0,62.0,28144.2955512511
62000.0,62.0,27896.035423200276
62000.0,62.0,28184.96376594851
18000.0,18.0,10518.17999996574
18000.0,18.0,10448.398945174678
19000.0,19.0,10645.35191666127
19000.0,19.0,10898.752174313262
19000.0,19.0,11082.136968566043
2.53e6,2530.0,2929.712363402276
2.49e6,2490.0,2961.28027740129
2.54e6,2540.0,2986.4912228952785
2.52e6,2520.0,3047.058453935725
2.56e6,2560.0,2956.744440831632
4.43e6,4430.0,236.77321692320777
4.42e6,4420.0,234.70569742899923
4.35e6,4350.0,236.54495574233448
4.34e6,4340.0,241.34111844936837
4.4e6,4400.0,238.17275805310553
214000.0,214.0,7511.342257455455
212000.0,212.0,7483.220016498542
212000.0,212.0,8223.125140143427
212000.0,212.0,7674.369042333733
213000.0,213.0,8321.790841007123
98000.0,98.0,37922.999395364706
98000.0,98.0,37903.03342059149
98000.0,98.0,41075.87250142
98000.0,98.0,38799.65362336213
99000.0,99.0,41628.95607957989
241000.0,241.0,54159.060637568204
229000.0,229.0,63332.20881331313
246000.0,246.0,46267.654316660904
233000.0,233.0,54268.516691872224
230000.0,230.0,49729.24620390651
156000.0,156.0,36025.62800886349
126000.0,126.0,35895.66549325663
179000.0,179.0,39430.029306175304
171000.0,171.0,36798.40279514958
146000.0,146.0,39908.22738458763
36000.0,36.0,92209.31893637843
36000.0,36.0,92245.76716967473
36000.0,36.0,92425.23551859842
36000.0,36.0,92255.85578524994
36000.0,36.0,92443.44879341476
486000.0,486.0,14877.751970296715
486000.0,486.0,15491.0969405761
486000.0,486.0,15971.594146371275
486000.0,486.0,15357.89449785107
485000.0,485.0,14992.314586166598
219000.0,219.0,3402.9037567043133
235000.0,235.0,3637.7378543516675
216000.0,216.0,3792.0702507366423
340000.0,340.0,3659.217910577718
255000.0,255.0,3426.9420170681624
1.05e6,1050.0,8680.717273064287
1.04e6,1040.0,9249.435614345859
1.08e6,1080.0,9648.776589335137
1.07e6,1070.0,9275.20427333913
1.05e6,1050.0,8742.524047751946
39000.0,39.0,59938.418082408534
39000.0,39.0,56712.54675454925
39000.0,39.0,56295.91259457049
39000.0,39.0,57842.18026803391
39000.0,39.0,55981.219951706225
22000.0,22.0,8262.412615953976
22000.0,22.0,8284.007875994139
23000.0,23.0,8163.652624703766
23000.0,23.0,8254.257077401235
23000.0,23.0,8208.059090753777
4.07e6,4070.0,616.6893515675865
3.9e6,3900.0,622.9276964686977
4.23e6,4230.0,625.8010493434236
4.16e6,4160.0,640.1364858657839
3.35e6,3350.0,625.2158249005147
35000.0,35.0,25417.207036640433
35000.0,35.0,26327.963978462012
35000.0,35.0,25324.21122871876
35000.0,35.0,25827.806339566323
35000.0,35.0,25443.92437801126
17000.0,17.0,16672.64771298156
18000.0,18.0,16774.888108586452
15000.0,15.0,16733.246055105094
15000.0,15.0,16789.075592268047
16000.0,16.0,16736.586371392394
78000.0,78.0,12794.011596018474
78000.0,78.0,12226.46783846451
78000.0,78.0,12486.102854193115
78000.0,78.0,12472.806806527215
78000.0,78.0,12300.81987369319
8.08e6,8080.0,225.90859863186463
7.86e6,7860.0,227.92407048783312
8.04e6,8040.0,229.71686265015853
8.13e6,8130.0,234.36010977259866
8.24e6,8240.0,227.18236545950845
30000.0,30.0,56594.48909672807
30000.0,30.0,51757.064527667426
30000.0,30.0,52179.66145501146
30000.0,30.0,53895.08493827475
30000.0,30.0,52230.135478967735
261000.0,261.0,5546.213101460073
261000.0,261.0,6018.773498701033
261000.0,261.0,6310.798519359455
261000.0,261.0,6022.0388992666985
261000.0,261.0,5664.761906320225
40000.0,40.0,44251.522192781245
40000.0,40.0,43649.59384062214
40000.0,40.0,43919.58449382513
40000.0,40.0,43872.31169731336
40000.0,40.0,43551.52207140015
384000.0,384.0,21076.300796878484
383000.0,383.0,23081.104188110527
383000.0,383.0,25055.007854940977
383000.0,383.0,22412.917883392052
383000.0,383.0,21707.1496513492
30000.0,30.0,62226.69830250797
30000.0,30.0,62608.722312353326
30000.0,30.0,62456.26586469596
30000.0,30.0,62653.26099997187
30000.0,30.0,62461.75274503449
110000.0,110.0,50568.17358913773
110000.0,110.0,51713.997799431505
110000.0,110.0,50126.88026465732
110000.0,110.0,51396.44537676125
110000.0,110.0,50153.76643553527
350000.0,350.0,38057.94566636608
350000.0,350.0,39906.18799778554
350000.0,350.0,40947.63586095608
350000.0,350.0,39383.6841545061
350000.0,350.0,39210.28525268604
90000.0,90.0,11951.01019226098
90000.0,90.0,11992.54036612837
90000.0,90.0,12897.630148823559
90000.0,90.0,12319.227203581482
90000.0,90.0,13090.57402502912
174000.0,174.0,20032.951782098156
173000.0,173.0,20567.50992503272
173000.0,173.0,18669.572829599714
173000.0,173.0,19302.27810923897
174000.0,174.0,19714.6677898501
50000.0,50.0,30397.561169995482
50000.0,50.0,30499.22889950009
50000.0,50.0,32844.53567244714
50000.0,50.0,31304.60146785704
50000.0,50.0,33344.41941028466
12000.0,12.0,11683.037848974145
13000.0,13.0,11778.289226091918
10000.0,10.0,11765.750563845986
15000.0,15.0,11905.755522836447
11000.0,11.0,11800.29858752868
37000.0,37.0,93703.07292625538
36000.0,36.0,96065.46013751352
35000.0,35.0,92277.8592089067
37000.0,37.0,93738.77429538376
38000.0,38.0,95438.73397919035
55000.0,55.0,13261.937790769136
55000.0,55.0,12052.55474014129
49000.0,49.0,12494.29571109129
49000.0,49.0,12310.322768855875
52000.0,52.0,12023.362253971083
60000.0,60.0,43730.08358671498
61000.0,61.0,42990.51765026877
67000.0,67.0,43791.31138885835
63000.0,63.0,43521.54156132606
61000.0,61.0,43534.79729519527
406000.0,406.0,17110.886573397078
409000.0,409.0,17566.02409290218
419000.0,419.0,18258.913018195974
404000.0,404.0,17535.723427361467
414000.0,414.0,17219.196578150004
241000.0,241.0,2028.7732793496662
241000.0,241.0,2151.4994649734726
243000.0,243.0,2236.7332621115165
244000.0,244.0,2156.243033821253
240000.0,240.0,2064.659413003972
74000.0,74.0,62167.21064867249
73000.0,73.0,57413.04238885186
74000.0,74.0,59380.7692090481
73000.0,73.0,58757.32121044369
73000.0,73.0,57972.849149613096
393000.0,393.0,14947.29720849042
380000.0,380.0,15563.509226300792
391000.0,391.0,16046.252490014864
378000.0,378.0,15429.684136039637
376000.0,376.0,15062.395341044856
57000.0,57.0,50689.26936483604
57000.0,57.0,48126.69549231072
57000.0,57.0,48441.06568235691
57000.0,57.0,49006.80068928685
57000.0,57.0,47910.9763982015
411000.0,411.0,32128.948465563957
462000.0,462.0,37835.44813565733
408000.0,408.0,27102.591793446252
292000.0,292.0,32474.67310387706
410000.0,410.0,29224.80426179535
78000.0,78.0,22262.664808990703
78000.0,78.0,22846.4437523348
78000.0,78.0,22446.597448027387
78000.0,78.0,22718.416858724344
78000.0,78.0,22528.89831296165
3.46e6,3460.0,244.71075521589535
3.11e6,3110.0,242.57392460884466
2.9e6,2900.0,244.47484185253523
2.96e6,2960.0,249.43179016547387
3.12e6,3120.0,246.157214284634
34000.0,34.0,36500.72594289772
34000.0,34.0,36359.63684562662
34000.0,34.0,36658.312906101855
34000.0,34.0,35938.227963433514
34000.0,34.0,36559.78107231071
23000.0,23.0,10643.82613085843
23000.0,23.0,10701.426960715939
23000.0,23.0,10536.422066206162
24000.0,24.0,10713.722452577802
23000.0,23.0,10562.789850082798
51000.0,51.0,18867.40412512415
60000.0,60.0,17449.296989328068
41000.0,41.0,17805.567467934925
49000.0,49.0,18076.064601091497
58000.0,58.0,17341.299243072997
100000.0,100.0,34347.31721243309
100000.0,100.0,33411.665842534465
100000.0,100.0,34133.1506438722
100000.0,100.0,34192.7264733378
100000.0,100.0,33919.29938946124
9600.0,9.6,12756.68997290111
9600.0,9.6,12820.21453656614
9600.0,9.6,12632.417385230405
9600.0,9.6,12834.324811932946
9600.0,9.6,12663.213631187911
57000.0,57.0,22863.938440029575
57000.0,57.0,21220.012575456876
57000.0,57.0,21680.456909556295
57000.0,57.0,22093.942381387693
57000.0,57.0,21687.040055247428
72000.0,72.0,36315.89403992237
72000.0,72.0,36415.969542880935
72000.0,72.0,39247.37856980597
71000.0,71.0,37376.34054419466
71000.0,71.0,39830.95994179887
50000.0,50.0,8963.012045681788
50000.0,50.0,9060.755571185578
50000.0,50.0,9037.30813034385
50000.0,50.0,9050.295523961911
50000.0,50.0,9061.01164722175
200000.0,200.0,35780.28006784821
200000.0,200.0,35926.2614615427
200000.0,200.0,38683.857104024864
200000.0,200.0,36925.02420048952
200000.0,200.0,39285.88451714704
83000.0,83.0,43406.9225493842
84000.0,84.0,51055.25746153188
83000.0,83.0,36605.77418283335
83000.0,83.0,43795.20207733979
84000.0,84.0,39468.90549177896
4.35e6,4350.0,241.7177901418459
4.34e6,4340.0,236.9137844428925
4.35e6,4350.0,237.44929609816958
4.35e6,4350.0,240.25207044311983
4.35e6,4350.0,245.82385722063174
11000.0,11.0,103844.32045360224
11000.0,11.0,103410.46800521183
11000.0,11.0,102919.37834539173
11000.0,11.0,103061.93576580622
11000.0,11.0,102975.07049632665
63000.0,63.0,101267.1835695453
63000.0,63.0,95680.38243989261
63000.0,63.0,96761.73099441011
63000.0,63.0,99501.02565975097
63000.0,63.0,96366.67984398916
173000.0,173.0,14985.530029262496
173000.0,173.0,15089.642903243206
173000.0,173.0,15590.973955579111
173000.0,173.0,15594.85164612408
173000.0,173.0,16004.01546702562
142000.0,142.0,9247.396966800847
142000.0,142.0,9194.969866388357
142000.0,142.0,9226.58455812326
142000.0,142.0,9340.9549275043
142000.0,142.0,9172.43262865073
47000.0,47.0,14586.048864787595
36000.0,36.0,13537.30640715549
37000.0,37.0,13831.046856741836
44000.0,44.0,14094.829901506053
41000.0,41.0,13835.246574344594
109000.0,109.0,94742.3463971546
109000.0,109.0,92412.87969013113
109000.0,109.0,91164.45479867623
109000.0,109.0,93369.99999879685
109000.0,109.0,90429.38090098009
12000.0,12.0,46493.16823142468
12000.0,12.0,44340.959852977474
12000.0,12.0,45842.611217594866
12000.0,12.0,44663.964091603324
12000.0,12.0,45245.09634047941
92000.0,92.0,11533.136243822542
92000.0,92.0,11578.478385199194
92000.0,92.0,12464.910937114588
92000.0,92.0,11893.875536207614
92000.0,92.0,12656.449116075803
641000.0,641.0,2774.339843835815
720000.0,720.0,2993.3105818734393
723000.0,723.0,3138.24979723253
709000.0,709.0,2987.0179225647184
711000.0,711.0,2796.2327186141224
76000.0,76.0,41941.602408234554
70000.0,70.0,40705.09873075654
76000.0,76.0,40895.22706344191
76000.0,76.0,40976.68238576759
77000.0,77.0,40471.92301438812
35000.0,35.0,39625.86936336483
35000.0,35.0,40118.90903441884
35000.0,35.0,40147.769172236156
35000.0,35.0,39929.951556390704
35000.0,35.0,40078.74810478069
65000.0,65.0,6683.909679101645
66000.0,66.0,7278.125317742749
81000.0,81.0,7905.531881350252
72000.0,72.0,7009.140193504149
61000.0,61.0,6832.523729388644
1.38e6,1380.0,628.6316027459338
1.42e6,1420.0,659.6928537838955
1.43e6,1430.0,691.3340251897853
1.87e6,1870.0,660.6440497644826
1.56e6,1560.0,639.9928600793177
103000.0,103.0,41166.634374969166
103000.0,103.0,41285.603601068
103000.0,103.0,44517.67430487802
103000.0,103.0,42404.10459100994
103000.0,103.0,45179.862510232495
13000.0,13.0,78810.93036437611
17000.0,17.0,74159.23762617605
16000.0,16.0,75875.4439807728
18000.0,18.0,78433.85646964471
15000.0,15.0,72107.54545913074
655000.0,655.0,2024.7866194298692
653000.0,653.0,2147.2716408140277
652000.0,652.0,2232.337948481306
652000.0,652.0,2152.005888267449
659000.0,659.0,2060.6022347013827
31000.0,31.0,11219.369183607638
31000.0,31.0,10203.552170682507
31000.0,31.0,10368.579358801744
31000.0,31.0,10855.35621195258
31000.0,31.0,10373.48680167071
17000.0,17.0,11022.5541828311
17000.0,17.0,11052.43389652221
17000.0,17.0,10645.627771571038
17000.0,17.0,11131.480823945089
17000.0,17.0,10695.263965223132
1.47e6,1470.0,220.0992242845651
1.49e6,1490.0,219.99214629010146
1.49e6,1490.0,221.00180343944322
1.49e6,1490.0,223.72409128309118
1.45e6,1450.0,223.90716069067793
132000.0,132.0,15743.364024109664
106000.0,106.0,15111.258184619204
146000.0,146.0,15300.476759692147
103000.0,103.0,15238.383692656165
127000.0,127.0,15141.03394517453
60000.0,60.0,46435.202782174834
60000.0,60.0,47190.44653804651
60000.0,60.0,46265.30688478101
60000.0,60.0,47185.334842951524
60000.0,60.0,46484.0132263187
22000.0,22.0,40300.73163002171
15000.0,15.0,40178.875842510606
15000.0,15.0,40372.055268219774
15000.0,15.0,40037.367419861
17000.0,17.0,40313.436076147664
190000.0,190.0,50368.58330559271
190000.0,190.0,50575.32413724267
190000.0,190.0,54458.302039383314
190000.0,190.0,51951.82436633526
190000.0,190.0,55286.618017778776
397000.0,397.0,11262.060255858993
339000.0,339.0,11384.312430808914
294000.0,294.0,11865.852771602007
310000.0,310.0,11719.674775628937
379000.0,379.0,12029.433994168277
19000.0,19.0,14542.286566962714
15000.0,15.0,14537.967907057995
20000.0,20.0,14571.316762865052
22000.0,22.0,14521.177013554765
15000.0,15.0,14568.955565342461
14000.0,14.0,48108.966972837035
15000.0,15.0,47961.86409734966
15000.0,15.0,48209.68761111032
14000.0,14.0,47763.074790677376
15000.0,15.0,48119.78140760505
122000.0,122.0,10715.924218606573
122000.0,122.0,9811.854780020338
122000.0,122.0,10076.658918912795
122000.0,122.0,10180.362093284015
122000.0,122.0,10086.864769142036
58000.0,58.0,7559.948414197079
58000.0,58.0,7407.854715227764
58000.0,58.0,7517.815748967025
58000.0,58.0,7585.742878258257
58000.0,58.0,7450.715636765434
24000.0,24.0,8339.732156779124
24000.0,24.0,8134.606898653519
24000.0,24.0,8291.18945263954
24000.0,24.0,8353.51493048881
24000.0,24.0,8253.093018763058
314000.0,314.0,14296.287704063427
315000.0,315.0,15180.11587860886
317000.0,317.0,15687.338415548957
318000.0,318.0,15092.22815775838
315000.0,315.0,14410.820507218257
90000.0,90.0,45497.13764522303
90000.0,90.0,45679.55435256361
90000.0,90.0,49169.235872077385
90000.0,90.0,46913.83271096358
90000.0,90.0,49928.09177727046
6.97e6,6970.0,235.9796389985282
6.33e6,6330.0,233.91904907959324
5.55e6,5550.0,235.75214286632283
5.63e6,5630.0,240.53223057595235
5.82e6,5820.0,237.37448937429508
930000.0,930.0,5739.435296267352
930000.0,930.0,6107.643253184445
930000.0,930.0,6389.132464824986
930000.0,930.0,6093.69132566109
930000.0,930.0,5860.304947340964
145000.0,145.0,2156.4165336381043
205000.0,205.0,2217.722430816103
163000.0,163.0,2363.9367815339974
171000.0,171.0,2226.188727505452
177000.0,177.0,2155.7079338005587
129000.0,129.0,39248.52623532509
129000.0,129.0,39956.67571122304
129000.0,129.0,40030.64187729357
129000.0,129.0,39554.61092100016
129000.0,129.0,40025.98378373501
192000.0,192.0,43971.34392483301
193000.0,193.0,44145.424549773445
193000.0,193.0,47544.74125124659
193000.0,193.0,45358.63151648929
192000.0,192.0,48277.31535459054
29000.0,29.0,10887.444117057112
30000.0,30.0,10986.058419023937
29000.0,29.0,10717.27639361057
29000.0,29.0,10880.767168767095
29000.0,29.0,10773.368243488409
32000.0,32.0,12400.047763321016
32000.0,32.0,12320.54160129832
32000.0,32.0,12217.276796558457
32000.0,32.0,12365.81136676704
31000.0,31.0,12225.522280204092
85000.0,85.0,10101.373977503843
85000.0,85.0,10445.44354853123
85000.0,85.0,10273.19747249759
85000.0,85.0,10461.433317711073
85000.0,85.0,10358.072292224355
16000.0,16.0,37279.26525352321
16000.0,16.0,35297.40686817096
16000.0,16.0,36577.70082077566
16000.0,16.0,35434.43748378871
16000.0,16.0,35722.18623981998
151000.0,151.0,8803.890408677948
231000.0,231.0,8831.276621871017
230000.0,230.0,9494.834309341793
181000.0,181.0,9062.360069511133
166000.0,166.0,9635.661471266943
104000.0,104.0,100426.54878683093
109000.0,109.0,102764.02380459434
110000.0,110.0,99729.2789067148
100000.0,100.0,102188.62572570555
102000.0,102.0,99842.06368090832
47000.0,47.0,14981.909131049784
42000.0,42.0,14656.973668913879
51000.0,51.0,14764.862348282459
37000.0,37.0,14760.444643299663
50000.0,50.0,14593.127594991238
296000.0,296.0,4116.344477597728
296000.0,296.0,4814.832113810804
296000.0,296.0,3454.8032724969335
296000.0,296.0,4098.885500282456
296000.0,296.0,3717.0911260672724
86000.0,86.0,76788.36702147636
85000.0,85.0,76504.89269168477
85000.0,85.0,75400.76993809393
86000.0,86.0,77647.89278247827
85000.0,85.0,75299.46714375769
430000.0,430.0,59144.44768666455
430000.0,430.0,59362.98433109655
430000.0,430.0,63967.56507682883
430000.0,430.0,61003.81453297645
430000.0,430.0,64937.07648385333
220000.0,220.0,41546.10840159426
220000.0,220.0,41716.63686277119
220000.0,220.0,44919.47899681667
220000.0,220.0,42852.031666030445
220000.0,220.0,45602.708565145
308000.0,308.0,14424.018608278073
315000.0,315.0,15813.61759243462
305000.0,305.0,17145.051678011463
312000.0,312.0,15360.010334345356
318000.0,318.0,14856.941133543845
54000.0,54.0,10880.714316744581
54000.0,54.0,11128.752642526377
54000.0,54.0,10800.562228505807
54000.0,54.0,11060.62248280257
54000.0,54.0,10849.3981740818
90000.0,90.0,6969.608024046048
90000.0,90.0,6774.904243847851
90000.0,90.0,6894.293094900458
90000.0,90.0,6864.01412512605
90000.0,90.0,6815.498145720542
6000.0,6.0,53117.07923228599
6000.0,6.0,52913.14142031552
6000.0,6.0,53178.487199221214
6000.0,6.0,52674.35493351274
6000.0,6.0,53077.20527196076
392000.0,392.0,6701.2116477228965
297000.0,297.0,6680.033616018579
288000.0,288.0,7204.284292834108
222000.0,222.0,6590.254454776414
266000.0,266.0,7298.202942734164
61000.0,61.0,12182.469665483406
61000.0,61.0,13350.381273819054
61000.0,61.0,14485.748518851144
61000.0,61.0,12966.804947811288
61000.0,61.0,12551.72836670628
42000.0,42.0,34716.18263312536
42000.0,42.0,34705.867719291506
42000.0,42.0,35351.18698502171
42000.0,42.0,34691.70487412945
42000.0,42.0,35260.92921519116
32000.0,32.0,84318.0499624043
32000.0,32.0,78089.72909690203
32000.0,32.0,78408.12128554795
32000.0,32.0,81733.23991510304
32000.0,32.0,77467.20167681277
41000.0,41.0,45644.85895274597
42000.0,42.0,45807.38241382452
39000.0,39.0,49336.066073466754
39000.0,39.0,47040.54923970246
39000.0,39.0,50083.55077803203
47000.0,47.0,31861.037012888013
48000.0,48.0,32121.15715342048
48000.0,48.0,32111.739900570563
47000.0,47.0,31973.6670683993
47000.0,47.0,32141.93590813131
739000.0,739.0,2429.5602737427726
739000.0,739.0,2646.329016792452
740000.0,740.0,2874.379380141977
739000.0,739.0,2549.258060297548
739000.0,739.0,2484.239799409776
19000.0,19.0,59469.230967657975
19000.0,19.0,59557.03846707197
20000.0,20.0,59425.39389987423
19000.0,19.0,59547.44525086449
19000.0,19.0,59448.30071552856
20000.0,20.0,61729.058826617074
19000.0,19.0,61568.43438444342
20000.0,20.0,61813.149525526554
20000.0,20.0,61362.793409545084
20000.0,20.0,61734.27855565651
69000.0,69.0,31923.148075838984
74000.0,74.0,32005.660141486624
62000.0,62.0,34425.208317599725
70000.0,70.0,32835.26885822904
70000.0,70.0,34941.23794741274
117000.0,117.0,28861.874573238085
117000.0,117.0,28936.923016805435
118000.0,118.0,24054.556348300845
118000.0,118.0,28784.136917787146
118000.0,118.0,31661.78899852028
42000.0,42.0,41789.36284107504
42000.0,42.0,48633.196385022056
42000.0,42.0,34824.98477860341
42000.0,42.0,43065.613681513074
42000.0,42.0,45847.04838854708
55000.0,55.0,47939.27345251106
59000.0,59.0,44492.42146923982
55000.0,55.0,45457.844241871426
58000.0,58.0,46324.807436106676
63000.0,63.0,45471.64725408182
151000.0,151.0,6258.999995966053
152000.0,152.0,6256.819263701767
151000.0,151.0,6437.782041382114
152000.0,152.0,6405.975777162439
151000.0,151.0,6712.3159354274985
76000.0,76.0,25573.632363342796
76000.0,76.0,24791.80033655298
76000.0,76.0,25286.727406722755
76000.0,76.0,25031.449161909197
76000.0,76.0,24955.776238625753
47000.0,47.0,11601.267804015377
46000.0,46.0,11865.731970547706
47000.0,47.0,11515.807804456517
46000.0,46.0,11793.09002761296
47000.0,47.0,11567.877812600882
35000.0,35.0,15405.234547994438
36000.0,36.0,15396.847764022734
36000.0,36.0,15426.299468770756
35000.0,35.0,15380.802445602427
35000.0,35.0,15428.124928993097
87000.0,87.0,32186.669403316268
88000.0,88.0,31987.61490509163
87000.0,87.0,32306.55791451584
88000.0,88.0,31899.080720993657
88000.0,88.0,32312.447803002597
120000.0,120.0,68671.09612417394
107000.0,107.0,63419.55045960084
102000.0,102.0,65593.13933717574
110000.0,110.0,64904.466691357055
118000.0,118.0,64037.92377051628
110000.0,110.0,36488.030140446754
110000.0,110.0,42942.45542731129
110000.0,110.0,30764.61532439661
110000.0,110.0,36837.263146668956
110000.0,110.0,33182.330957888094
120000.0,120.0,99431.42120359708
120000.0,120.0,92983.03589656035
120000.0,120.0,93219.65155549737
120000.0,120.0,95179.11548005659
120000.0,120.0,92030.70158706722
68000.0,68.0,15792.697964756437
68000.0,68.0,15425.784611460058
68000.0,68.0,15177.881403161799
68000.0,68.0,15546.096075068333
68000.0,68.0,15060.54787486757
90000.0,90.0,47587.97868194471
90000.0,90.0,47636.271105693275
90000.0,90.0,47386.166942513526
90000.0,90.0,46968.17474755652
90000.0,90.0,47454.63946147909
52000.0,52.0,41265.48706513854
51000.0,51.0,41423.00933615265
52000.0,52.0,44578.569540665325
51000.0,51.0,42572.50002520767
52000.0,52.0,45233.966428966974
53000.0,53.0,62595.1696316649
53000.0,53.0,60239.85930921856
53000.0,53.0,60321.05683295623
53000.0,53.0,61555.9054910969
53000.0,53.0,59618.697771795894
43000.0,43.0,8487.373595356019
43000.0,43.0,8141.857412778493
43000.0,43.0,8177.1003070234265
43000.0,43.0,8549.241239391116
43000.0,43.0,8252.907686757562
105000.0,105.0,7467.978123199062
101000.0,101.0,7098.077500748006
111000.0,111.0,7161.420126232794
104000.0,104.0,7456.0207267879605
106000.0,106.0,6858.19173227759
1.1e6,1100.0,584.047118935061
1.09e6,1090.0,623.8207675173634
1.09e6,1090.0,653.7603928049934
1.09e6,1090.0,624.699830909549
1.09e6,1090.0,594.441538001619
125000.0,125.0,57590.32068350888
125000.0,125.0,56286.22841471971
126000.0,126.0,55447.89389550403
125000.0,125.0,56756.1227543276
125000.0,125.0,55051.94460015585
206000.0,206.0,8527.203304617697
206000.0,206.0,9068.295486921848
206000.0,206.0,9438.157499787047
206000.0,206.0,9067.570834281829
206000.0,206.0,8582.941032946104
28000.0,28.0,16252.389021272516
28000.0,28.0,16354.036542688247
27000.0,27.0,16104.361389898599
27000.0,27.0,16660.688913698432
27000.0,27.0,16178.285106515235
204000.0,204.0,45164.092742269946
203000.0,203.0,45341.653870047754
203000.0,203.0,48812.949200137824
203000.0,203.0,46576.75817105017
203000.0,203.0,49563.018209590766
83000.0,83.0,34379.04733022105
83000.0,83.0,48466.99877410109
83000.0,83.0,49887.90888850693
83000.0,83.0,49556.58261755371
83000.0,83.0,49406.524628472434
75000.0,75.0,16439.70123776085
75000.0,75.0,16222.573632588288
75000.0,75.0,16261.611084232945
75000.0,75.0,16362.73404527445
75000.0,75.0,15755.112291297393
70000.0,70.0,11595.175118020237
70000.0,70.0,11677.688064961309
70000.0,70.0,11520.168492248386
70000.0,70.0,11761.566130189878
70000.0,70.0,11519.776418847227
100000.0,100.0,45798.699687630586
100000.0,100.0,45941.87811763114
100000.0,100.0,49492.13302373346
100000.0,100.0,47168.12774865778
100000.0,100.0,50238.70007318878
125000.0,125.0,72014.7165316643
125000.0,125.0,67478.52784674588
125000.0,125.0,68620.76961311244
125000.0,125.0,70376.94018806958
125000.0,125.0,67654.14043234575
137000.0,137.0,7732.904310747806
139000.0,139.0,7974.556905993973
133000.0,133.0,7730.353542048421
132000.0,132.0,7910.333984278384
136000.0,136.0,7790.848850879653
205000.0,205.0,31054.921142202707
215000.0,215.0,36699.5296432298
199000.0,199.0,25946.081119594997
202000.0,202.0,31543.18497705805
205000.0,205.0,28045.57655106134
56000.0,56.0,27197.094579166598
56000.0,56.0,26607.229801685065
56000.0,56.0,26803.083253414206
56000.0,56.0,26795.06366531039
56000.0,56.0,26491.328170204462
29000.0,29.0,38430.402391170755
26000.0,26.0,38591.91863881755
33000.0,33.0,41200.86918144414
26000.0,26.0,39618.54153377352
27000.0,27.0,41884.57071555789
882000.0,882.0,3813.91591311369
882000.0,882.0,3826.391501945939
882000.0,882.0,3806.740171472744
882000.0,882.0,3852.5627329423196
882000.0,882.0,3870.9960584247137
211000.0,211.0,14165.319444397886
212000.0,212.0,15041.050871014084
212000.0,212.0,15543.626743428305
213000.0,213.0,14953.968289377648
212000.0,212.0,14278.803012799302
134000.0,134.0,14330.9087581223
153000.0,153.0,15216.877282921092
193000.0,193.0,15725.328151245869
184000.0,184.0,15128.776726011522
294000.0,294.0,14445.718923236505
29000.0,29.0,8260.741657366003
30000.0,30.0,8275.653391432852
29000.0,29.0,8305.725399677298
29000.0,29.0,8326.375045286728
29000.0,29.0,8288.0472351841
45000.0,45.0,66352.96702274012
42000.0,42.0,69582.65257645222
42000.0,42.0,75438.3315848046
46000.0,46.0,68655.40049431662
49000.0,49.0,76617.55328941182
50000.0,50.0,9175.208022967423
92000.0,92.0,11059.201943062744
67000.0,67.0,13615.315405491336
85000.0,85.0,9374.34748610254
104000.0,104.0,8327.815335870042
17000.0,17.0,13764.19014881124
17000.0,17.0,13751.94626447979
15000.0,15.0,14901.753133242528
17000.0,17.0,14069.319717770928
18000.0,18.0,15107.293381202895
65000.0,65.0,6866.289560055083
55000.0,55.0,8028.326122192727
55000.0,55.0,5764.923242486766
58000.0,58.0,6833.4834639296005
61000.0,61.0,6200.112397300158
265000.0,265.0,1164.097012270385
265000.0,265.0,1207.0838848569865
265000.0,265.0,1239.8602045031669
265000.0,265.0,1238.1973874104995
265000.0,265.0,1247.8716156142143
67000.0,67.0,9413.548839723739
66000.0,66.0,9374.404248492385
66000.0,66.0,9239.501576594099
67000.0,67.0,9509.45798097448
66000.0,66.0,9258.339042985393
154000.0,154.0,62446.40874963443
154000.0,154.0,76114.31499318295
154000.0,154.0,51484.70671742754
154000.0,154.0,65281.8857461982
155000.0,155.0,56780.8590101158
26000.0,26.0,8724.896864433707
25000.0,25.0,8717.186303537084
25000.0,25.0,8744.116424659976
25000.0,25.0,8706.829149912845
25000.0,25.0,8739.682109858271
150000.0,150.0,16450.94917772779
151000.0,151.0,16498.49148284893
151000.0,151.0,17790.086768557576
150000.0,150.0,16945.465184249242
151000.0,151.0,18054.709433921766
70000.0,70.0,25698.405029388232
69000.0,69.0,24575.98093454957
69000.0,69.0,24363.71437561535
68000.0,68.0,24742.91061794461
68000.0,68.0,24127.52421658296
143000.0,143.0,14671.934367798049
143000.0,143.0,40383.68780068557
143000.0,143.0,29121.128397336826
143000.0,143.0,15501.523433472694
143000.0,143.0,31350.621043628587
263000.0,263.0,57362.5373288884
263000.0,263.0,57589.633102068605
263000.0,263.0,62024.190106155154
263000.0,263.0,59172.314541937034
263000.0,263.0,62979.86499799103
253000.0,253.0,16256.052051393752
253000.0,253.0,17828.620931779435
252000.0,252.0,19335.71095445095
252000.0,252.0,17335.3445267499
253000.0,253.0,16757.351448901292
176000.0,176.0,14896.905407401075
176000.0,176.0,15000.402556474532
175000.0,175.0,15498.768730367441
176000.0,176.0,15502.623488199477
175000.0,175.0,15909.367508878004
22000.0,22.0,30230.359657205106
22000.0,22.0,30756.4417672533
22000.0,22.0,30367.516701811903
22000.0,22.0,30536.169779475727
22000.0,22.0,30440.93540550539
9.05e6,9050.0,239.9825505114256
9.15e6,9150.0,235.21303172826234
8.96e6,8960.0,235.74469906142212
8.96e6,8960.0,238.5273528967664
9.14e6,9140.0,244.05914102451837
140000.0,140.0,65923.45681689562
140000.0,140.0,62732.67974989487
140000.0,140.0,62759.82705426283
140000.0,140.0,64562.95754965985
140000.0,140.0,62157.651859725855
13000.0,13.0,36554.73448254226
13000.0,13.0,36736.76630763384
13000.0,13.0,36198.62710238243
12000.0,12.0,36777.19978768272
12000.0,12.0,36286.87480585622
34000.0,34.0,10960.257115584363
34000.0,34.0,10988.903663937701
34000.0,34.0,10829.24999367604
34000.0,34.0,10949.438629070932
34000.0,34.0,10888.156067255906
2.21e6,2210.0,248.37879406620758
2.22e6,2220.0,252.42990557124236
2.32e6,2320.0,254.23294970705555
2.23e6,2230.0,259.23877824567575
2.35e6,2350.0,250.08874867414582
20000.0,20.0,37295.85287587861
20000.0,20.0,36279.88078061923
20000.0,20.0,37063.301239237604
20000.0,20.0,37127.99133881555
20000.0,20.0,36831.09198479993
196000.0,196.0,26934.773311306275
96000.0,96.0,25789.526618414067
195000.0,195.0,25581.037498673737
175000.0,175.0,25680.639107392733
127000.0,127.0,25351.428833818565
82000.0,82.0,63828.458871490686
82000.0,82.0,59687.08657528141
91000.0,91.0,61448.137659412685
90000.0,90.0,61465.88687532009
94000.0,94.0,60693.5499731282
2.45e6,2450.0,59.36780013463674
2.45e6,2450.0,63.559265647256176
2.46e6,2460.0,66.51849820662652
2.45e6,2450.0,63.6569635298539
2.46e6,2460.0,60.506137327125394
2.31e6,2310.0,3394.3465373471327
2.31e6,2310.0,3359.161851811724
2.28e6,2280.0,5245.677018261608
2.49e6,2490.0,5308.338895697276
2.25e6,2250.0,5311.02314296083
24000.0,24.0,15031.21367747719
24000.0,24.0,15164.967329570705
24000.0,24.0,15704.757058037083
24000.0,24.0,15717.617656797145
24000.0,24.0,16062.110721646108
23000.0,23.0,126919.99103723672
20000.0,20.0,125020.68480896187
22000.0,22.0,124940.51202269028
20000.0,20.0,125816.71806632902
20000.0,20.0,123931.86938844678
528000.0,528.0,41158.13437260848
502000.0,502.0,48131.74750797403
513000.0,513.0,34531.78507249673
537000.0,537.0,40954.22193889847
507000.0,507.0,37155.94864205965
187000.0,187.0,30597.492358035848
186000.0,186.0,30483.43839410195
159000.0,159.0,33492.54030060506
163000.0,163.0,31240.386227241852
177000.0,177.0,33893.56760985094
60000.0,60.0,10349.960051050308
60000.0,60.0,9909.887384277345
60000.0,60.0,9829.773323711433
60000.0,60.0,9868.046252885453
60000.0,60.0,9741.543863557465
34000.0,34.0,3560.588814722745
21000.0,21.0,3547.714121946917
56000.0,56.0,3827.554803127814
14000.0,14.0,3610.6370344063776
26000.0,26.0,3877.0425911149855
7700.0,7.7,45276.927874748086
7600.0,7.6,46083.29970996522
7700.0,7.7,45329.670008909685
7600.0,7.6,45914.28710746013
7600.0,7.6,45346.71762712605
80000.0,80.0,35104.408756632656
78000.0,78.0,35221.81901576264
78000.0,78.0,37930.279972771874
80000.0,80.0,36151.89783632565
82000.0,82.0,38507.56717570585
115000.0,115.0,29958.308617523613
115000.0,115.0,32830.35815766252
114000.0,114.0,35622.37679221492
115000.0,115.0,31887.09309988241
115000.0,115.0,30866.36473707086
37000.0,37.0,85642.40216247404
37000.0,37.0,85326.2420005063
37000.0,37.0,84094.80905606935
37000.0,37.0,86601.03500945398
37000.0,37.0,83981.82560572072
103000.0,103.0,119482.83474319337
103000.0,103.0,107216.68618930381
103000.0,103.0,111030.34201031803
103000.0,103.0,109922.15841431473
103000.0,103.0,108304.30596574867
16000.0,16.0,24937.16695831419
17000.0,17.0,24923.590882500852
16000.0,16.0,24971.26572160963
17000.0,17.0,24897.617582120398
16000.0,16.0,24974.2206786535
68000.0,68.0,22470.254474262976
61000.0,61.0,22835.721154017603
51000.0,51.0,22388.04089878919
52000.0,52.0,22833.247576156486
73000.0,73.0,22493.874121323835
44000.0,44.0,43752.58669160307
45000.0,45.0,43340.880050633285
45000.0,45.0,43458.61753163181
45000.0,45.0,43919.279144399865
41000.0,41.0,43456.01252905425
50000.0,50.0,51589.241896339205
80000.0,80.0,52418.88003054812
96000.0,96.0,47779.25824320126
55000.0,55.0,49659.161544301336
63000.0,63.0,50572.07049699765
772000.0,772.0,17633.398812792024
772000.0,772.0,19339.208694598416
772000.0,772.0,20973.99180999009
772000.0,772.0,18804.13784545702
772000.0,772.0,18177.17242848397
147000.0,147.0,29723.989811310737
147000.0,147.0,29625.713891996053
147000.0,147.0,32523.153273839205
147000.0,147.0,30366.90609810435
147000.0,147.0,32918.37508516075
57000.0,57.0,10291.480238677315
57000.0,57.0,10038.349502489678
57000.0,57.0,10231.577082197835
57000.0,57.0,10308.488595852443
57000.0,57.0,10184.564937319157
19000.0,19.0,10125.540548818353
12000.0,12.0,10167.442322322531
20000.0,20.0,10052.946228321733
18000.0,18.0,10094.865288418698
15000.0,15.0,10063.856778954956
324000.0,324.0,3281.1713537709493
326000.0,326.0,3467.5986314423544
321000.0,321.0,3571.23918447956
324000.0,324.0,3445.5242870070856
324000.0,324.0,3342.166033025503
30000.0,30.0,14339.630930653284
30000.0,30.0,14343.570562883984
34000.0,34.0,14374.754602530858
31000.0,31.0,14340.696745158326
28000.0,28.0,14375.397778381543
250000.0,250.0,52820.25302446303
250000.0,250.0,54796.11927883763
250000.0,250.0,53837.10675060587
250000.0,250.0,54489.052804543964
250000.0,250.0,52901.67004085859
14000.0,14.0,22415.512626157222
17000.0,17.0,22586.41598797204
15000.0,15.0,22572.03061395939
15000.0,15.0,22825.380728266788
20000.0,20.0,22641.831692886495
105000.0,105.0,42896.85727633946
109000.0,109.0,43008.699872175544
101000.0,101.0,46354.32218942347
106000.0,106.0,44140.15519728356
95000.0,95.0,47055.618967922994
503000.0,503.0,62446.40874963443
502000.0,502.0,76114.31499318295
502000.0,502.0,51484.70671742754
503000.0,503.0,65281.8857461982
502000.0,502.0,56780.8590101158
35000.0,35.0,46160.134613113805
35000.0,35.0,45981.70825160349
35000.0,35.0,46359.42477096314
35000.0,35.0,45448.7793789113
35000.0,35.0,46234.81785989532
136000.0,136.0,10280.155263382037
136000.0,136.0,10679.585308384878
136000.0,136.0,11388.329114447091
136000.0,136.0,10682.764811722844
136000.0,136.0,10176.755295068886
37000.0,37.0,9576.226700049236
39000.0,39.0,9368.532498924378
42000.0,42.0,9437.493433272939
41000.0,41.0,9434.669698057412
38000.0,38.0,9327.722981763161
1.15e6,1150.0,14033.487405936337
1.27e6,1270.0,14901.068683904716
1.14e6,1140.0,15398.967245510517
1.11e6,1110.0,14814.796551640544
1.14e6,1140.0,14145.914819535668
26000.0,26.0,26530.881573645078
26000.0,26.0,26630.010673340956
26000.0,26.0,26429.392603480585
26000.0,26.0,26347.19253449881
26000.0,26.0,26512.072932287592
76000.0,76.0,9493.731241707026
76000.0,76.0,9309.31459043678
75000.0,75.0,9326.628109623534
76000.0,76.0,9569.847071443022
76000.0,76.0,9303.259418863445
42000.0,42.0,49346.629336035556
42000.0,42.0,49540.63396725754
42000.0,42.0,88121.20334552549
42000.0,42.0,87196.00502640344
42000.0,42.0,86031.84661430932
103000.0,103.0,52842.55966292801
103000.0,103.0,53058.154132601005
103000.0,103.0,57130.744173477615
103000.0,103.0,54533.18952980381
103000.0,103.0,58019.85598133105
116000.0,116.0,6385.870664868807
116000.0,116.0,6380.051894123162
116000.0,116.0,6417.966811539958
116000.0,116.0,6397.065649305937
116000.0,116.0,6393.559490768543
69000.0,69.0,71380.235043489
65000.0,65.0,68694.3631877871
69000.0,69.0,68786.95656781063
71000.0,71.0,70195.11294760629
69000.0,69.0,67986.02328229416
14000.0,14.0,14927.728418533097
13000.0,13.0,14837.505028957301
13000.0,13.0,15105.922571419986
16000.0,16.0,14804.917044284082
15000.0,15.0,15063.547832521068
422000.0,422.0,1914.1856542277542
421000.0,421.0,2014.5541658232698
421000.0,421.0,2102.7350088199146
422000.0,422.0,2027.394056500321
421000.0,421.0,1952.7449620213072
19000.0,19.0,56584.52702789197
19000.0,19.0,56383.32752934252
19000.0,19.0,56677.322594441524
19000.0,19.0,56175.675511773865
18000.0,18.0,56573.46943434883
572000.0,572.0,7428.784652000962
572000.0,572.0,8030.583670453999
573000.0,573.0,8346.906729491768
573000.0,573.0,8066.333970132266
573000.0,573.0,7586.341433649378
2.08e6,2080.0,2235.1907612583645
2.09e6,2090.0,2258.513840893093
2.08e6,2080.0,2407.3475858217116
2.09e6,2090.0,2267.209930559211
2.09e6,2090.0,2235.0616985968977
140000.0,140.0,15105.55089846342
140000.0,140.0,15239.966032391118
140000.0,140.0,15782.42530366303
140000.0,140.0,15795.349504816926
140000.0,140.0,16141.54626822538
182000.0,182.0,34341.430134278795
182000.0,182.0,34453.884907026404
182000.0,182.0,37123.22336342093
182000.0,182.0,35392.80257054317
182000.0,182.0,37690.506009446806
70000.0,70.0,34959.13731340969
70000.0,70.0,33928.487567871976
70000.0,70.0,34086.96321276563
70000.0,70.0,34154.85780034898
70000.0,70.0,33734.13109557193
38000.0,38.0,29819.36329487589
38000.0,38.0,30006.873496076383
38000.0,38.0,29932.760994804506
38000.0,38.0,30030.111588276992
38000.0,38.0,29927.731098243108
35000.0,35.0,37110.83313916242
35000.0,35.0,36578.98753580428
35000.0,35.0,36986.87072178951
35000.0,35.0,36548.77372463863
35000.0,35.0,36872.333384602134
469000.0,469.0,193.9914330671301
501000.0,501.0,204.24566054718412
453000.0,453.0,212.40648031631895
541000.0,541.0,229.20231224769572
425000.0,425.0,198.0521296062418
21000.0,21.0,66352.96702274012
21000.0,21.0,69582.65257645222
21000.0,21.0,75438.3315848046
21000.0,21.0,68655.40049431662
21000.0,21.0,76617.55328941182
55000.0,55.0,29606.567384375736
55000.0,55.0,29496.943079675908
55000.0,55.0,29676.151463383896
55000.0,55.0,29891.373688820302
55000.0,55.0,29709.029589249727
12000.0,12.0,68615.742417548
15000.0,15.0,66046.84637127124
13000.0,13.0,65251.61954617948
12000.0,12.0,66126.39250788624
15000.0,15.0,64408.27326143923
30000.0,30.0,6644.437828180296
30000.0,30.0,6691.720610923082
30000.0,30.0,6601.456428022907
30000.0,30.0,6739.785653829861
30000.0,30.0,6601.231756354599
242000.0,242.0,28425.02768795507
242000.0,242.0,28522.244500892426
242000.0,242.0,30725.56016309368
242000.0,242.0,29291.953503183086
242000.0,242.0,31188.99663731399
53000.0,53.0,12388.083959540421
50000.0,50.0,12523.178612350337
58000.0,58.0,12490.77110644682
51000.0,51.0,12508.721425127202
57000.0,57.0,12523.53254375419
41000.0,41.0,29472.835017748406
41000.0,41.0,29554.053141823046
40000.0,40.0,31851.935469230113
39000.0,39.0,30333.459978026316
39000.0,39.0,32325.551717731938
40000.0,40.0,108575.58085466875
40000.0,40.0,107040.37162070214
40000.0,40.0,107980.2579336203
40000.0,40.0,107885.12435917764
40000.0,40.0,106816.50711893449
80000.0,80.0,11782.602378727535
80000.0,80.0,11987.64844472042
80000.0,80.0,11836.060787372642
80000.0,80.0,11901.795107989226
80000.0,80.0,11864.676503579503
38000.0,38.0,22923.849692840766
41000.0,41.0,22426.665280045214
39000.0,39.0,22591.74596821189
39000.0,39.0,22584.986428814944
39000.0,39.0,22328.97427222516
87000.0,87.0,42992.096149220364
53000.0,53.0,50006.66608493294
101000.0,101.0,35823.82115115812
70000.0,70.0,42902.904785579965
75000.0,75.0,47169.35325249671
180000.0,180.0,37125.69684959252
180000.0,180.0,38618.22077489618
180000.0,180.0,35591.79380597295
180000.0,180.0,36545.94040519127
180000.0,180.0,36410.84456253326
85000.0,85.0,27973.83476659893
85000.0,85.0,27707.49532841986
85000.0,85.0,26933.624079475136
85000.0,85.0,28534.9391287421
85000.0,85.0,27307.866707771736
137000.0,137.0,28779.18154643113
136000.0,136.0,28877.60960566131
136000.0,136.0,31108.376876767794
137000.0,137.0,29656.908586757196
137000.0,137.0,31577.58741099273
101000.0,101.0,42548.12383695983
101000.0,101.0,42684.11038671764
104000.0,104.0,45968.00385073956
103000.0,103.0,43808.48099874895
103000.0,103.0,46679.56659124591
24000.0,24.0,24965.98458066957
23000.0,23.0,25059.266651513433
23000.0,23.0,24870.481833910046
23000.0,23.0,24793.130252168114
24000.0,24.0,24948.28534784118
250000.0,250.0,2883.0340223500325
250000.0,250.0,3082.2528390276048
250000.0,250.0,2817.5485118093716
250000.0,250.0,2886.8374615492207
250000.0,250.0,2836.4691925868765
42000.0,42.0,68672.13020384428
42000.0,42.0,69460.59139420617
42000.0,42.0,69034.46698690261
42000.0,42.0,68779.7046887922
42000.0,42.0,69310.25778370995
4.41e6,4410.0,233.44350150880976
4.65e6,4650.0,235.98249904392
4.61e6,4610.0,238.38445935443923
3.62e6,3620.0,243.34153990247464
4.23e6,4230.0,234.89585702148904
16000.0,16.0,8233.345910132884
16000.0,16.0,8230.487205452695
16000.0,16.0,8254.025899770888
17000.0,17.0,8224.676913255442
16000.0,16.0,8252.48153241485
29000.0,29.0,7385.91056882724
29000.0,29.0,7452.809320022035
29000.0,29.0,7270.470840865005
29000.0,29.0,7381.381007764743
29000.0,29.0,7308.522874233308
137000.0,137.0,38149.9010178282
136000.0,136.0,44878.588387162505
137000.0,137.0,32176.08276400669
137000.0,137.0,38499.28035124515
136000.0,136.0,34683.86767077744
1.24e6,1240.0,22844.792455240316
1.27e6,1270.0,25054.739223397984
1.21e6,1210.0,27172.66789823528
855000.0,855.0,24361.53296025733
1.24e6,1240.0,23549.27350991404
35000.0,35.0,50828.00769064418
36000.0,36.0,50817.86384642409
36000.0,36.0,50930.95828814096
35000.0,35.0,50836.31324942414
36000.0,36.0,50955.948089119884
54000.0,54.0,27282.666633150708
55000.0,55.0,26905.60623880036
54000.0,54.0,27029.655897839726
59000.0,59.0,27385.997821185712
53000.0,53.0,26782.921207706626
47000.0,47.0,7210.235048239522
45000.0,45.0,7145.247143457392
42000.0,42.0,7137.748419436769
41000.0,41.0,7266.086080432101
44000.0,44.0,7122.78421864543
72000.0,72.0,4020.0218671541447
74000.0,74.0,4158.367654422627
71000.0,71.0,4012.509799490108
75000.0,75.0,4067.4061057441795
73000.0,73.0,4094.5602090935135
252000.0,252.0,32338.45343639146
251000.0,251.0,38089.709946309
252000.0,252.0,27274.353886518
252000.0,252.0,32696.046664896934
252000.0,252.0,29416.446676472693
270000.0,270.0,9049.501165421565
270000.0,270.0,10658.916488622153
271000.0,271.0,7632.377898579759
271000.0,271.0,9149.569041100049
271000.0,271.0,8231.815074425705
75000.0,75.0,38237.06340761097
79000.0,79.0,38393.06832977601
96000.0,96.0,41340.00891364504
100000.0,100.0,39460.40916964231
81000.0,81.0,41983.373368172004
6800.0,6.8,18151.49743609005
6800.0,6.8,18167.347013621296
6800.0,6.8,18105.539609539508
6800.0,6.8,18154.532310453204
6800.0,6.8,18101.762205943676
111000.0,111.0,16215.692817937932
113000.0,113.0,17153.074399612324
102000.0,102.0,15409.070793872128
120000.0,120.0,15940.83165427257
109000.0,109.0,15966.20344188325
46000.0,46.0,11407.2446462197
46000.0,46.0,11194.746315288365
46000.0,46.0,11398.58931306706
46000.0,46.0,11422.76496928968
46000.0,46.0,11247.928517228844
7.74e6,7740.0,251.17156423879146
7.5e6,7500.0,245.32328954381995
7.61e6,7610.0,251.68103590361767
7.35e6,7350.0,248.85130672188762
7.57e6,7570.0,250.3892846173711
53000.0,53.0,37168.04573822707
53000.0,53.0,43758.65540361786
53000.0,53.0,31352.214029141378
53000.0,53.0,37558.600351291316
53000.0,53.0,33805.163531948165
533000.0,533.0,626.0525536485528
462000.0,462.0,656.9863715585858
599000.0,599.0,688.4977306321049
468000.0,468.0,657.933665124588
512000.0,512.0,637.3671998342587
328000.0,328.0,54469.76868566001
329000.0,329.0,56743.9227986662
327000.0,327.0,51484.70671742754
328000.0,328.0,53688.64868279176
325000.0,325.0,53447.48178826501
83000.0,83.0,41755.51082702456
84000.0,84.0,41899.13671839919
84000.0,84.0,45137.04907727128
83000.0,83.0,41684.29632927435
84000.0,84.0,45813.93710015836
89000.0,89.0,17250.642405572034
89000.0,89.0,17391.480242237485
89000.0,89.0,17386.381423222538
89000.0,89.0,17311.624124747053
89000.0,89.0,17402.730562401393
150000.0,150.0,7081.839446857445
150000.0,150.0,7118.438715176033
150000.0,150.0,7016.164730016295
150000.0,150.0,7108.661417501174
150000.0,150.0,6952.119104088748
87000.0,87.0,15684.322334608538
87000.0,87.0,15826.384923607451
87000.0,87.0,15439.18073876781
87000.0,87.0,15674.703602418851
87000.0,87.0,15519.985989694449
160000.0,160.0,28445.702388135665
160000.0,160.0,28551.388987116417
160000.0,160.0,30733.36806108604
160000.0,160.0,29314.43665713545
160000.0,160.0,31207.738169992062
111000.0,111.0,17637.9728386137
108000.0,108.0,17809.8718457196
107000.0,107.0,19197.616763479346
108000.0,108.0,18465.577693521358
106000.0,106.0,19538.081486625157
19000.0,19.0,40748.34924739615
18000.0,18.0,40597.447965656436
18000.0,18.0,40810.55498750267
18000.0,18.0,40445.38513360769
20000.0,20.0,40746.20111682721
52000.0,52.0,7170.772927319463
52000.0,52.0,7295.561894273804
52000.0,52.0,7203.307175453133
52000.0,52.0,7243.312419755037
52000.0,52.0,7220.722411618827
63000.0,63.0,23190.660117508396
61000.0,61.0,22982.035896340643
65000.0,65.0,23065.547848842707
68000.0,68.0,23122.893278163618
60000.0,60.0,23509.326639940547
12000.0,12.0,8001.241418758469
12000.0,12.0,8058.179412529926
13000.0,13.0,7949.48315597257
12000.0,12.0,8116.059405095895
13000.0,13.0,7949.212606032217
363000.0,363.0,1506.1560039486453
363000.0,363.0,1604.0197148071227
363000.0,363.0,1469.4936583924857
363000.0,363.0,1502.6478681816307
362000.0,362.0,1463.1151892758362
195000.0,195.0,31082.10912030733
189000.0,189.0,36564.21495728832
180000.0,180.0,26215.022551894155
190000.0,190.0,31366.761144976314
192000.0,192.0,28258.205942752276
84000.0,84.0,7304.027425363855
84000.0,84.0,7949.258000236779
84000.0,84.0,8638.625608179163
84000.0,84.0,7652.607848435093
84000.0,84.0,7466.442762078508
1.22e6,1220.0,8601.193241550936
1.22e6,1220.0,9164.70155538067
1.22e6,1220.0,9560.384168591694
1.22e6,1220.0,9190.234147746572
1.22e6,1220.0,8662.433804513988
673000.0,673.0,2429.5602737427726
673000.0,673.0,2646.329016792452
673000.0,673.0,2874.379380141977
673000.0,673.0,2549.258060297548
673000.0,673.0,2484.239799409776
449000.0,449.0,417.93518291730385
450000.0,450.0,412.13191213307135
450000.0,450.0,408.50443776052407
449000.0,449.0,413.8312483190659
450000.0,450.0,424.63295896115284
64000.0,64.0,70974.01784120771
64000.0,64.0,67249.81306003458
64000.0,64.0,68526.268929003
64000.0,64.0,67616.1408105709
64000.0,64.0,67900.57283694972
36000.0,36.0,45527.33129689376
20000.0,20.0,45171.30739071091
30000.0,30.0,45630.47275059028
16000.0,16.0,46544.74628822829
40000.0,40.0,45752.65158153566
223000.0,223.0,3394.3465373471327
282000.0,282.0,3359.161851811724
249000.0,249.0,3099.766743904213
285000.0,285.0,3457.5679739834786
247000.0,247.0,3358.864577840858
1.06e6,1060.0,4059.223866049033
1.05e6,1050.0,4155.589551927171
1.06e6,1060.0,4314.649162598108
1.05e6,1050.0,4157.8999209618805
1.06e6,1060.0,4130.177989770357
61000.0,61.0,41462.740065465085
61000.0,61.0,39366.60935167781
61000.0,61.0,39623.757454965686
61000.0,61.0,40086.516611532694
61000.0,61.0,39190.15573855054
40000.0,40.0,15545.606666636852
40000.0,40.0,15573.668548019385
40000.0,40.0,15630.260029902509
40000.0,40.0,15669.119890404681
40000.0,40.0,15596.992097893739
90000.0,90.0,53069.2865454341
186000.0,186.0,52080.69244016446
107000.0,107.0,53029.0198228846
91000.0,91.0,53141.490876788725
159000.0,159.0,52328.109025100406
221000.0,221.0,19683.714093495368
225000.0,225.0,20169.876623079148
220000.0,220.0,18266.714774502143
222000.0,222.0,18875.007775351594
220000.0,220.0,19359.754831636303
6000.0,6.0,112004.62451325762
6000.0,6.0,110420.93016461877
6000.0,6.0,111390.50005072841
6000.0,6.0,111292.36195927011
6000.0,6.0,110189.99555423067
91000.0,91.0,32526.75750923891
84000.0,84.0,33438.824769806706
86000.0,86.0,32986.62412216632
85000.0,85.0,33341.51901514981
82000.0,82.0,33150.57199565202
2.66e6,2660.0,310.24048157007627
2.66e6,2660.0,313.7100206708708
2.66e6,2660.0,315.22412486983046
2.66e6,2660.0,321.91572778117995
2.66e6,2660.0,313.34499877589394
485000.0,485.0,14429.486458605064
517000.0,517.0,15291.923115946815
468000.0,468.0,15766.70074667212
511000.0,511.0,15159.938010740725
499000.0,499.0,14536.658626809676
37000.0,37.0,36005.55812736914
37000.0,37.0,36070.55293413023
37000.0,37.0,36201.62584329045
36000.0,36.0,36291.63011241527
36000.0,36.0,36124.57317590953
218000.0,218.0,59493.134953574154
218000.0,218.0,59737.32804757369
218000.0,218.0,64323.72919672315
218000.0,218.0,61363.18902119251
217000.0,217.0,65302.09926498375
2.44e6,2440.0,245.60653659467238
2.45e6,2450.0,240.72524423795912
2.45e6,2450.0,241.26937118402088
2.44e6,2440.0,244.11723645415955
2.44e6,2440.0,249.7786619217084
48000.0,48.0,18448.17457806903
48000.0,48.0,18272.52914033952
48000.0,48.0,17762.17680500197
48000.0,48.0,18818.211482758732
48000.0,48.0,18008.982200078324
901000.0,901.0,2126.627723627762
901000.0,901.0,2250.166457091724
901000.0,901.0,2341.6022718736867
901000.0,901.0,2255.259763802645
901000.0,901.0,2170.895964426679
50000.0,50.0,8869.352810671286
50000.0,50.0,8458.782910691243
50000.0,50.0,8745.248132530345
50000.0,50.0,8520.401394883484
50000.0,50.0,8631.262132944714
39000.0,39.0,46318.70920943164
41000.0,41.0,43572.01523129513
41000.0,41.0,44502.35530503406
40000.0,40.0,43661.38533205447
39000.0,39.0,43633.37491143528
16000.0,16.0,52816.09725412315
15000.0,15.0,53172.01068558899
15000.0,15.0,53103.440898846515
16000.0,16.0,53245.96742883786
15000.0,15.0,53145.60335529382
194000.0,194.0,31529.3832288669
122000.0,122.0,30845.557514752843
187000.0,187.0,31072.608919758266
130000.0,130.0,31063.3118727547
151000.0,151.0,30711.19364198088
1.45e6,1450.0,301.43177673849505
604000.0,604.0,304.9239667059392
130000.0,130.0,38057.94566636608
132000.0,132.0,39906.18799778554
132000.0,132.0,40947.63586095608
137000.0,137.0,39383.6841545061
144000.0,144.0,39210.28525268604
62000.0,62.0,41098.888231198296
59000.0,59.0,41238.83205934458
61000.0,61.0,44415.02727537248
63000.0,63.0,42352.02879572343
58000.0,58.0,45104.53380839528
68000.0,68.0,8527.980755879229
68000.0,68.0,8775.465900068146
68000.0,68.0,8747.582519240743
68000.0,68.0,8810.604064635183
68000.0,68.0,8783.454663757453
66000.0,66.0,29643.595293175305
67000.0,67.0,29520.327603153604
66000.0,66.0,29095.5143602621
66000.0,66.0,29945.616541119056
67000.0,67.0,29154.83420228553
43000.0,43.0,12620.439685625417
43000.0,43.0,12173.636861652489
43000.0,43.0,12240.15948527658
43000.0,43.0,12714.009207769697
44000.0,44.0,12373.468894009493
134000.0,134.0,24899.458960986372
134000.0,134.0,23386.49925771925
134000.0,134.0,23476.91430749118
134000.0,134.0,23906.498016099184
134000.0,134.0,22968.936838944846
51000.0,51.0,55338.48863166519
59000.0,59.0,52705.620433579235
56000.0,56.0,52271.66834641236
58000.0,58.0,55057.0925105227
63000.0,63.0,52255.21085751206
40000.0,40.0,23674.13169427411
40000.0,40.0,23800.725405243527
40000.0,40.0,23796.887757757268
40000.0,40.0,23944.38723756611
40000.0,40.0,23936.68470065217
57000.0,57.0,14015.923994629602
65000.0,65.0,13711.939322140966
54000.0,54.0,13812.871687748298
54000.0,54.0,13808.738822121633
62000.0,62.0,13652.209836958018
29000.0,29.0,10728.139326027533
30000.0,30.0,10845.131934592304
31000.0,31.0,10817.066881136298
30000.0,30.0,10832.611942049563
30000.0,30.0,10845.43844086275
14000.0,14.0,91456.41746974952
13000.0,13.0,86940.99647358998
13000.0,13.0,85855.42428888475
14000.0,14.0,89107.43025601681
13000.0,13.0,84984.81113806624
14000.0,14.0,45057.02726347669
17000.0,17.0,45274.27176344692
13000.0,13.0,44611.56420001743
13000.0,13.0,45324.78516120233
14000.0,14.0,44707.77089162211
75000.0,75.0,13585.023493237895
75000.0,75.0,13277.400199972853
75000.0,75.0,13079.64484796977
75000.0,75.0,13388.24392452847
75000.0,75.0,12986.2440747913
1.32e6,1320.0,2376.990255385926
1.42e6,1420.0,2462.46914417266
971000.0,971.0,2622.9367245815324
1.05e6,1050.0,2468.830353762894
1.08e6,1080.0,2379.1534403140845
44000.0,44.0,42286.92956648533
41000.0,41.0,42428.362495683265
44000.0,44.0,45690.98681494301
39000.0,39.0,43548.73964970659
43000.0,43.0,46386.38959068382
881000.0,881.0,14165.319444397886
880000.0,880.0,15041.050871014084
880000.0,880.0,15543.626743428305
877000.0,877.0,14953.968289377648
878000.0,878.0,14278.803012799302
121000.0,121.0,28998.915224554068
148000.0,148.0,29106.657219544937
117000.0,117.0,31331.07148516656
108000.0,108.0,29884.5446625495
105000.0,105.0,31814.667157564712
65000.0,65.0,16647.50025634312
62000.0,62.0,16410.452517577163
62000.0,62.0,16677.76512166297
62000.0,62.0,16670.523265454794
65000.0,65.0,16607.94256899277
17000.0,17.0,141326.41558219033
11000.0,11.0,137339.492637062
24000.0,24.0,134548.6510391438
19000.0,19.0,138384.97367771383
12000.0,12.0,133017.08261104274
79000.0,79.0,35969.67546755523
78000.0,78.0,36103.31648702231
78000.0,78.0,38862.43553062233
78000.0,78.0,37068.19254043651
79000.0,79.0,39462.27794744995
12000.0,12.0,9366.010481624793
11000.0,11.0,9309.337357937637
11000.0,11.0,9477.297967155571
11000.0,11.0,9290.138341167249
12000.0,12.0,9451.768711909655
255000.0,255.0,236.5983868923267
255000.0,255.0,239.1637405037451
255000.0,255.0,253.9923925856584
255000.0,255.0,239.42905337090292
255000.0,255.0,236.76755985962512
260000.0,260.0,3316.5569892632884
260000.0,260.0,3545.4323038634234
260000.0,260.0,3695.848602558882
260000.0,260.0,3566.3673157531707
261000.0,261.0,3339.985292300772
104000.0,104.0,65972.01268141858
104000.0,104.0,66691.45131111107
104000.0,104.0,66518.8670440507
104000.0,104.0,66614.46041066697
104000.0,104.0,66693.3361519904
7.8e6,7800.0,231.8349949282042
7.83e6,7830.0,229.81059631723602
8.83e6,8830.0,231.6114944394339
8.7e6,8700.0,236.30762676093994
7.8e6,7800.0,233.2053467567089
35000.0,35.0,10197.829414905116
35000.0,35.0,10170.564561429483
35000.0,35.0,10196.764502755246
35000.0,35.0,10123.435965660166
35000.0,35.0,10230.75717422832
125000.0,125.0,8904.164085116992
125000.0,125.0,9133.99509740799
125000.0,125.0,9007.969022211806
125000.0,125.0,9050.955392974627
125000.0,125.0,9059.447990662822
67000.0,67.0,87213.9424560771
67000.0,67.0,81451.92413897232
67000.0,67.0,84691.97095570355
67000.0,67.0,84709.11132212318
67000.0,67.0,80304.35045099673
18000.0,18.0,18004.950741749908
18000.0,18.0,18201.298504427374
18000.0,18.0,18154.197148853622
18000.0,18.0,18180.286300710723
18000.0,18.0,18201.812911458605
74000.0,74.0,51711.61103045349
73000.0,73.0,49735.84235752867
74000.0,74.0,49743.39889745574
74000.0,74.0,50794.74293857634
74000.0,74.0,49135.00528650123
55000.0,55.0,73509.6199950343
56000.0,56.0,67888.05360134687
56000.0,56.0,70214.79223570683
56000.0,56.0,69477.59613207153
56000.0,56.0,68549.99712148913
2.02e6,2020.0,3268.7946115936306
2.02e6,2020.0,3454.51867626523
2.02e6,2020.0,3557.768291961543
2.01e6,2010.0,3432.527597359356
2.02e6,2020.0,3329.5592158725335
71000.0,71.0,31702.516318329843
70000.0,70.0,32420.863613605292
71000.0,71.0,31425.857941577335
70000.0,70.0,32221.781658551412
70000.0,70.0,31442.713588330964
22000.0,22.0,14734.575399844722
23000.0,23.0,14697.6274797978
23000.0,23.0,14761.273220558416
23000.0,23.0,14651.339063458212
23000.0,23.0,14739.194251887435
66000.0,66.0,41373.90350493705
67000.0,67.0,41505.848118456226
67000.0,67.0,44696.97112447235
66000.0,66.0,42604.901566700086
66000.0,66.0,45393.931551636604
146000.0,146.0,10143.782856631246
147000.0,147.0,10179.900893494843
147000.0,147.0,10964.089992429504
147000.0,147.0,10453.950957285308
147000.0,147.0,11130.205579282627
200000.0,200.0,41866.29670904809
200000.0,200.0,42021.84591823
200000.0,200.0,45233.27596405117
200000.0,200.0,43144.89711662435
200000.0,200.0,45931.45242172397
32000.0,32.0,30220.32860154173
32000.0,32.0,30274.880301886595
32000.0,32.0,30384.892938590347
32000.0,32.0,30460.43568059899
32000.0,32.0,30320.220786595368
170000.0,170.0,66352.96702274012
170000.0,170.0,69582.65257645222
170000.0,170.0,75438.3315848046
170000.0,170.0,68655.40049431662
170000.0,170.0,76617.55328941182
1.56e6,1560.0,16840.575518588757
1.23e6,1230.0,17754.33483407791
1.3e6,1300.0,18548.38903377539
1.16e6,1160.0,17852.275883768354
1.45e6,1450.0,17055.804764421366
21000.0,21.0,75182.9886544614
19000.0,19.0,72995.33569249845
20000.0,20.0,74699.43209706963
21000.0,21.0,73438.59517409439
22000.0,22.0,73402.50587734286
27000.0,27.0,11998.671245444999
25000.0,25.0,12049.873983616686
24000.0,24.0,11883.384868110827
20000.0,20.0,12051.27302572251
27000.0,27.0,11904.60892849802
2.7e6,2700.0,8737.61308783661
2.7e6,2700.0,9292.056785838573
2.7e6,2700.0,9671.045189053319
2.7e6,2700.0,9291.314252306136
2.7e6,2700.0,8794.726151420406
38000.0,38.0,22110.301887475158
38000.0,38.0,21902.24657442398
38000.0,38.0,21961.745028005655
38000.0,38.0,22194.539660196555
38000.0,38.0,21960.428593989684
81000.0,81.0,14550.019774170203
82000.0,82.0,14649.109835877336
81000.0,81.0,14631.706388233719
82000.0,82.0,14974.576419962268
81000.0,81.0,14716.127142117854
474000.0,474.0,2211.5583917604495
468000.0,468.0,2002.4012136576455
533000.0,533.0,2090.050098971025
470000.0,470.0,2253.2258429805192
474000.0,474.0,1940.9648786074615
790000.0,790.0,2512.282154111187
815000.0,815.0,2696.0767538153314
789000.0,789.0,2835.143806819174
794000.0,794.0,2701.4416670557553
796000.0,796.0,2530.439720985427
512000.0,512.0,10736.686114790748
512000.0,512.0,11480.304145039709
512000.0,512.0,10403.011031429029
512000.0,512.0,22004.15427374629
512000.0,512.0,10575.233981336714
184000.0,184.0,36865.64470606074
184000.0,184.0,38273.5638684679
184000.0,184.0,35193.38655400352
184000.0,184.0,36116.264818249314
184000.0,184.0,39210.28525268604
43000.0,43.0,96607.4733177459
43000.0,43.0,92412.87969013113
43000.0,43.0,91164.45479867623
43000.0,43.0,93369.99999879685
43000.0,43.0,90429.38090098009
76000.0,76.0,119482.83474319337
76000.0,76.0,107216.68618930381
76000.0,76.0,111030.34201031803
76000.0,76.0,109922.15841431473
75000.0,75.0,108304.30596574867
51000.0,51.0,11348.925698606206
51000.0,51.0,10915.312213745865
51000.0,51.0,10916.970615185348
51000.0,51.0,11147.704587084298
51000.0,51.0,10783.449076238061
169000.0,169.0,39253.24539112773
169000.0,169.0,40108.941296858015
169000.0,169.0,43244.3184166012
169000.0,169.0,41617.67984557604
169000.0,169.0,36068.005905188584
175000.0,175.0,66352.96702274012
175000.0,175.0,69582.65257645222
176000.0,176.0,75438.3315848046
176000.0,176.0,68655.40049431662
175000.0,175.0,76617.55328941182
8.38e6,8380.0,263.0127469554515
8.54e6,8540.0,264.532136291565
8.35e6,8350.0,266.6101061074375
8.43e6,8430.0,272.56465525528574
8.37e6,8370.0,265.4697418697699
970000.0,970.0,10625.943839278578
959000.0,959.0,10587.329169726321
960000.0,960.0,10724.146516567824
932000.0,932.0,10528.672929823404
933000.0,933.0,11015.8418036524
12000.0,12.0,17235.824697392414
17000.0,17.0,16590.558960390266
14000.0,14.0,16687.52420553932
9900.0,9.9,16733.770959531594
20000.0,20.0,16460.65025822015
153000.0,153.0,47593.631909782525
152000.0,152.0,55648.279171650145
151000.0,151.0,39959.5199694526
148000.0,148.0,47366.23671333225
148000.0,148.0,42976.03016235391
530000.0,530.0,3630.834731118077
684000.0,684.0,3954.2093758694423
596000.0,596.0,4295.871483035832
594000.0,594.0,3810.147083321609
704000.0,704.0,3713.516879200825
311000.0,311.0,62446.40874963443
335000.0,335.0,76114.31499318295
366000.0,366.0,51484.70671742754
321000.0,321.0,65281.8857461982
436000.0,436.0,56780.8590101158
152000.0,152.0,62234.26550672842
154000.0,154.0,62480.648238414775
156000.0,156.0,67291.82659363127
160000.0,160.0,64197.744823187706
158000.0,158.0,68328.66575253429
65000.0,65.0,9012.632190855826
65000.0,65.0,9042.004776426307
65000.0,65.0,9723.188106081128
65000.0,65.0,9283.664123780103
65000.0,65.0,9869.312453241051
1.5e6,1500.0,9751.204364825733
1.26e6,1260.0,9880.473107213595
1.06e6,1060.0,10543.44139267255
871000.0,871.0,9895.905654168691
1.12e6,1120.0,9643.79096081885
169000.0,169.0,9519.207640871278
169000.0,169.0,9378.81113422512
168000.0,168.0,9153.367304787977
168000.0,168.0,9606.544177568667
169000.0,169.0,9317.680114445036
24000.0,24.0,8014.707548354143
20000.0,20.0,8054.804293631553
26000.0,26.0,7935.5452352089105
18000.0,18.0,8053.927486430484
27000.0,27.0,7950.912263396373
44000.0,44.0,52592.38721342086
44000.0,44.0,49154.84573584213
44000.0,44.0,49243.422075157454
43000.0,43.0,51264.47418054646
43000.0,43.0,49418.14845773251
32000.0,32.0,13554.073544869856
33000.0,33.0,13009.869077293883
33000.0,33.0,13172.774697634393
33000.0,33.0,13119.316364590497
33000.0,33.0,13035.504186016724
75000.0,75.0,30080.35496042183
74000.0,74.0,30163.24722375223
74000.0,74.0,32508.49551846362
75000.0,75.0,30958.71987772174
75000.0,75.0,32991.87436075618
150000.0,150.0,19865.093852503698
150000.0,150.0,23288.636795617756
150000.0,150.0,16796.164052737266
150000.0,150.0,19900.36159642707
150000.0,150.0,18071.064371392455
49000.0,49.0,58069.578996946555
51000.0,51.0,59393.341457200724
50000.0,50.0,57641.81314589495
43000.0,43.0,59029.735762116165
50000.0,50.0,57902.447026811344
91000.0,91.0,25928.53274021112
93000.0,93.0,26516.047345593473
87000.0,87.0,25702.262190976082
76000.0,76.0,26353.224213897298
95000.0,95.0,25716.047916510313
85000.0,85.0,44422.52147689567
85000.0,85.0,42091.54780641583
85000.0,85.0,42890.47944334844
85000.0,85.0,42320.83174525373
85000.0,85.0,42498.85728452641
144000.0,144.0,17762.132688151814
144000.0,144.0,18926.505379325496
144000.0,144.0,16989.99531916612
144000.0,144.0,17567.303214476982
143000.0,143.0,17510.520023745124
57000.0,57.0,10515.220666095232
56000.0,56.0,10610.46351050071
56000.0,56.0,10350.870691661465
48000.0,48.0,10508.77199146685
50000.0,50.0,10405.044855284576
237000.0,237.0,7722.658398977234
237000.0,237.0,9034.398485494312
236000.0,236.0,6481.119769537893
237000.0,237.0,7689.033681527238
237000.0,237.0,6971.805098622689
8.74e6,8740.0,236.77321692320777
4.82e6,4820.0,234.70569742899923
7.54e6,7540.0,236.54495574233448
4.91e6,4910.0,241.34111844936837
6.74e6,6740.0,238.17275805310553
71000.0,71.0,48724.60834918803
71000.0,71.0,48905.63879353531
72000.0,72.0,52643.148043777524
72000.0,72.0,50212.66220136458
72000.0,72.0,53455.69601512407
113000.0,113.0,11158.673740164622
113000.0,113.0,11098.664878786369
113000.0,113.0,11152.854758335216
113000.0,113.0,11009.219677116818
113000.0,113.0,11171.256630678035
4.51e6,4510.0,219.4692419721311
4.43e6,4430.0,218.93830529756218
4.6e6,4600.0,219.43956474964202
4.52e6,4520.0,222.0160503944936
4.6e6,4600.0,223.13691372274565
212000.0,212.0,36133.74337221769
212000.0,212.0,36257.324865565955
212000.0,212.0,39058.16796693272
212000.0,212.0,37235.77483808232
212000.0,212.0,39647.28593763915
230000.0,230.0,44277.4201126864
230000.0,230.0,44464.51702892432
230000.0,230.0,47867.41277418478
230000.0,230.0,45688.84975007418
230000.0,230.0,48602.88224054163
108000.0,108.0,99712.72493823107
108000.0,108.0,102033.58537117255
108000.0,108.0,99020.4111964603
107000.0,107.0,101462.27717564742
108000.0,108.0,99132.39430553088
1.44e6,1440.0,5750.24024735232
1.43e6,1430.0,6119.14138552475
1.44e6,1440.0,6401.160523369825
1.43e6,1430.0,6105.163192369559
1.44e6,1440.0,5871.337445318632
781000.0,781.0,2557.919648122399
777000.0,777.0,2739.7451066521444
831000.0,831.0,2874.468414199434
768000.0,768.0,2737.3513637444216
747000.0,747.0,2574.914234628795
552000.0,552.0,5488.919320368124
421000.0,421.0,5956.5980494407395
534000.0,534.0,6245.606377934453
401000.0,401.0,5959.829717594441
421000.0,421.0,5606.243486154707
15000.0,15.0,13266.748403978385
15000.0,15.0,13340.268474630571
15000.0,15.0,13317.712806271946
15000.0,15.0,13351.107828282027
15000.0,15.0,13315.774028272415
120000.0,120.0,41093.860689415436
120000.0,120.0,41222.330591318816
120000.0,120.0,44407.87257216866
121000.0,121.0,42322.60924227504
120000.0,120.0,45077.74578985547
117000.0,117.0,11163.055146107623
148000.0,148.0,10903.702753892483
127000.0,127.0,10728.472581612472
113000.0,113.0,10988.744809782194
109000.0,109.0,10645.535476770796
110000.0,110.0,23162.658752709693
110000.0,110.0,22753.921824478268
110000.0,110.0,23195.053462472137
110000.0,110.0,23093.990952832373
110000.0,110.0,22722.82970074499
19000.0,19.0,14778.470425802367
19000.0,19.0,14560.572277001284
20000.0,20.0,14399.56209126367
18000.0,18.0,14979.713863391791
17000.0,17.0,14569.06546647231
59000.0,59.0,10284.00596468139
59000.0,59.0,9597.317338056537
61000.0,61.0,9662.597560195527
62000.0,62.0,5773.222829567651
61000.0,61.0,9434.972813644537
171000.0,171.0,4206.877387625864
171000.0,171.0,4193.3595286368
171000.0,171.0,4523.223640272088
171000.0,171.0,4267.434226880543
171000.0,171.0,4580.295584142386
146000.0,146.0,51162.71330397563
146000.0,146.0,51360.396892639896
146000.0,146.0,55295.69752686981
145000.0,145.0,52761.79290643861
146000.0,146.0,56160.05766481609
355000.0,355.0,7573.883783665564
355000.0,355.0,8028.622336300097
355000.0,355.0,8325.520490507937
355000.0,355.0,8041.579318506388
355000.0,355.0,7732.130860260221
152000.0,152.0,3294.180106932699
136000.0,136.0,3481.346506757859
125000.0,125.0,3585.397960118958
113000.0,113.0,3459.1846448884166
85000.0,85.0,3355.4166098048104
50000.0,50.0,34933.41753809137
50000.0,50.0,34604.69823073751
50000.0,50.0,34698.703474646776
50000.0,50.0,35066.50994460537
50000.0,50.0,34696.62356007232
24000.0,24.0,15395.936971349896
24000.0,24.0,15712.860408319459
24000.0,24.0,15681.232583919853
25000.0,25.0,15806.494898326302
23000.0,23.0,15693.917841015164
45000.0,45.0,16653.943104070535
45000.0,45.0,16892.455771090794
46000.0,46.0,17441.16223402356
46000.0,46.0,17436.557112732415
47000.0,47.0,17807.85925386844
35000.0,35.0,33215.328486754726
30000.0,30.0,30827.133743190483
31000.0,31.0,31496.039052181393
32000.0,32.0,32096.725404071472
33000.0,33.0,31505.60264277541
1.15e6,1150.0,3497.194520403655
1.12e6,1120.0,3631.2264018487645
1.17e6,1170.0,3739.648795295797
1.16e6,1160.0,3608.228301254701
1.15e6,1150.0,3563.170093007312
305000.0,305.0,6785.444886903034
305000.0,305.0,6758.775216296875
304000.0,304.0,6784.800547019663
305000.0,305.0,6812.140238270873
305000.0,305.0,6795.286689235593
71000.0,71.0,29986.527997327947
71000.0,71.0,30100.791688704787
70000.0,70.0,32412.658615432705
74000.0,74.0,30911.15989314268
73000.0,73.0,32905.70581300402
41000.0,41.0,48320.33465899595
39000.0,39.0,45784.83185334197
43000.0,43.0,46653.86501001047
40000.0,40.0,46034.234099955574
40000.0,40.0,46227.88032600285
61000.0,61.0,91887.15434447072
65000.0,65.0,88125.5402311254
57000.0,57.0,87027.56909079534
59000.0,59.0,90195.06241582987
60000.0,60.0,86479.77649308274
41000.0,41.0,34503.20303725473
41000.0,41.0,34595.33312106999
41000.0,41.0,37231.1098444141
41000.0,41.0,35518.75915786853
41000.0,41.0,37777.59259731167
25000.0,25.0,8870.7775564535
25000.0,25.0,8614.064730275883
25000.0,25.0,8796.460416422298
25000.0,25.0,8885.239177678512
25000.0,25.0,8676.634711611243
1.56e6,1560.0,840.3594560019466
1.48e6,1480.0,857.4491796673115
924000.0,924.0,870.8641456720577
1.85e6,1850.0,881.534462429977
1.65e6,1650.0,845.6051504946723
3.52e6,3520.0,10625.943839278578
3.52e6,3520.0,10587.329169726321
3.52e6,3520.0,10724.146516567824
3.52e6,3520.0,10528.672929823404
3.52e6,3520.0,11015.8418036524
120000.0,120.0,38303.48548427879
120000.0,120.0,38423.231960763784
120000.0,120.0,41392.467729221804
120000.0,120.0,39448.79895857128
120000.0,120.0,42016.85489167166
129000.0,129.0,39813.80714505394
117000.0,117.0,39977.22527318315
154000.0,154.0,43046.52210860097
117000.0,117.0,41065.27879900328
113000.0,113.0,43701.263823668065
60000.0,60.0,46455.4267296145
60000.0,60.0,45600.430665605716
60000.0,60.0,46296.33287682533
60000.0,60.0,46328.604319830425
60000.0,60.0,46225.33183362965
113000.0,113.0,12023.259753513574
113000.0,113.0,11941.113209915107
113000.0,113.0,12445.843635622708
113000.0,113.0,12293.279570287748
113000.0,113.0,12845.979723146775
9.41e6,9410.0,255.99947154664426
20000.0,20.0,66472.45941981331
20000.0,20.0,66090.26478817177
20000.0,20.0,65827.85549091258
20000.0,20.0,65509.71561542967
20000.0,20.0,65520.293714891195
6500.0,6.5,45813.51065566538
7800.0,7.8,46173.86755804259
7900.0,7.9,46031.345795562585
6100.0,6.1,44922.749063309
9100.0,9.1,46073.12447339037
38000.0,38.0,21000.424167515383
39000.0,39.0,23011.51655553721
39000.0,39.0,24959.661613041073
39000.0,39.0,22346.086674371694
39000.0,39.0,21632.009493737973
129000.0,129.0,12063.177805160361
129000.0,129.0,11801.545310886075
129000.0,129.0,11888.41543611529
129000.0,129.0,11884.858375380778
129000.0,129.0,11750.137540677797
100000.0,100.0,5298.637948898882
100000.0,100.0,5283.795823770127
100000.0,100.0,5697.989271835107
100000.0,100.0,5380.343777199774
101000.0,101.0,5770.754330908496
635000.0,635.0,17000.00532730099
652000.0,652.0,18628.129853639486
633000.0,633.0,20206.138118511422
648000.0,648.0,18087.026751126596
656000.0,656.0,17510.27452017745
924000.0,924.0,17835.062932623994
924000.0,924.0,18438.057846337313
923000.0,923.0,19218.030518619104
924000.0,924.0,18487.389432915377
923000.0,923.0,18057.42733331919
38000.0,38.0,48516.63612264454
38000.0,38.0,44369.66755143387
38000.0,38.0,44731.946311746666
38000.0,38.0,46202.523717109885
38000.0,38.0,44775.216069862996
1.34e6,1340.0,285.83187981861863
1.47e6,1470.0,281.9066740172222
1.47e6,1470.0,283.462388153469
1.5e6,1500.0,289.6461028931981
1.31e6,1310.0,288.4130045175469
1.24e6,1240.0,2649.743483563848
1.25e6,1250.0,2541.7356099738918
1.25e6,1250.0,2617.098895625103
1.25e6,1250.0,2585.432331558555
1.25e6,1250.0,2640.1661640651755
123000.0,123.0,13207.81992684005
123000.0,123.0,12646.233166234944
122000.0,122.0,12543.997787514318
122000.0,122.0,12592.838744784664
123000.0,123.0,12431.406162405809
3.39e6,3390.0,2689.8946366845016
3.31e6,3310.0,2704.3413951691323
3.03e6,3030.0,2735.5859005068965
3.11e6,3110.0,2794.088013892559
3.32e6,3320.0,2712.9263449461887
146000.0,146.0,40150.33188539357
146000.0,146.0,40315.13129923942
145000.0,145.0,43410.37125325431
145000.0,145.0,41412.381557462424
146000.0,146.0,57394.50963563049
104000.0,104.0,48032.48060211588
104000.0,104.0,45193.69472471333
104000.0,104.0,46966.12806186913
104000.0,104.0,45364.33579526756
104000.0,104.0,46386.832382558845
101000.0,101.0,55825.191732831394
99000.0,99.0,56027.3106020804
96000.0,96.0,60243.07579378331
102000.0,102.0,57538.68536182009
108000.0,108.0,61132.3672938484
47000.0,47.0,73228.35491311866
47000.0,47.0,75077.594906453
47000.0,47.0,74232.68990759012
47000.0,47.0,74601.5152500901
46000.0,46.0,74476.44654038026
84000.0,84.0,28986.081530914635
84000.0,84.0,29199.031443080254
84000.0,84.0,29338.278206845465
84000.0,84.0,29220.000644352014
84000.0,84.0,29322.838182160023
24000.0,24.0,38371.502959828606
24000.0,24.0,38350.61307950961
24000.0,24.0,38423.97166242439
24000.0,24.0,38310.6472496264
24000.0,24.0,38428.51853589822
41000.0,41.0,9644.763890807635
20000.0,20.0,9642.576981555068
23000.0,23.0,9667.949018937969
34000.0,34.0,9638.75484099878
30000.0,30.0,9667.612342879856
50000.0,50.0,39212.60081146136
50000.0,50.0,38362.13746565077
50000.0,50.0,38644.51774703881
50000.0,50.0,38632.95515508356
50000.0,50.0,38195.03121849573
9800.0,9.8,15346.739852652172
9900.0,9.9,15514.099268275239
9900.0,9.9,15473.951852097
11000.0,11.0,15496.18925958953
14000.0,14.0,15514.537729396288
69000.0,69.0,39221.97454143585
66000.0,66.0,39261.777119046244
67000.0,67.0,39055.64146477721
70000.0,70.0,38711.13262697394
66000.0,66.0,39112.07646096828
100000.0,100.0,13590.696195851107
86000.0,86.0,13832.74341830498
81000.0,81.0,13606.527709952377
87000.0,87.0,13782.011201219244
98000.0,98.0,13611.6448636754
42000.0,42.0,50909.98988545525
42000.0,42.0,50294.19285113608
42000.0,42.0,50546.83926913075
42000.0,42.0,50790.003280569385
42000.0,42.0,50458.99139462708
654000.0,654.0,2106.089504469081
654000.0,654.0,2194.41203605091
654000.0,654.0,2281.2795404854655
655000.0,655.0,2199.3220686855902
654000.0,654.0,2143.9239884418344
45000.0,45.0,7644.429295356766
45000.0,45.0,7818.692803135817
45000.0,45.0,7588.117094376213
45000.0,45.0,7770.826810726796
45000.0,45.0,7622.427611329412
90000.0,90.0,30212.63715192504
112000.0,112.0,30291.40888441718
106000.0,106.0,32647.760364136106
97000.0,97.0,31088.302907932437
99000.0,99.0,33141.6899069958
8000.0,8.0,14063.563522543922
9300.0,9.3,14132.355056869452
8000.0,8.0,13921.066305686214
7500.0,7.5,14143.30439656409
7500.0,7.5,13956.515934258692
80000.0,80.0,59050.56839904765
80000.0,80.0,69248.9161384282
80000.0,80.0,49894.75432249863
80000.0,80.0,59236.96320475353
80000.0,80.0,53724.12925132999
161000.0,161.0,59948.3985242951
171000.0,171.0,57289.080991050956
155000.0,155.0,58505.642604814355
157000.0,157.0,58443.3418355606
159000.0,159.0,57637.46940742292
32000.0,32.0,39468.60064805622
32000.0,32.0,39600.607390050136
32000.0,32.0,42645.78512325585
32000.0,32.0,40646.313922084555
32000.0,32.0,43294.840865222446
30000.0,30.0,32238.767653348998
30000.0,30.0,32973.6872295113
30000.0,30.0,32001.282827037187
30000.0,30.0,32771.82250578253
30000.0,30.0,32145.980193103784
40000.0,40.0,20917.686745913907
40000.0,40.0,21257.90174133964
40000.0,40.0,20841.15366436861
40000.0,40.0,21255.599073744135
40000.0,40.0,20939.674408707568
59000.0,59.0,90067.98277372833
58000.0,58.0,86380.84067449551
58000.0,58.0,85304.60704359463
58000.0,58.0,88409.39069121533
58000.0,58.0,84767.65958226194
7500.0,7.5,96036.55829912418
7600.0,7.6,96830.5477625807
7600.0,7.6,95901.1634747056
7600.0,7.6,96351.05891978042
7500.0,7.5,96261.3529105394
61000.0,61.0,64280.967776556114
61000.0,61.0,60604.22872813897
61000.0,61.0,61105.429264703846
60000.0,60.0,61156.213837823176
60000.0,60.0,60282.32876108666
15000.0,15.0,26694.813073042456
15000.0,15.0,26912.454900448865
15000.0,15.0,26883.805053622367
16000.0,16.0,27203.705259190694
15000.0,15.0,26962.74454232166
1.04e6,1040.0,1894.076718766093
1.04e6,1040.0,1989.5363633062066
1.04e6,1040.0,2071.8676912412357
1.04e6,1040.0,1996.4946270795376
1.04e6,1040.0,1931.1113760787055
390000.0,390.0,17284.744491288213
396000.0,396.0,17778.88423699913
363000.0,363.0,18522.576944327644
347000.0,347.0,17799.084746898512
376000.0,376.0,17404.239391673436
11000.0,11.0,11017.239561099563
11000.0,11.0,11101.3159891101
12000.0,12.0,11094.771994325029
12000.0,12.0,11217.261881339948
12000.0,12.0,11127.837489746342
970000.0,970.0,48816.06862184878
966000.0,966.0,57497.79896502126
969000.0,969.0,41171.62663822862
966000.0,966.0,49355.86857288131
967000.0,967.0,44405.19341452727
41000.0,41.0,38878.77910088178
41000.0,41.0,37423.25582359587
41000.0,41.0,37641.97992950902
41000.0,41.0,37746.29854287194
41000.0,41.0,37130.221296752585
105000.0,105.0,14177.348792697529
80000.0,80.0,14450.414417635266
103000.0,103.0,14396.20089487156
102000.0,102.0,14405.68211469031
82000.0,82.0,14481.436182917969
50000.0,50.0,15164.282485661062
50000.0,50.0,14584.893955976557
50000.0,50.0,14587.109889763668
50000.0,50.0,14895.413532049743
50000.0,50.0,14408.700198107521
12000.0,12.0,18746.58801066799
12000.0,12.0,18470.182759910163
12000.0,12.0,18265.940268598322
12000.0,12.0,19001.866649501466
12000.0,12.0,18480.956427233123
141000.0,141.0,30514.032565256686
141000.0,141.0,32764.158775333803
141000.0,141.0,33760.329355284055
141000.0,141.0,32527.41205007101
141000.0,141.0,31190.516063194584
75000.0,75.0,42857.4452086566
75000.0,75.0,43981.26727995836
75000.0,75.0,43211.53053793913
76000.0,76.0,43734.80506956166
76000.0,76.0,43369.96641431818
1.09e6,1090.0,685.5816980228533
2.38e6,2380.0,695.1676216971501
1.61e6,1610.0,703.7558692273202
1.61e6,1610.0,705.3991289579867
2.03e6,2030.0,695.3012083328559
14000.0,14.0,18721.103652161728
14000.0,14.0,19569.76657011369
15000.0,15.0,18830.406666116065
14000.0,14.0,19146.043832226052
14000.0,14.0,18841.974232787023
96000.0,96.0,66352.96702274012
96000.0,96.0,69582.65257645222
95000.0,95.0,75438.3315848046
96000.0,96.0,68655.40049431662
96000.0,96.0,76617.55328941182
43000.0,43.0,4336.615310456894
42000.0,42.0,4324.808298283023
43000.0,43.0,4381.944292703087
43000.0,43.0,7367.298214684466
43000.0,43.0,4378.161832066665
50000.0,50.0,27281.84498222043
56000.0,56.0,26186.461968848856
53000.0,53.0,26514.3608743808
56000.0,56.0,26406.75913013149
51000.0,51.0,26238.060704827654
2.96e6,2960.0,3394.3465373471327
2.97e6,2970.0,3359.161851811724
2.96e6,2960.0,3099.766743904213
2.96e6,2960.0,3457.5679739834786
2.97e6,2970.0,3358.864577840858
28000.0,28.0,10307.452875495967
29000.0,29.0,9549.007824927254
29000.0,29.0,9565.952111147006
29000.0,29.0,9972.791826921133
28000.0,28.0,9562.739282155177
66000.0,66.0,41547.25528967623
66000.0,66.0,41690.164847168395
66000.0,66.0,44911.928123803715
66000.0,66.0,42799.23474863124
66000.0,66.0,45585.44016885844
215000.0,215.0,44420.088768014735
215000.0,215.0,44279.77103392505
215000.0,215.0,48619.36043620489
215000.0,215.0,45412.34732535775
215000.0,215.0,49219.71026341985
7800.0,7.8,10952.016972912434
7800.0,7.8,10931.070689358588
7800.0,7.8,13385.509839358021
7800.0,7.8,11206.375289718908
7800.0,7.8,12074.054506151857
49000.0,49.0,23801.416801329215
48000.0,48.0,23881.023056306425
49000.0,49.0,25717.408012247994
48000.0,48.0,24511.633126391316
48000.0,48.0,26108.819057691373
99000.0,99.0,17404.615110539144
99000.0,99.0,18088.581577777284
101000.0,101.0,16248.989841675944
104000.0,104.0,16810.773836216176
104000.0,104.0,17141.476560976636
63000.0,63.0,4687.028353268333
63000.0,63.0,4672.6585822321595
63000.0,63.0,5041.155160547262
63000.0,63.0,4757.794154671137
63000.0,63.0,5105.750364297893
80000.0,80.0,118979.57707699876
49000.0,49.0,120268.9806747701
78000.0,78.0,115499.5807735228
51000.0,51.0,119533.06461389246
85000.0,85.0,115800.05794073493
173000.0,173.0,18781.195565431917
176000.0,176.0,20197.140639290414
183000.0,183.0,20959.69319743583
175000.0,175.0,20166.35451725355
188000.0,188.0,19169.47734063218
65000.0,65.0,118979.57707699876
65000.0,65.0,120268.9806747701
65000.0,65.0,115499.5807735228
65000.0,65.0,119533.06461389246
65000.0,65.0,115800.05794073493
128000.0,128.0,29793.46406153685
128000.0,128.0,30239.23143634464
128000.0,128.0,32576.031414107096
128000.0,128.0,30086.775801169908
128000.0,128.0,27090.456237047674
185000.0,185.0,53652.74336326347
188000.0,188.0,63185.49203643768
191000.0,191.0,45253.851396135266
191000.0,191.0,54252.164265472195
191000.0,191.0,48817.55026241816
82000.0,82.0,6945.605472641575
79000.0,79.0,6968.711076838754
82000.0,82.0,7493.265754926235
87000.0,87.0,7154.641428285925
78000.0,78.0,7603.890247035981
130000.0,130.0,22046.544324587117
130000.0,130.0,22226.536903160344
130000.0,130.0,22220.020546448934
130000.0,130.0,22124.479751174327
130000.0,130.0,22240.914957978726
102000.0,102.0,40319.768167807095
102000.0,102.0,40648.947150832755
102000.0,102.0,40637.029727946225
102000.0,102.0,40462.300180343416
102000.0,102.0,40675.24242089623
90000.0,90.0,8011.30687265632
90000.0,90.0,7975.948170118093
90000.0,90.0,8766.707980265965
90000.0,90.0,8173.265154184552
90000.0,90.0,8871.558833247356
60000.0,60.0,39745.88029308261
60000.0,60.0,39535.04071595795
60000.0,60.0,39545.056747349976
60000.0,60.0,38835.70267760143
60000.0,60.0,40921.86509191195
40000.0,40.0,24356.73488048964
41000.0,41.0,24790.522814596177
41000.0,41.0,24385.107524993244
41000.0,41.0,24699.60244203763
41000.0,41.0,24394.27829555409
14000.0,14.0,18769.666382465115
14000.0,14.0,18780.24746123313
13000.0,13.0,18726.72925901807
14000.0,14.0,18771.90789477826
13000.0,13.0,18724.466089285645
19000.0,19.0,16720.746432072803
20000.0,20.0,17020.356829315377
20000.0,20.0,16960.767732073626
20000.0,20.0,16617.39126999034
20000.0,20.0,17012.124278359955
83000.0,83.0,54424.562632421774
84000.0,84.0,54387.47716286999
84000.0,84.0,58939.476924749826
83000.0,83.0,55678.01554508233
83000.0,83.0,59755.05785466044
173000.0,173.0,63480.39989688622
173000.0,173.0,63707.280580415536
174000.0,174.0,68664.49132444602
173000.0,173.0,65447.91510627106
173000.0,173.0,69694.57560821861
3000.0,3.0,8830.40123865228
3000.0,3.0,8891.351380720196
3000.0,3.0,8891.087128310635
3000.0,3.0,8976.999221152255
3000.0,3.0,8911.581635621546
26000.0,26.0,14809.452324955708
26000.0,26.0,16128.433148704227
26000.0,26.0,17522.004892402518
26000.0,26.0,15540.831726082053
26000.0,26.0,15146.696353074636
15000.0,15.0,24114.56974647027
15000.0,15.0,23116.079962394935
15000.0,15.0,23104.809286692744
14000.0,14.0,22904.012994382538
14000.0,14.0,23054.6563554467
222000.0,222.0,43510.78931989071
222000.0,222.0,51233.989695636075
221000.0,221.0,36687.346173428785
222000.0,222.0,43966.41053117603
222000.0,222.0,39568.78050403144
528000.0,528.0,2774.339843835815
543000.0,543.0,2993.3105818734393
513000.0,513.0,3138.24979723253
529000.0,529.0,2987.0179225647184
510000.0,510.0,2796.2327186141224
17000.0,17.0,25516.993565895453
14000.0,14.0,25436.36222195465
21000.0,21.0,25552.696922814095
17000.0,17.0,25327.257811154388
21000.0,21.0,25507.22108431808
385000.0,385.0,4465.4238052727105
385000.0,385.0,4719.838345707019
385000.0,385.0,4910.584611847383
385000.0,385.0,4737.292340599545
385000.0,385.0,4575.614570525522
916000.0,916.0,1932.64536277746
916000.0,916.0,2030.048829873039
916000.0,916.0,2114.056651503729
916000.0,916.0,2037.1487831543773
916000.0,916.0,1970.4341482094987
516000.0,516.0,38057.94566636608
515000.0,515.0,39906.18799778554
516000.0,516.0,40947.63586095608
515000.0,515.0,39383.6841545061
517000.0,517.0,39210.28525268604
164000.0,164.0,5695.962906826581
164000.0,164.0,5603.249813729512
164000.0,164.0,5650.878651314211
164000.0,164.0,5612.459464912006
164000.0,164.0,5594.1188730314225
798000.0,798.0,224.91751080121796
826000.0,826.0,227.36377725042925
880000.0,880.0,229.67801144668476
808000.0,808.0,234.45404594967638
886000.0,886.0,226.31682234597693
52000.0,52.0,36500.72594289772
52000.0,52.0,36359.63684562662
52000.0,52.0,36658.312906101855
52000.0,52.0,35938.227963433514
52000.0,52.0,36559.78107231071
86000.0,86.0,41342.097354818834
84000.0,84.0,41456.02353770715
89000.0,89.0,44679.306090348335
89000.0,89.0,42549.31209586326
89000.0,89.0,45343.65646731734
68000.0,68.0,41269.159272221055
68000.0,68.0,39692.37002850593
68000.0,68.0,39698.400628666786
68000.0,68.0,40537.44013678336
68000.0,68.0,39212.86377668399
166000.0,166.0,31315.919077420567
166000.0,166.0,31423.023066212852
165000.0,165.0,33850.421052838064
165000.0,165.0,32271.013263214856
166000.0,166.0,34360.99009373853
36000.0,36.0,16097.12569476969
35000.0,35.0,15330.152218156145
35000.0,35.0,15439.82710778969
38000.0,38.0,15664.078419127934
38000.0,38.0,15293.037227225346
17000.0,17.0,40561.43294177346
17000.0,17.0,40868.12741581662
16000.0,16.0,40857.01850108173
17000.0,17.0,41309.03650054361
18000.0,18.0,40962.845382685744
233000.0,233.0,2117.9383097281575
208000.0,208.0,2178.15028928782
208000.0,208.0,2321.7556503054366
233000.0,233.0,2186.4655168054123
208000.0,208.0,2117.242353859336
17000.0,17.0,22083.205131978535
30000.0,30.0,22984.34422496078
20000.0,20.0,22123.21805636885
21000.0,21.0,21958.456027170458
19000.0,19.0,22090.127561323498
90000.0,90.0,6189.122831276409
90000.0,90.0,6168.650875795379
90000.0,90.0,6651.541916828927
90000.0,90.0,6276.417960507545
90000.0,90.0,6736.950523311599
126000.0,126.0,13735.405518936985
122000.0,122.0,13783.136528296336
113000.0,113.0,11433.4811133928
113000.0,113.0,14158.600703954335
115000.0,115.0,15045.11667355723
65000.0,65.0,14532.7311301252
65000.0,65.0,14769.098234911527
66000.0,66.0,14479.559156083911
65000.0,65.0,14767.498438076731
65000.0,65.0,14548.007235721469
64000.0,64.0,69534.07991665964
65000.0,65.0,68854.18587336934
65000.0,65.0,69730.02143458564
65000.0,65.0,69061.20625828614
64000.0,64.0,68591.65275100419
135000.0,135.0,939.6176833055582
135000.0,135.0,960.9818621285332
136000.0,136.0,995.7164921605763
136000.0,136.0,981.9475238812439
136000.0,136.0,1007.6740192638526
279000.0,279.0,22498.51712117686
278000.0,278.0,26475.523576891614
278000.0,278.0,18955.91890006019
278000.0,278.0,22727.82410624901
279000.0,279.0,20426.971965421497
255000.0,255.0,40980.245355952786
255000.0,255.0,41114.4396559754
255000.0,255.0,44299.80917766975
255000.0,255.0,42234.86696693785
255000.0,255.0,44976.75774764528
147000.0,147.0,14539.498938317258
148000.0,148.0,14590.024200126842
148000.0,148.0,15691.14885175673
148000.0,148.0,14987.468671338791
147000.0,147.0,15925.88275609748
178000.0,178.0,2942.530840305453
178000.0,178.0,3145.860911160835
178000.0,178.0,2875.693913350989
178000.0,178.0,2946.4127706108443
178000.0,178.0,2895.0050578868413
60000.0,60.0,18442.880969159476
60000.0,60.0,17687.878794598033
60000.0,60.0,17467.502495069082
60000.0,60.0,18103.257326971045
60000.0,60.0,17357.553789534843
8.54e6,8540.0,279.16019790681906
9.57e6,9570.0,280.2299589378658
9.11e6,9110.0,281.78461131612147
9.03e6,9030.0,287.9139491153172
9.69e6,9690.0,281.604775477724
29000.0,29.0,7637.1109842462865
30000.0,30.0,7706.285012664468
34000.0,34.0,7517.7450636569265
30000.0,30.0,7632.4273693795985
33000.0,33.0,7557.091275515555
236000.0,236.0,5393.230102063032
236000.0,236.0,5841.438666538168
236000.0,236.0,6110.83667209895
236000.0,236.0,5827.90443815659
236000.0,236.0,5505.317186947049
23000.0,23.0,5960.177954457032
14000.0,14.0,5985.612223386987
11000.0,11.0,5902.911002927114
21000.0,21.0,5986.307178665444
12000.0,12.0,5913.453768391401
91000.0,91.0,6253.600866967215
92000.0,92.0,6239.334098298728
92000.0,92.0,6405.093011919373
91000.0,91.0,6369.81718207022
92000.0,92.0,6702.6398610050965
101000.0,101.0,61291.7926570773
102000.0,102.0,59099.234963004616
102000.0,102.0,58520.4178013341
101000.0,101.0,59385.02762022864
102000.0,102.0,58143.7202870016
1.11e6,1110.0,2856.1659960654692
1.14e6,1140.0,2781.5200366167655
1.15e6,1150.0,2870.6329528143456
1.13e6,1130.0,2663.7292526583633
1.14e6,1140.0,3080.7157234996903
62000.0,62.0,44488.17226893925
62000.0,62.0,44639.96766008327
62000.0,62.0,48080.39825977841
62000.0,62.0,45838.819048968326
62000.0,62.0,48821.35036137409
102000.0,102.0,55690.31269911939
104000.0,104.0,65555.11374713032
105000.0,105.0,46968.35570114147
105000.0,105.0,56270.783217087264
101000.0,101.0,50661.71099547045
75000.0,75.0,53091.314044551866
75000.0,75.0,48954.634350242784
75000.0,75.0,49296.75727108921
75000.0,75.0,50877.8222864847
75000.0,75.0,49506.746402240584
1.03e6,1030.0,5397.620772872253
1.03e6,1030.0,5857.520486410684
1.04e6,1040.0,6141.721668166462
1.04e6,1040.0,5860.698401431719
1.03e6,1030.0,5512.993456901266
4.3e6,4300.0,274.5029170125125
4.36e6,4360.0,276.0886835187705
4.21e6,4210.0,278.2574330661739
4.21e6,4210.0,284.47211706723306
4.33e6,4330.0,277.067250030104
60000.0,60.0,13240.467529925822
60000.0,60.0,13193.562802894723
60000.0,60.0,14239.693213247247
61000.0,61.0,13429.292082252281
60000.0,60.0,14419.555519596766
12000.0,12.0,27624.659903720963
12000.0,12.0,27633.326365998924
12000.0,12.0,27643.30117237333
12000.0,12.0,27434.134795738686
12000.0,12.0,27584.195691969733
140000.0,140.0,28482.39868524163
140000.0,140.0,33505.98069118624
139000.0,139.0,24022.395680279602
139000.0,139.0,28743.242388666065
140000.0,140.0,25894.687026411706
108000.0,108.0,14153.612069430063
70000.0,70.0,13401.1708780047
131000.0,131.0,8441.441560544732
230000.0,230.0,13453.196532531396
75000.0,75.0,13562.444508279603
44000.0,44.0,35166.32654319362
44000.0,44.0,35453.43175570524
44000.0,44.0,35443.037549492605
44000.0,44.0,35290.64093098601
45000.0,45.0,35476.36611509303
13000.0,13.0,45098.82607994522
13000.0,13.0,45174.471729314835
13000.0,13.0,45511.07979523508
13000.0,13.0,44211.369190991965
13000.0,13.0,45548.937118942005
50000.0,50.0,64902.42337781994
50000.0,50.0,60691.369204086746
50000.0,50.0,62482.0513711492
50000.0,50.0,62500.099231708795
50000.0,50.0,61714.76714782919
48000.0,48.0,57935.501750698444
47000.0,47.0,55642.8772938947
47000.0,47.0,56406.99073246919
47000.0,47.0,56141.542968889815
48000.0,48.0,55852.35555436992
450000.0,450.0,68177.83235087704
450000.0,450.0,67578.78816765884
450000.0,450.0,68757.26562810088
450000.0,450.0,68280.57568940092
450000.0,450.0,68579.34146095262
18000.0,18.0,8543.61937431425
18000.0,18.0,8692.299223275848
18000.0,18.0,8582.382313191396
18000.0,18.0,8630.046572505726
18000.0,18.0,8603.131701105583
517000.0,517.0,17484.052422169443
538000.0,538.0,17983.890023022697
523000.0,523.0,18736.158145208145
550000.0,550.0,18004.323462129265
512000.0,512.0,17604.92520125912
25000.0,25.0,8779.05529476326
25000.0,25.0,9003.666023725931
25000.0,25.0,8865.540254513116
25000.0,25.0,9035.007201771707
25000.0,25.0,8909.48026184802
103000.0,103.0,90946.95516343565
103000.0,103.0,93063.78819418549
103000.0,103.0,90315.50289020919
103000.0,103.0,92542.70384035692
103000.0,103.0,90417.64153706704
170000.0,170.0,3334.624448664846
164000.0,164.0,3524.0887865473037
169000.0,169.0,3629.417733063254
186000.0,186.0,3501.6548321128607
127000.0,127.0,3396.612783546214
48000.0,48.0,53026.19333662568
48000.0,48.0,52884.42283499514
48000.0,48.0,53020.656056558706
48000.0,48.0,52639.365781256354
48000.0,48.0,53197.409549505435
23000.0,23.0,56134.38350650042
23000.0,23.0,52035.24061338381
23000.0,23.0,52189.908366119875
23000.0,23.0,54374.15962718862
23000.0,23.0,52203.38212210766
21000.0,21.0,15921.615948624118
21000.0,21.0,14872.66696024406
21000.0,21.0,15216.452960861257
20000.0,20.0,14768.829302502665
20000.0,20.0,14881.205899098446
94000.0,94.0,19440.52521545841
44000.0,44.0,18833.19850048011
94000.0,94.0,18552.184504103945
57000.0,57.0,19017.043029172626
94000.0,94.0,18348.41410535307
44000.0,44.0,21004.345050957596
35000.0,35.0,21061.899879897945
56000.0,56.0,37269.4107284096
58000.0,58.0,21606.29878611681
50000.0,50.0,22985.546664805763
391000.0,391.0,6078.416804200733
391000.0,391.0,6631.781485469643
391000.0,391.0,6932.652164510344
390000.0,390.0,6608.280507009578
391000.0,391.0,6212.432120802423
19000.0,19.0,66352.96702274012
19000.0,19.0,69582.65257645222
20000.0,20.0,75438.3315848046
19000.0,19.0,68655.40049431662
19000.0,19.0,76617.55328941182
2.59e6,2590.0,3823.697776215628
2.59e6,2590.0,3843.63752298178
2.59e6,2590.0,3832.6725478398735
2.59e6,2590.0,3881.018348765
2.59e6,2590.0,3883.1743152149966
69000.0,69.0,49536.19183766498
69000.0,69.0,49491.05472809253
69000.0,69.0,49785.166638783165
69000.0,69.0,49623.03307291707
69000.0,69.0,49595.835255886894
17000.0,17.0,74301.40415010315
17000.0,17.0,74841.34461334726
18000.0,18.0,74712.84514452057
17000.0,17.0,74963.39695319557
17000.0,17.0,74760.53262740147
65000.0,65.0,61412.9946675131
64000.0,64.0,58308.28754625245
64000.0,64.0,58689.16529507092
65000.0,65.0,59374.58612277606
65000.0,65.0,58046.93133137277
74000.0,74.0,46862.41946530088
79000.0,79.0,44567.35457345004
80000.0,80.0,44533.38839832311
65000.0,65.0,45842.674487585886
97000.0,97.0,44079.90080608789
21000.0,21.0,32638.601852743326
20000.0,20.0,30988.571592066146
20000.0,20.0,31190.9932011337
21000.0,21.0,31555.267531316775
20000.0,20.0,30849.670998056998
281000.0,281.0,67722.11456292628
281000.0,281.0,66908.1432110361
280000.0,280.0,67822.08239722165
281000.0,281.0,68381.68822054984
281000.0,281.0,67437.82711593976
38000.0,38.0,9012.503529469304
61000.0,61.0,9243.086994268795
29000.0,29.0,9101.28825388681
50000.0,50.0,9275.261581200002
45000.0,45.0,9146.396691855873
205000.0,205.0,36378.21326331487
205000.0,205.0,36478.4604990034
205000.0,205.0,39314.72831341885
205000.0,205.0,37440.47952734641
205000.0,205.0,39899.31112951357
442000.0,442.0,1325.6752911779922
449000.0,449.0,1401.5482268919416
409000.0,409.0,1284.9248050577673
395000.0,395.0,1314.588725466117
444000.0,444.0,1286.198324555264
45000.0,45.0,10501.317897802322
45000.0,45.0,10554.247275859585
46000.0,46.0,10396.091269931152
45000.0,45.0,10563.089826647198
45000.0,45.0,10419.897832013274
38000.0,38.0,24712.182647955873
38000.0,38.0,23210.602369255186
38000.0,38.0,23300.337380268422
38000.0,38.0,23726.690060715864
38000.0,38.0,22796.180562908175
142000.0,142.0,41060.85602609464
141000.0,141.0,42941.17556060073
142000.0,142.0,39457.03372885966
142000.0,142.0,40470.96084618798
142000.0,142.0,40296.767437689494
35000.0,35.0,14935.147856397234
41000.0,41.0,14494.836466566132
46000.0,46.0,14562.540001893836
35000.0,35.0,14591.54574351485
45000.0,45.0,14411.80402143953
89000.0,89.0,23355.742621966983
84000.0,84.0,22703.273880232337
77000.0,77.0,23103.355960529632
87000.0,87.0,23001.88858640048
71000.0,71.0,22839.307459292864
2.66e6,2660.0,193.86757737733626
2.66e6,2660.0,194.7557161966432
2.67e6,2670.0,196.10055795988023
2.66e6,2660.0,198.21711297684104
2.67e6,2670.0,196.6119868684403
57000.0,57.0,65305.82435715304
57000.0,57.0,63380.507074509136
57000.0,57.0,63676.5493520267
57000.0,57.0,63803.38062854731
57000.0,57.0,63017.43719870202
19000.0,19.0,11617.178865092365
21000.0,21.0,11708.676360335672
20000.0,20.0,11705.511501056628
19000.0,19.0,11833.97445269476
19000.0,19.0,11734.810247004027
1.4e6,1400.0,271.23362974620613
1.44e6,1440.0,266.85829381099546
1.63e6,1630.0,273.5777452202286
1.34e6,1340.0,270.3631587534016
1.63e6,1630.0,270.72389435320326
31000.0,31.0,42819.45067195222
31000.0,31.0,42369.081313706934
32000.0,32.0,42184.74227519276
31000.0,31.0,43239.534330322116
32000.0,32.0,42279.40055257728
132000.0,132.0,65512.4235077948
133000.0,133.0,63990.366729056936
117000.0,117.0,62961.99652865041
133000.0,133.0,64489.45153232095
118000.0,118.0,62475.26501422328
26000.0,26.0,15947.751723953268
26000.0,26.0,15856.05743207891
26000.0,26.0,15793.101459646517
26000.0,26.0,15716.774875795478
26000.0,26.0,15719.3127223773
42000.0,42.0,12348.226702439486
39000.0,39.0,12529.05197007768
45000.0,45.0,12399.07764174337
42000.0,42.0,12396.51477656674
39000.0,39.0,12408.197247936347
217000.0,217.0,10114.608549667972
217000.0,217.0,10143.681836492815
217000.0,217.0,10916.060249627995
217000.0,217.0,10413.16644008718
217000.0,217.0,11075.677010695366
185000.0,185.0,11221.150654970736
185000.0,185.0,11342.958747082239
185000.0,185.0,11822.749885446481
185000.0,185.0,11677.102883211499
185000.0,185.0,11985.736896795977
175000.0,175.0,8915.335389229398
175000.0,175.0,8944.3908800188
175000.0,175.0,9618.220424686824
175000.0,175.0,9183.441368930056
175000.0,175.0,9762.767271365494
45000.0,45.0,27768.7419301798
46000.0,46.0,27857.492621530382
45000.0,45.0,30000.703224142577
45000.0,45.0,28591.305409116903
46000.0,46.0,30465.099778593896
38000.0,38.0,47791.828488599145
40000.0,40.0,44690.95846937529
37000.0,37.0,46009.55291549713
38000.0,38.0,46022.8427159631
37000.0,37.0,45444.55219450015
100000.0,100.0,42116.11086204872
100000.0,100.0,42284.9716446622
100000.0,100.0,45515.324615329046
100000.0,100.0,43427.527129852344
100000.0,100.0,46217.78769510891
84000.0,84.0,8869.352810671286
84000.0,84.0,8458.782910691243
85000.0,85.0,8745.248132530345
85000.0,85.0,8520.401394883484
84000.0,84.0,8631.262132944714
25000.0,25.0,10967.16689235021
25000.0,25.0,10976.743235159965
25000.0,25.0,10939.399092169313
24000.0,24.0,10969.00056881438
24000.0,24.0,10937.116778227934
254000.0,254.0,15059.30877700742
254000.0,254.0,15193.312430348255
254000.0,254.0,15734.111089062857
254000.0,254.0,15746.995725788849
254000.0,254.0,16092.132688539343
431000.0,431.0,17270.479156073347
402000.0,402.0,18924.375710315097
405000.0,405.0,20526.505188284038
423000.0,423.0,18377.13472123668
432000.0,432.0,17789.886817785336
77000.0,77.0,73038.16230263996
77000.0,77.0,68437.50702881422
77000.0,77.0,69595.98190087805
77000.0,77.0,71377.11050434122
77000.0,77.0,68615.61535371175
314000.0,314.0,27680.567434527555
313000.0,313.0,27773.41148313786
313000.0,313.0,29876.313291241484
314000.0,314.0,28521.147046905033
314000.0,314.0,30318.63430859277
15000.0,15.0,27525.03295986062
15000.0,15.0,27662.73782665522
15000.0,15.0,27253.164614652087
15000.0,15.0,27659.72659424739
15000.0,15.0,27305.93983505822
24000.0,24.0,59597.163476508096
24000.0,24.0,58341.280636301206
24000.0,24.0,59633.60563960829
24000.0,24.0,58581.48645616059
24000.0,24.0,58790.99263522498
37000.0,37.0,64323.014295337955
43000.0,43.0,60149.5538339517
27000.0,27.0,61924.249887438775
36000.0,36.0,61942.1366277538
29000.0,29.0,61163.815507694686
134000.0,134.0,9085.769275599723
135000.0,135.0,8548.787775132014
131000.0,131.0,8884.059244685675
137000.0,137.0,8581.066045514095
129000.0,129.0,8774.48033436112
677000.0,677.0,237.51182357129213
702000.0,702.0,235.43785451465715
174000.0,174.0,237.28285033680118
703000.0,703.0,242.09397452345985
703000.0,703.0,238.91573052599148
21000.0,21.0,41700.03614830334
21000.0,21.0,41545.32120587161
20000.0,20.0,41761.42209063118
20000.0,20.0,41395.265815620856
21000.0,21.0,41700.2287078554
6.76e6,6760.0,224.98081808528397
6.3e6,6300.0,226.98801263090903
5.8e6,5800.0,228.77344200269724
5.88e6,5880.0,233.39761984499822
6.17e6,6170.0,226.24935369954892
26000.0,26.0,15848.05216687948
22000.0,22.0,16764.181522155282
8000.0,8.0,33123.99164259984
13000.0,13.0,15579.422629472409
19000.0,19.0,15604.219190318474
158000.0,158.0,9859.96945932196
155000.0,155.0,10486.49667311872
158000.0,158.0,9531.103830883361
161000.0,161.0,9857.626463177714
155000.0,155.0,19103.37321254327
93000.0,93.0,96399.81734959969
92000.0,92.0,91341.44991321157
79000.0,79.0,93075.18454408292
69000.0,69.0,91839.01126475853
94000.0,94.0,92225.33849020378
25000.0,25.0,79305.22941566473
25000.0,25.0,73990.87801395646
28000.0,28.0,75659.0022751638
25000.0,25.0,74287.00792069701
26000.0,26.0,73938.4396389906
138000.0,138.0,9990.183698355755
138000.0,138.0,11683.653993546675
138000.0,138.0,8381.867808974688
139000.0,139.0,9940.917353191711
138000.0,138.0,9016.471731761074
180000.0,180.0,39489.225059924
180000.0,180.0,39618.536850747165
180000.0,180.0,42688.01027260259
180000.0,180.0,40698.19866979128
180000.0,180.0,43340.328827593235
81000.0,81.0,64636.1703282598
81000.0,81.0,64892.06209594685
81000.0,81.0,69888.92581909608
80000.0,80.0,66675.4292879555
81000.0,81.0,56780.8590101158
461000.0,461.0,14010.213429335701
461000.0,461.0,14847.590537197711
461000.0,461.0,15308.572704305187
461000.0,461.0,14719.440481495074
461000.0,461.0,14114.271529708074
70000.0,70.0,30362.69294834165
70000.0,70.0,29467.51070914132
70000.0,70.0,29078.7397641439
70000.0,70.0,29445.66548664712
70000.0,70.0,28797.320456635054
35000.0,35.0,10712.769056305067
81000.0,81.0,10504.672477110129
58000.0,58.0,10524.209130073794
27000.0,27.0,10798.6585011114
28000.0,28.0,10497.839794257634
322000.0,322.0,17964.647071100386
322000.0,322.0,18478.224008264486
322000.0,322.0,19251.17017609715
322000.0,322.0,18499.219113583025
322000.0,322.0,18088.842352858752
365000.0,365.0,9194.260933813892
365000.0,365.0,17941.30809114654
365000.0,365.0,18691.795006380078
365000.0,365.0,8773.252413849534
365000.0,365.0,8922.85461283522
76000.0,76.0,15781.892797238574
76000.0,76.0,15613.47490597851
76000.0,76.0,16131.740550135202
76000.0,76.0,16136.748988088139
76000.0,76.0,16859.069406969236
23000.0,23.0,60025.40450473718
24000.0,24.0,80800.55810973117
24000.0,24.0,80793.16756711593
23000.0,23.0,81013.55475527112
24000.0,24.0,81129.91636304936
50000.0,50.0,20332.168512200475
50000.0,50.0,19593.026112620802
50000.0,50.0,19377.960321068822
50000.0,50.0,19677.056596224204
50000.0,50.0,19241.7898498011
58000.0,58.0,15681.35067071974
58000.0,58.0,14811.763024551952
58000.0,58.0,14935.157257619025
58000.0,58.0,15163.86668704179
58000.0,58.0,14744.66721605159
66000.0,66.0,9718.252274110182
66000.0,66.0,9735.795008106332
66000.0,66.0,9771.172868186006
66000.0,66.0,9795.465900667477
66000.0,66.0,9750.37559968229
140000.0,140.0,20961.99003329156
140000.0,140.0,21032.099537164737
140000.0,140.0,22649.410114305843
140000.0,140.0,21587.480005241523
140000.0,140.0,22994.12717472244
35000.0,35.0,27283.82764589209
35000.0,35.0,27727.584520660144
35000.0,35.0,27184.002295629663
35000.0,35.0,27724.5810534716
35000.0,35.0,27312.50708876192
32000.0,32.0,53340.927610420105
32000.0,32.0,53753.08460174773
32000.0,32.0,53740.42897293834
32000.0,32.0,54324.89021160468
32000.0,32.0,53888.729032317686
87000.0,87.0,17224.78073772832
87000.0,87.0,17167.83073967153
87000.0,87.0,18846.87040998242
87000.0,87.0,17597.34485657755
87000.0,87.0,19075.897841561975
358000.0,358.0,33025.3901625916
358000.0,358.0,33151.23344092893
358000.0,358.0,35697.38707585407
358000.0,358.0,34043.725100160205
360000.0,360.0,36240.40012724222
21000.0,21.0,24256.81255418363
21000.0,21.0,24193.69419373089
20000.0,20.0,24289.856510462418
20000.0,20.0,24112.88631043594
21000.0,21.0,24258.863678747977
178000.0,178.0,12678.10557482469
211000.0,211.0,12717.543287703777
163000.0,163.0,13673.104298373417
201000.0,201.0,13050.316665128828
165000.0,165.0,13875.903463720826
17000.0,17.0,54719.14276716285
18000.0,18.0,54551.827945171375
19000.0,19.0,54833.70242894871
19000.0,19.0,54325.724972340395
18000.0,18.0,54731.44310610696
370000.0,370.0,38057.94566636608
370000.0,370.0,39508.80669097325
371000.0,371.0,40947.63586095608
370000.0,370.0,39383.6841545061
372000.0,372.0,38836.78216265657
34000.0,34.0,66171.47638351325
33000.0,33.0,64246.03781158887
33000.0,33.0,65745.87942481022
34000.0,34.0,64636.1677444783
34000.0,34.0,64604.40414887733
18000.0,18.0,11374.966246728613
17000.0,17.0,11377.291528435415
17000.0,17.0,11400.3317494345
17000.0,17.0,11380.623325534125
17000.0,17.0,11402.414348890745
27000.0,27.0,14383.551261007164
27000.0,27.0,13967.303409994656
27000.0,27.0,14263.049491415108
27000.0,27.0,14407.000104006947
27000.0,27.0,14068.757710726466
11000.0,11.0,28359.300934767303
11000.0,11.0,28202.48872148113
11000.0,11.0,28699.036383037786
12000.0,12.0,28151.068565552116
12000.0,12.0,28617.276382221477
1.72e6,1720.0,3734.487405296744
1.47e6,1470.0,3975.573348885105
1.64e6,1640.0,4091.4592812203564
1.73e6,1730.0,3945.408028610132
2.33e6,2330.0,3808.6221835930705
79000.0,79.0,66352.96702274012
77000.0,77.0,69582.65257645222
76000.0,76.0,75438.3315848046
79000.0,79.0,68655.40049431662
78000.0,78.0,76617.55328941182
200000.0,200.0,46658.07803247633
200000.0,200.0,46544.74770201246
200000.0,200.0,50734.85716379215
200000.0,200.0,47699.166358963106
200000.0,200.0,51438.30364388451
33000.0,33.0,14489.818116986793
35000.0,35.0,14337.416113130335
36000.0,36.0,14275.037005084465
36000.0,36.0,14631.971640868533
33000.0,33.0,14307.06873835159
140000.0,140.0,35030.06319678608
140000.0,140.0,35168.745682893954
140000.0,140.0,37876.833911492395
140000.0,140.0,36135.25507108747
140000.0,140.0,38460.4439367019
83000.0,83.0,40402.06862630125
83000.0,83.0,40436.02972536448
83000.0,83.0,40023.206733331564
83000.0,83.0,39486.32123072784
83000.0,83.0,41419.79868098503
29000.0,29.0,14287.561016531821
24000.0,24.0,14286.393011075703
25000.0,25.0,14320.970861700422
23000.0,23.0,14277.043916573806
23000.0,23.0,14317.679666299766
190000.0,190.0,395.8426353984663
190000.0,190.0,416.32656384303834
190000.0,190.0,432.86915094620537
190000.0,190.0,418.43404354887116
190000.0,190.0,405.656786150433
73000.0,73.0,58404.159113701666
72000.0,72.0,60007.82283683253
62000.0,62.0,59619.469405956115
57000.0,57.0,60463.328264330215
55000.0,55.0,60124.335885112
53000.0,53.0,85222.83472469021
65000.0,65.0,79023.21452036145
44000.0,44.0,79389.66504096835
27000.0,27.0,81805.40949220391
28000.0,28.0,78493.88353182284
98000.0,98.0,31046.2675738663
98000.0,98.0,30943.619830192576
101000.0,101.0,33969.95239519467
98000.0,98.0,31717.784123094665
99000.0,99.0,34382.75572957907
40000.0,40.0,12331.953788472316
40000.0,40.0,12331.04304076648
40000.0,40.0,12563.990732233631
40000.0,40.0,12333.75243037483
40000.0,40.0,12527.020374191554
70000.0,70.0,35489.027467464104
70000.0,70.0,36298.040433010625
70000.0,70.0,35227.599809474515
70000.0,70.0,36075.82403807413
70000.0,70.0,35386.885327271695
53000.0,53.0,14153.350323701827
52000.0,52.0,14190.152746578484
52000.0,52.0,15293.270923673286
52000.0,52.0,23569.636737254285
52000.0,52.0,22811.32924547169
36000.0,36.0,23712.235937952566
37000.0,37.0,22780.380472116904
37000.0,37.0,23380.087652601465
36000.0,36.0,23168.303358007648
37000.0,37.0,22964.7457415069
25000.0,25.0,61739.45335158167
25000.0,25.0,59851.967003887374
25000.0,25.0,61046.81200388751
25000.0,25.0,60430.52335691642
24000.0,24.0,60247.83499842837
246000.0,246.0,13942.266411118326
166000.0,166.0,6505.838993842081
178000.0,178.0,11734.699706621761
164000.0,164.0,14072.109998793409
180000.0,180.0,12648.8299794169
45000.0,45.0,58996.58309428996
45000.0,45.0,58786.80696717219
45000.0,45.0,59093.33430244309
45000.0,45.0,58570.30326637872
45000.0,45.0,58985.054143345995
140000.0,140.0,6701.2116477228965
142000.0,142.0,6680.033616018579
143000.0,143.0,7204.284292834108
137000.0,137.0,6800.442536985546
153000.0,153.0,7298.202942734164
160000.0,160.0,35877.20675636263
160000.0,160.0,42232.67270440833
160000.0,160.0,30259.93262393283
160000.0,160.0,36246.54683803667
160000.0,160.0,32635.774172739435
122000.0,122.0,71371.11190266797
111000.0,111.0,65584.48391473174
121000.0,121.0,68334.32513689842
138000.0,138.0,67864.23416155968
138000.0,138.0,66376.80183184861
88000.0,88.0,5539.456434790682
88000.0,88.0,5999.817251893657
87000.0,87.0,6276.51942984312
87000.0,87.0,5985.9160707685305
87000.0,87.0,5654.582530259926
203000.0,203.0,26417.38402225296
204000.0,204.0,31115.603500553654
215000.0,215.0,22280.505219465864
204000.0,204.0,26709.503051994696
203000.0,203.0,24030.38753696259
855000.0,855.0,304.1872816262858
1.06e6,1060.0,307.5891254547433
864000.0,864.0,254.25114846586396
771000.0,771.0,315.63472842400824
993000.0,993.0,307.2312256171555
200000.0,200.0,15051.120919185454
200000.0,200.0,15185.051713746558
200000.0,200.0,15725.556336221285
200000.0,200.0,15738.433967474772
200000.0,200.0,16083.383276699993
298000.0,298.0,8552.269035594334
298000.0,298.0,8850.761042178501
298000.0,298.0,9227.131951791987
298000.0,298.0,8861.758195374849
298000.0,298.0,8626.276472222338
25000.0,25.0,42909.9253237714
25000.0,25.0,40365.3718269073
25000.0,25.0,41227.244356846466
25000.0,25.0,40448.16481520979
25000.0,25.0,40422.21579638841
66000.0,66.0,6771.01905186557
58000.0,58.0,6772.2375082685885
72000.0,72.0,6784.557464426427
54000.0,54.0,6769.5856440662465
110000.0,110.0,6786.354427547268
2.47e6,2470.0,2210.9174984030637
2.4e6,2400.0,2204.678314187335
2.41e6,2410.0,2217.8342377298713
2.56e6,2560.0,2241.7920155165657
2.46e6,2460.0,2246.1295364230177
128000.0,128.0,7080.753693984543
128000.0,128.0,8281.26328259896
128000.0,128.0,5943.439035011231
128000.0,128.0,7047.688711676332
128000.0,128.0,6393.689713171469
352000.0,352.0,10151.197188335462
352000.0,352.0,10120.075042629278
352000.0,352.0,10918.167383396765
352000.0,352.0,10304.462231788744
352000.0,352.0,11058.068105404587
38000.0,38.0,79797.8398230293
38000.0,38.0,79501.77489515995
38000.0,38.0,79915.30892007856
37000.0,37.0,79214.62655904757
37000.0,37.0,79798.20830799265
14000.0,14.0,59690.27955956095
16000.0,16.0,56014.78108586639
15000.0,15.0,55668.23288307821
15000.0,15.0,57241.75867191885
15000.0,15.0,55175.56544405115
4.68e6,4680.0,3505.7777288414873
4.69e6,4690.0,3675.0153807422757
4.68e6,4680.0,3822.0472478203933
4.69e6,4690.0,3686.2710669853104
4.69e6,4690.0,3529.453063046393
191000.0,191.0,7873.7581491386045
191000.0,191.0,9271.356603372029
191000.0,191.0,6638.98070842971
191000.0,191.0,7956.207842222849
191000.0,191.0,7160.408092221593
37000.0,37.0,10032.619275975801
37000.0,37.0,10005.796127302954
37000.0,37.0,10031.571615956464
38000.0,38.0,9959.431039289835
36000.0,36.0,10065.013588477026
237000.0,237.0,17438.552313351975
242000.0,242.0,19107.34765067884
251000.0,251.0,20732.538554750863
295000.0,295.0,18558.644898080758
226000.0,226.0,17959.455736589836
22000.0,22.0,103005.23699039155
22000.0,22.0,103103.23532886649
22000.0,22.0,102919.37834539173
22000.0,22.0,103061.93576580622
22000.0,22.0,102975.07049632665
42000.0,42.0,46855.6658077368
42000.0,42.0,47022.500477685004
42000.0,42.0,50644.78842184506
42000.0,42.0,48288.37913311784
42000.0,42.0,51412.101418688006
134000.0,134.0,45722.66047305521
133000.0,133.0,45878.325455115824
134000.0,134.0,49324.210736943765
134000.0,134.0,47092.324520391456
133000.0,133.0,50055.71393336979
8.32e6,8320.0,1923.4106377943378
8.25e6,8250.0,1893.9769914593742
8.41e6,8410.0,1909.6153739985596
8.46e6,8460.0,1927.4553758767122
8.62e6,8620.0,1948.5307725276941
350000.0,350.0,18809.46886474466
391000.0,391.0,18971.912829434637
324000.0,324.0,19719.683551220514
386000.0,386.0,18939.805822551152
375000.0,375.0,18933.659361892845
49000.0,49.0,8077.677533074035
49000.0,49.0,8104.549145728513
49000.0,49.0,8714.601581725085
49000.0,49.0,8320.784494614543
49000.0,49.0,8843.256884425824
123000.0,123.0,37581.732813893235
123000.0,123.0,39014.43945168386
123000.0,123.0,40435.26478748012
123000.0,123.0,38890.882553060685
122000.0,122.0,38350.823856428535
43000.0,43.0,9041.252895549871
43000.0,43.0,9079.835243151952
44000.0,44.0,8954.382168652863
43000.0,43.0,9080.8894510081
42000.0,42.0,8970.374947645281
38000.0,38.0,17435.95751530759
38000.0,38.0,17688.221230319105
38000.0,38.0,17001.64023684211
39000.0,39.0,17561.541438159253
39000.0,39.0,17520.637195123196
41000.0,41.0,71126.73542167999
42000.0,42.0,66032.60135250146
41000.0,41.0,68139.0534101107
42000.0,42.0,67770.82060786642
41000.0,41.0,66596.18761949058
142000.0,142.0,21994.739299140077
142000.0,142.0,21498.55697418226
120000.0,120.0,21902.152193880807
133000.0,133.0,21664.188048796743
122000.0,122.0,21686.59585449127
53000.0,53.0,44145.989763882
62000.0,62.0,44574.082221721306
64000.0,64.0,44708.76709791936
54000.0,54.0,44211.47445474731
50000.0,50.0,44557.00770145944
39000.0,39.0,45791.71458656462
40000.0,40.0,45944.86962509234
39000.0,39.0,49477.9036656895
40000.0,40.0,47158.10481129053
39000.0,39.0,50230.94215195184
45000.0,45.0,16588.562993561816
44000.0,44.0,16519.582364836715
44000.0,44.0,16281.856772832434
44000.0,44.0,16757.57415591777
44000.0,44.0,16315.052170571536
6.68e6,6680.0,265.03004933288196
4.24e6,4240.0,266.56109235405626
7.27e6,7270.0,268.6550001558185
4.91e6,4910.0,274.6552205735634
6.18e6,6180.0,267.5058893478252
23000.0,23.0,8003.916284219931
13000.0,13.0,8210.510430993285
14000.0,14.0,8097.226113020636
14000.0,14.0,8135.866383983645
12000.0,12.0,8143.500344935188
82000.0,82.0,7938.12376242584
23000.0,23.0,7958.871436845973
34000.0,34.0,7843.239971242808
52000.0,52.0,7930.288318059881
19000.0,19.0,7885.903541768961
17000.0,17.0,11814.739800456542
17000.0,17.0,11872.531275371664
17000.0,17.0,11695.028495653582
17000.0,17.0,11881.72976900178
17000.0,17.0,11724.809577591686
405000.0,405.0,3840.629552509423
404000.0,404.0,7861.165260566192
418000.0,418.0,8152.107834002614
404000.0,404.0,3845.797477175781
405000.0,405.0,7436.371257125905
90000.0,90.0,58853.841703842365
90000.0,90.0,57521.13789105563
90000.0,90.0,56664.41046701621
90000.0,90.0,58001.341625860216
90000.0,90.0,56259.77411711233
410000.0,410.0,20304.224075309423
410000.0,410.0,23746.06272178958
410000.0,410.0,17035.45473253464
410000.0,410.0,20204.094293737246
410000.0,410.0,18325.234844330364
32000.0,32.0,9888.162687801258
32000.0,32.0,9688.806015555498
32000.0,32.0,9604.97843914918
32000.0,32.0,10039.46388426273
32000.0,32.0,9749.560589988545
52000.0,52.0,18058.89410117197
49000.0,49.0,18102.635687223305
52000.0,52.0,18199.583135798042
52000.0,52.0,17894.72244299096
50000.0,50.0,17947.510706896825
18000.0,18.0,52311.27680314442
15000.0,15.0,49530.27932704754
13000.0,13.0,51326.822549898934
10000.0,10.0,49722.5644060408
19000.0,19.0,50126.34127031501
4400.0,4.4,17222.08371185648
4600.0,4.6,17227.51169314219
4300.0,4.3,17545.7110544491
4200.0,4.2,17230.215619155748
4600.0,4.6,17496.295734263178
75000.0,75.0,44179.72123836886
75000.0,75.0,44343.865699204835
75000.0,75.0,47732.75115967208
75000.0,75.0,45528.97383585918
75000.0,75.0,48469.50706358058
1.67e6,1670.0,221.65822492944667
1.68e6,1680.0,221.5503884831394
1.68e6,1680.0,222.56719720764943
1.67e6,1670.0,225.30876748410736
1.67e6,1670.0,225.49313360378113
620000.0,620.0,2670.686570371218
620000.0,620.0,2810.475548307356
620000.0,620.0,2948.591215066575
620000.0,620.0,2808.111747793939
620000.0,620.0,2689.1587961059126
19000.0,19.0,22434.635566975234
19000.0,19.0,22643.020645176533
19000.0,19.0,22497.854589250037
19000.0,19.0,22282.066521587014
20000.0,20.0,22604.470643833694
69000.0,69.0,12244.597122095947
54000.0,54.0,11211.55827075109
63000.0,63.0,11514.137864527203
76000.0,76.0,11632.634744922581
57000.0,57.0,11525.799623400846
126000.0,126.0,33717.86749086459
128000.0,128.0,39682.27433098456
129000.0,129.0,28428.972978882954
129000.0,129.0,34040.5868095538
128000.0,128.0,30663.136211232755
42000.0,42.0,21927.129870182664
42000.0,42.0,21346.98146035776
42000.0,42.0,21795.191177921617
42000.0,42.0,21550.77054603653
42000.0,42.0,21452.784718256426
19000.0,19.0,55750.29988914581
19000.0,19.0,53105.21495729106
19000.0,19.0,53897.37349851887
19000.0,19.0,53685.46971561505
19000.0,19.0,53192.454072309265
47000.0,47.0,47264.122740861814
47000.0,47.0,47649.99688063081
47000.0,47.0,47636.02689608823
47000.0,47.0,47431.2033279074
47000.0,47.0,47680.82103781869
1.5e6,1500.0,300.5038951598778
1.45e6,1450.0,295.3462031670004
1.49e6,1490.0,303.9853353026853
1.45e6,1450.0,303.54148969871676
1.44e6,1440.0,297.22417777196284
1.61e6,1610.0,3915.665825918909
1.68e6,1680.0,3936.0851659293467
2.08e6,2080.0,3924.856459855274
1.92e6,1920.0,3974.3650799367892
1.92e6,1920.0,3976.5729019572927
42000.0,42.0,54829.59433681618
42000.0,42.0,55004.450200569045
42000.0,42.0,59233.39562453338
42000.0,42.0,56460.939668972715
42000.0,42.0,60157.02269988706
34000.0,34.0,21046.45499521632
34000.0,34.0,20589.98849816489
34000.0,34.0,20741.549571921394
33000.0,33.0,20735.343618575305
34000.0,34.0,20500.298091576504
20000.0,20.0,40080.117763224436
20000.0,20.0,41092.26335618826
20000.0,20.0,40629.821015467416
20000.0,20.0,40831.69040307006
20000.0,20.0,40763.23647399283
134000.0,134.0,31003.22689412114
203000.0,203.0,17286.919922224413
138000.0,138.0,34156.85938936532
192000.0,192.0,16065.218040871905
179000.0,179.0,31672.19343189217
155000.0,155.0,31871.62076518791
161000.0,161.0,31730.952185646427
160000.0,160.0,34876.85549280915
161000.0,161.0,32515.944220861216
157000.0,157.0,35293.986764429166
13000.0,13.0,38847.521841526475
13000.0,13.0,39121.0056077405
13000.0,13.0,39128.97187895286
13000.0,13.0,39528.28620391429
13000.0,13.0,39232.04216962832
518000.0,518.0,204.21698381431148
525000.0,525.0,232.65681320130204
537000.0,537.0,233.18270254725925
388000.0,388.0,235.9351154081314
519000.0,519.0,241.40678586640098
862000.0,862.0,2964.318472080892
798000.0,798.0,2996.259270010853
964000.0,964.0,3021.7680101725227
778000.0,778.0,3083.0506685040314
765000.0,765.0,2991.669855603576
25000.0,25.0,8305.51924157644
11000.0,11.0,8364.622520442254
52000.0,52.0,8251.792672787873
36000.0,36.0,8424.703621211433
20000.0,20.0,8251.51183415074
6.13e6,6130.0,282.0930538105836
5.68e6,5680.0,278.21919169256677
6.39e6,6390.0,279.7545562986023
6.18e6,6180.0,285.85738491215875
7.0e6,7000.0,284.6404160888875
373000.0,373.0,2519.1772548074946
328000.0,328.0,2703.476289202752
338000.0,338.0,2842.9250196119096
369000.0,369.0,2708.8559267514947
330000.0,330.0,2537.3846561526734
1.41e6,1410.0,2689.8946366845016
1.41e6,1410.0,2704.3413951691323
1.49e6,1490.0,2735.5859005068965
1.39e6,1390.0,2794.088013892559
1.54e6,1540.0,2712.9263449461887
105000.0,105.0,40388.251523448256
105000.0,105.0,40517.33498189805
104000.0,104.0,43634.528015117394
105000.0,105.0,41584.62911825777
105000.0,105.0,44309.96966439925
632000.0,632.0,8246.943938216215
632000.0,632.0,8419.340521147707
632000.0,632.0,8440.08505270336
632000.0,632.0,8518.230863170791
632000.0,632.0,8387.500997261202
302000.0,302.0,14208.27372785318
312000.0,312.0,15570.247505359936
304000.0,304.0,16897.701965860495
301000.0,301.0,15131.369437322828
305000.0,305.0,14640.3818160858
2.67e6,2670.0,2033.1026447382249
3.18e6,3180.0,2052.566439531306
2.73e6,2730.0,2068.0898337891044
2.91e6,2910.0,2086.211472334064
2.98e6,2980.0,2061.648815227
74000.0,74.0,52941.34976964097
74000.0,74.0,52300.98181328606
74000.0,74.0,52563.70907787983
74000.0,74.0,52816.57557834322
74000.0,74.0,52472.355984683745
37000.0,37.0,19575.89317881625
37000.0,37.0,19649.03589219245
36000.0,36.0,19501.009227702412
37000.0,37.0,19440.357652095616
37000.0,37.0,19562.01516450939
124000.0,124.0,26099.42797716306
123000.0,123.0,25510.647420246707
123000.0,123.0,25989.562138224803
124000.0,124.0,25707.18879515857
124000.0,124.0,25733.778376553295
92000.0,92.0,5440.345395573072
83000.0,83.0,5903.885424459311
112000.0,112.0,6190.336187794194
85000.0,85.0,5907.088494122727
113000.0,113.0,5556.631306855821
21000.0,21.0,22318.05219538073
24000.0,24.0,20899.645235079206
24000.0,24.0,21228.039421628942
22000.0,22.0,21785.48382905551
21000.0,21.0,20916.580582203274
25000.0,25.0,22734.244847094116
26000.0,26.0,21803.5657235195
28000.0,28.0,21531.911378389483
26000.0,26.0,22315.59620698822
26000.0,26.0,21396.379364903303
36000.0,36.0,10964.074458411436
35000.0,35.0,11083.639989059977
35000.0,35.0,11054.957723998006
36000.0,36.0,11070.844654632854
35000.0,35.0,11083.95323607039
420000.0,420.0,21790.160231454418
419000.0,419.0,21711.69534016333
419000.0,419.0,23429.286978222317
419000.0,419.0,22096.613907434956
420000.0,420.0,23721.904610743848
66000.0,66.0,27590.138668108895
67000.0,67.0,32470.601877607904
66000.0,66.0,23262.42330989091
67000.0,67.0,27854.208474893836
67000.0,67.0,25090.560080534022
133000.0,133.0,4436.208995966008
134000.0,134.0,4656.704354279848
133000.0,133.0,4235.088689110818
133000.0,133.0,4371.2478367809645
133000.0,133.0,4303.6447732659935
18000.0,18.0,16635.517400325396
18000.0,18.0,16726.71910012813
18000.0,18.0,16471.258887727294
18000.0,18.0,16737.680687759872
18000.0,18.0,16510.20157948869
18000.0,18.0,38144.36007796516
18000.0,18.0,38263.60908779707
18000.0,18.0,41220.50966424518
18000.0,18.0,39284.91553951681
18000.0,18.0,41842.30291494874
8800.0,8.8,13967.342933951046
8700.0,8.7,14081.218166260758
8800.0,8.8,14066.227904499572
8800.0,8.8,14233.607082753733
8800.0,8.8,14107.53086873749
15000.0,15.0,45633.615030219065
13000.0,13.0,44001.18873943244
14000.0,14.0,43570.241652008546
15000.0,15.0,44213.97011737633
13000.0,13.0,43289.77882645429
57000.0,57.0,66352.96702274012
56000.0,56.0,69582.65257645222
57000.0,57.0,75438.3315848046
57000.0,57.0,68655.40049431662
57000.0,57.0,76617.55328941182
243000.0,243.0,13914.475197897431
252000.0,252.0,14746.130122884928
199000.0,199.0,15203.962186846155
229000.0,229.0,14618.855775447093
178000.0,178.0,11015.8418036524
92000.0,92.0,80634.17215904775
92000.0,92.0,77333.22501169884
93000.0,93.0,76369.71716790227
92000.0,92.0,79149.30267041968
93000.0,93.0,75889.01012080169
28000.0,28.0,29382.997326539888
32000.0,32.0,29436.03753290316
25000.0,25.0,29543.001988941098
27000.0,27.0,29616.451626625272
20000.0,20.0,29480.121743850952
45000.0,45.0,47820.85533034784
45000.0,45.0,46356.86105799166
45000.0,45.0,46187.61048116964
45000.0,45.0,47361.619884790154
45000.0,45.0,46685.95940510209
19000.0,19.0,43663.65438239873
19000.0,19.0,43482.08673649097
19000.0,19.0,42856.35634072647
19000.0,19.0,44108.51780925143
19000.0,19.0,42943.73174355846
32000.0,32.0,17152.812940701213
32000.0,32.0,15831.527245543732
32000.0,32.0,16354.567228622192
32000.0,32.0,16193.389154122067
32000.0,32.0,15957.31759334907
60000.0,60.0,22531.352391384182
60000.0,60.0,22572.02447011057
60000.0,60.0,22654.04652611665
60000.0,60.0,22710.36888327068
60000.0,60.0,22605.828948282844
13000.0,13.0,48710.729462533876
13000.0,13.0,48448.77401155322
12000.0,12.0,48685.32798058008
12000.0,12.0,48058.32070843666
13000.0,13.0,48765.65729624671
315000.0,315.0,24744.05862507123
279000.0,279.0,25220.646450534863
290000.0,290.0,25126.02632055487
270000.0,270.0,25142.574115383282
264000.0,264.0,25274.789463451627
64000.0,64.0,11887.770772205438
67000.0,67.0,11806.549930266776
60000.0,60.0,36324.97750476911
65000.0,65.0,12154.74776110616
60000.0,60.0,12701.219588019063
7000.0,7.0,35427.91133552649
7000.0,7.0,35946.71145990737
7000.0,7.0,35573.80617633229
7000.0,7.0,35566.45313994655
7000.0,7.0,35599.97095346225
2.12e6,2120.0,687.0370680914829
2.01e6,2010.0,697.9929990189597
2.02e6,2020.0,708.2376661544085
2.01e6,2010.0,710.2960592249306
2.02e6,2020.0,697.181173139577
3.12e6,3120.0,4238.53800944474
3.03e6,3030.0,4283.543992655187
3.3e6,3300.0,4258.487834217195
3.55e6,3550.0,4307.538901149401
2.88e6,2880.0,4307.303571577859
781000.0,781.0,4492.52951030412
677000.0,677.0,4748.488380188317
865000.0,865.0,4940.39250104781
651000.0,651.0,4766.04832310679
672000.0,672.0,4603.389147876867
58000.0,58.0,24049.3366874595
65000.0,65.0,24597.56881951175
67000.0,67.0,23872.178782183862
64000.0,64.0,24446.982644553846
64000.0,64.0,23980.11949852084
152000.0,152.0,18216.977860621166
151000.0,151.0,18352.994685441765
152000.0,152.0,19508.659686770192
151000.0,151.0,18853.913985372157
154000.0,154.0,19839.14465376079
153000.0,153.0,9742.460125136022
163000.0,163.0,11393.937947982793
147000.0,147.0,8174.0251599715075
149000.0,149.0,9694.41542267966
160000.0,160.0,8792.893000611795
2.16e6,2160.0,249.55915144590134
2.15e6,2150.0,243.74842014467785
2.16e6,2160.0,250.06535252302206
2.15e6,2150.0,247.25378897858
2.16e6,2160.0,248.78189372125897
47000.0,47.0,30596.72018621569
45000.0,45.0,30308.808685546017
33000.0,33.0,30391.14394921702
48000.0,48.0,30713.290261748058
34000.0,34.0,30389.322238982808
218000.0,218.0,6858.560272370468
218000.0,218.0,6832.88202765919
218000.0,218.0,7508.484831048589
218000.0,218.0,7007.419023812483
218000.0,218.0,7598.5758737670385
151000.0,151.0,15105.55089846342
151000.0,151.0,15239.966032391118
151000.0,151.0,15782.42530366303
151000.0,151.0,15795.349504816926
151000.0,151.0,16141.54626822538
200000.0,200.0,43796.34447675874
201000.0,201.0,43958.17042212972
200000.0,200.0,47367.85319707957
200000.0,200.0,45173.2018842564
200000.0,200.0,48085.77444272449
248000.0,248.0,14623.65230227607
241000.0,241.0,16034.003220690794
248000.0,248.0,17390.15100964228
248000.0,248.0,15577.053576175053
244000.0,244.0,15066.014338613977
68000.0,68.0,66352.96702274012
68000.0,68.0,69582.65257645222
68000.0,68.0,75438.3315848046
68000.0,68.0,68655.40049431662
68000.0,68.0,76617.55328941182
226000.0,226.0,6119.13561837221
225000.0,225.0,6117.003617017177
225000.0,225.0,6293.922578387537
226000.0,226.0,6262.827060828916
226000.0,226.0,6562.321704539677
3.74e6,3740.0,264.27146309121775
3.64e6,3640.0,265.2841694689624
4.04e6,4040.0,266.755905990431
4.0e6,4000.0,272.5583415816053
4.01e6,4010.0,266.58566151974406
320000.0,320.0,9092.666908683452
397000.0,397.0,9395.452769598161
360000.0,360.0,10049.175853276412
337000.0,337.0,9436.789910609596
319000.0,319.0,8995.283774269408
17000.0,17.0,42885.41985755822
17000.0,17.0,42481.873153437904
17000.0,17.0,42597.27710295028
17000.0,17.0,43048.808501883745
17000.0,17.0,42594.72373096213
320000.0,320.0,4324.274689632022
312000.0,312.0,4638.937507298248
320000.0,320.0,4200.607901989709
335000.0,335.0,4356.440483627105
329000.0,329.0,4259.012044293794
76000.0,76.0,28779.24056633842
85000.0,85.0,28877.22086582507
99000.0,99.0,31046.166427253487
89000.0,89.0,29641.34899803354
98000.0,98.0,31506.596906302184
1.39e6,1390.0,2371.7044334866637
1.38e6,1380.0,2387.7379917936933
1.37e6,1370.0,2249.5675716354317
1.38e6,1380.0,2168.6154927879174
1.38e6,1380.0,2405.0714075327946
18000.0,18.0,65154.81278571712
18000.0,18.0,66082.06686321067
18000.0,18.0,65525.92153141751
18000.0,18.0,65660.24938341946
18000.0,18.0,65898.28024018007
40000.0,40.0,110286.22817596621
40000.0,40.0,101526.42484118068
40000.0,40.0,100796.44726337066
40000.0,40.0,103813.08185084075
40000.0,40.0,100158.73898793427
716000.0,716.0,276.17986912999544
760000.0,760.0,265.0293401519608
756000.0,756.0,271.88988047749876
714000.0,714.0,268.8495351330955
784000.0,784.0,275.3942980097741
6.55e6,6550.0,286.8361944714524
6.18e6,6180.0,282.8971968505284
4.94e6,4940.0,284.45837722974176
5.17e6,5170.0,290.66381941053146
5.49e6,5490.0,289.4263883524383
977000.0,977.0,17710.904339360543
987000.0,987.0,18182.001908421702
994000.0,994.0,18899.187977129568
977000.0,977.0,18150.638706608137
1.0e6,1000.0,17823.012389691325
31000.0,31.0,19855.996789839555
32000.0,32.0,18194.438766532225
31000.0,31.0,18839.277904023023
31000.0,31.0,18547.448336309855
31000.0,31.0,18188.82070363915
161000.0,161.0,39237.72150609438
161000.0,161.0,39395.041643824836
161000.0,161.0,42404.618920430104
161000.0,161.0,40459.510157548626
161000.0,161.0,43059.07276549189
295000.0,295.0,24760.618728333684
295000.0,295.0,25318.93122708311
239000.0,239.0,27288.615798629628
229000.0,229.0,26294.32189318585
295000.0,295.0,27778.589373588966
24000.0,24.0,21452.18338910791
24000.0,24.0,21600.296981303018
24000.0,24.0,21549.057306332215
24000.0,24.0,21639.680608878705
24000.0,24.0,21549.434658563958
49000.0,49.0,16520.32377873002
48000.0,48.0,17078.796502583384
48000.0,48.0,16554.643303149474
49000.0,49.0,16685.696811352736
49000.0,49.0,16563.522590396584
61000.0,61.0,50979.23534869819
61000.0,61.0,51141.81211655824
61000.0,61.0,55073.78364858757
61000.0,61.0,52496.02092095923
61000.0,61.0,84012.10441557069
35000.0,35.0,59611.88490112132
35000.0,35.0,57528.456016102835
35000.0,35.0,59956.66561527849
35000.0,35.0,57534.230480077786
35000.0,35.0,57460.29592734489
46000.0,46.0,26403.42804538087
46000.0,46.0,25307.286884522935
46000.0,46.0,24962.129653575674
45000.0,45.0,25887.497684987047
46000.0,46.0,24790.275144391806
62000.0,62.0,25266.877031045493
62000.0,62.0,24348.341454901467
62000.0,62.0,24081.07823084015
62000.0,62.0,24452.766513880913
63000.0,63.0,23911.858575262526
10000.0,10.0,11872.144949091795
11000.0,11.0,11964.071898727594
10000.0,10.0,11958.776460766629
10000.0,10.0,12078.354791787784
11000.0,11.0,11987.119000102699
169000.0,169.0,11841.98125117891
167000.0,167.0,13935.758207851544
168000.0,168.0,9986.958234516334
169000.0,169.0,11958.56360341265
168000.0,168.0,10767.619172527096
105000.0,105.0,33252.39212131524
104000.0,104.0,33383.12279446447
105000.0,105.0,35938.88925574917
105000.0,105.0,34292.477328873545
105000.0,105.0,36491.13302521236
171000.0,171.0,49324.681008923435
172000.0,172.0,15274.500325614912
168000.0,168.0,15818.188828467542
171000.0,171.0,15831.142316310883
169000.0,169.0,16178.123573629322
32000.0,32.0,12168.218117110808
32000.0,32.0,12130.275970150935
32000.0,32.0,12184.281895966238
32000.0,32.0,12085.241734069175
32000.0,32.0,12169.268587901066
65000.0,65.0,75201.85285400234
65000.0,65.0,74924.23534937545
65000.0,65.0,73842.92472813163
65000.0,65.0,76043.62006836456
65000.0,65.0,73743.71493726264
339000.0,339.0,4091.5186922459684
339000.0,339.0,4301.507626120402
339000.0,339.0,4488.837497853994
339000.0,339.0,4335.119302850928
339000.0,339.0,4189.722117622821
22000.0,22.0,10520.061552414458
22000.0,22.0,10134.116817280257
22000.0,22.0,10377.03037174244
22000.0,22.0,10342.2788612236
22000.0,22.0,10209.817980824268
79000.0,79.0,31761.740559423688
79000.0,79.0,31092.42976312368
79000.0,79.0,31781.162063104293
79000.0,79.0,31220.445166646106
79000.0,79.0,31332.099489047916
18000.0,18.0,9959.370806391753
18000.0,18.0,10013.267592777964
18000.0,18.0,9858.873401338851
18000.0,18.0,10024.772418316614
18000.0,18.0,9883.545594753285
278000.0,278.0,1428.414288251294
322000.0,322.0,1483.7430474394766
288000.0,288.0,1360.240617439355
281000.0,281.0,1391.7292099076406
281000.0,281.0,1386.2533831165722
96000.0,96.0,57095.7439424123
96000.0,96.0,54099.77092238818
96000.0,96.0,55126.62835085542
96000.0,96.0,54394.466870001226
96000.0,96.0,54623.28100003232
746000.0,746.0,225.7046521668091
746000.0,746.0,232.66497936978806
745000.0,745.0,247.66490788117386
745000.0,745.0,233.58303488907896
745000.0,745.0,225.93576649678994
42000.0,42.0,60018.48431562482
42000.0,42.0,59062.48870562721
40000.0,40.0,60232.2775568248
41000.0,41.0,59474.264972636585
41000.0,41.0,59446.112045415204
34000.0,34.0,39527.02186317548
34000.0,34.0,39838.33871014041
34000.0,34.0,39827.570393376984
34000.0,34.0,40264.660839945405
34000.0,34.0,39927.25829394865
90000.0,90.0,53994.75980308508
90000.0,90.0,53115.88799962272
90000.0,90.0,53567.384557299345
90000.0,90.0,53203.19069305721
90000.0,90.0,53029.331440559
23000.0,23.0,14440.797127827549
23000.0,23.0,14620.47484796469
23000.0,23.0,14630.992305423593
24000.0,24.0,14551.613352940616
23000.0,23.0,14605.839059610085
3.45e6,3450.0,275.01348009411714
2.92e6,2920.0,263.91004308837273
3.72e6,3720.0,270.7416093288657
3.68e6,3680.0,267.7141042594837
2.99e6,2990.0,274.2312266724101
48000.0,48.0,9102.909642995586
48000.0,48.0,9216.171399724793
48000.0,48.0,9222.801190592634
48000.0,48.0,9172.763825922806
48000.0,48.0,9206.945575293728
45000.0,45.0,21127.814870385533
45000.0,45.0,20926.65652404222
45000.0,45.0,20342.17432424241
45000.0,45.0,21551.600496676616
45000.0,45.0,20624.82877734936
650000.0,650.0,10496.385366763037
650000.0,650.0,4902.039416639321
650000.0,650.0,8857.238855749993
650000.0,650.0,10616.689822740045
650000.0,650.0,4607.839360404403
1.09e6,1090.0,38057.94566636608
1.09e6,1090.0,39906.18799778554
1.09e6,1090.0,40947.63586095608
1.09e6,1090.0,39383.6841545061
1.09e6,1090.0,39210.28525268604
26000.0,26.0,18738.16321220744
33000.0,33.0,19365.715912073494
26000.0,26.0,18777.90372640183
38000.0,38.0,19329.585524696064
46000.0,46.0,18910.840549866145
312000.0,312.0,37998.837365725
312000.0,312.0,38143.631969015616
312000.0,312.0,41073.22272949847
312000.0,312.0,39170.528100823
311000.0,311.0,41698.01064345131
96000.0,96.0,98994.56996236579
82000.0,82.0,90126.29294805169
86000.0,86.0,91728.95234130605
80000.0,80.0,94142.42598665954
94000.0,94.0,90355.06944868287
24000.0,24.0,10886.711183395852
24000.0,24.0,20735.680306021495
24000.0,24.0,20928.325416622905
24000.0,24.0,11039.736579275856
24000.0,24.0,11854.28734726849
711000.0,711.0,15166.650333337759
687000.0,687.0,15791.905325927435
842000.0,842.0,16281.732896718426
717000.0,717.0,15656.116338693999
784000.0,784.0,15283.437542832853
30000.0,30.0,50410.0678309627
30000.0,30.0,45873.507798451035
30000.0,30.0,46671.18535168587
30000.0,30.0,48830.49497671318
30000.0,30.0,46721.021262649505
28000.0,28.0,37727.72270190126
28000.0,28.0,39233.492956126865
28000.0,28.0,38657.026124339245
28000.0,28.0,37765.55130109722
28000.0,28.0,39379.86021509671
157000.0,157.0,14144.742385065563
150000.0,150.0,39119.812745884
160000.0,160.0,28011.964866877384
155000.0,155.0,15071.352425332432
153000.0,153.0,30211.98867765088
8300.0,8.3,57023.73195309994
8300.0,8.3,57294.83104732198
8200.0,8.2,56425.06532963767
8200.0,8.2,57295.066775493695
8300.0,8.3,56550.18494553513
34000.0,34.0,2074.5550878981867
34000.0,34.0,2258.9880224583167
34000.0,34.0,2453.7227722084954
33000.0,33.0,2175.500290749004
34000.0,34.0,2120.6819880147495
255000.0,255.0,31167.153202981637
255000.0,255.0,33400.73131228267
255000.0,255.0,34337.460199116125
255000.0,255.0,33064.61800081011
255000.0,255.0,31839.65683112272
4100.0,4.1,24276.49865721154
4300.0,4.3,24496.385890940615
4300.0,4.3,23897.06373517336
4200.0,4.2,24261.61059675824
4000.0,4.0,24022.135671580036
46000.0,46.0,3375.454960729744
46000.0,46.0,3574.150250761459
46000.0,46.0,3689.4224025190388
46000.0,46.0,3561.576308839691
46000.0,46.0,3440.195630339198
37000.0,37.0,23681.081670030373
19000.0,19.0,23742.824040319196
28000.0,28.0,25589.76482718015
30000.0,30.0,24367.440566123587
26000.0,26.0,25976.91361478461
69000.0,69.0,95064.81011852375
51000.0,51.0,90645.05156710758
51000.0,51.0,92103.64067499494
72000.0,72.0,91148.48020566422
57000.0,57.0,90241.19075522527
120000.0,120.0,45175.37331309711
120000.0,120.0,45356.49993510388
120000.0,120.0,66233.26501659217
120000.0,120.0,46582.04924433278
120000.0,120.0,49574.99090243505
443000.0,443.0,258.1971281131195
443000.0,443.0,252.673847239667
443000.0,443.0,259.8169415082678
443000.0,443.0,257.0421793179451
443000.0,443.0,257.54219275250534
74000.0,74.0,42797.54114949212
73000.0,73.0,43268.5579038884
74000.0,74.0,44706.13181980266
74000.0,74.0,44523.75075570355
74000.0,74.0,45765.43449362717
76000.0,76.0,30192.587861136682
75000.0,75.0,30073.91821066788
75000.0,75.0,30189.720799526818
75000.0,75.0,30311.371780996233
75000.0,75.0,30236.380049650543
377000.0,377.0,2782.4835334733298
382000.0,382.0,2818.8481694514785
421000.0,421.0,2840.062399846791
423000.0,423.0,2900.3305518177613
424000.0,424.0,2799.55350575042
105000.0,105.0,6945.605472641575
106000.0,106.0,6968.711076838754
100000.0,100.0,7493.265754926235
104000.0,104.0,7154.641428285925
100000.0,100.0,7603.890247035981
4600.0,4.6,33231.93956046003
4600.0,4.6,33239.21511571248
4600.0,4.6,33239.43847718529
4600.0,4.6,32993.30261106051
4600.0,4.6,33175.66823088651
1.23e6,1230.0,9598.193643272758
1.54e6,1540.0,9616.43491527661
1.29e6,1290.0,9706.932583116786
1.19e6,1190.0,9783.989252210633
1.42e6,1420.0,9649.795038592083
62000.0,62.0,18747.538317884064
64000.0,64.0,18471.119055514933
63000.0,63.0,18266.866210686323
61000.0,61.0,19002.829897372776
63000.0,63.0,18481.89326897962
40000.0,40.0,19293.793017756823
56000.0,56.0,18556.626430470846
70000.0,70.0,18559.44580341974
73000.0,73.0,18951.706147192202
66000.0,66.0,18332.45190071249
505000.0,505.0,37511.11510623666
505000.0,505.0,38941.12962605056
506000.0,506.0,40359.2851693524
506000.0,506.0,38817.80489620444
506000.0,506.0,38278.76099331115
107000.0,107.0,77846.82031971285
107000.0,107.0,78588.73976756322
107000.0,107.0,76662.77850862996
107000.0,107.0,77876.48037226939
107000.0,107.0,76803.88957425384
24000.0,24.0,31409.310102670614
24000.0,24.0,31547.91986200612
24000.0,24.0,31105.487899337302
24000.0,24.0,31543.43842105174
24000.0,24.0,31154.966794396063
6.69e6,6690.0,266.2743685241902
6.86e6,6860.0,267.29475017296966
7.0e6,7000.0,268.7776409410613
6.77e6,6770.0,274.6240530162422
6.75e6,6750.0,268.6061061926753
105000.0,105.0,56481.72680008484
105000.0,105.0,57020.02613445779
105000.0,105.0,55622.645776366706
105000.0,105.0,56503.24663838386
105000.0,105.0,55725.02884897395
108000.0,108.0,50552.83719046397
110000.0,110.0,49622.4297038663
101000.0,101.0,50379.7111166284
105000.0,105.0,50414.8289299602
101000.0,101.0,50302.44771750143
162000.0,162.0,19840.28855339596
161000.0,161.0,23206.915503318894
161000.0,161.0,16651.73898700476
162000.0,162.0,19756.138368767995
162000.0,162.0,17915.93510256488
668000.0,668.0,5525.553538841274
668000.0,668.0,6463.164774032759
668000.0,668.0,4637.53715274249
668000.0,668.0,5502.117571707336
668000.0,668.0,4989.617884901347
140000.0,140.0,8478.12294993296
140000.0,140.0,8241.277121352381
140000.0,140.0,8386.506717419057
140000.0,140.0,8349.674111100445
140000.0,140.0,8290.657242860909
42000.0,42.0,15386.211856697582
44000.0,44.0,15623.77981042215
45000.0,45.0,15395.046026055057
46000.0,46.0,15705.420662515424
44000.0,44.0,15445.157749336982
118000.0,118.0,58718.12497925058
118000.0,118.0,60084.81687384354
118000.0,118.0,58310.440154276344
118000.0,118.0,59748.38894002369
118000.0,118.0,58376.38397637172
50000.0,50.0,10979.71231687263
50000.0,50.0,11158.291469578919
50000.0,50.0,10939.54003452142
50000.0,50.0,11157.08279731668
50000.0,50.0,10991.253660565524
171000.0,171.0,9066.671697983118
165000.0,165.0,9041.274855032041
169000.0,169.0,9750.014732955042
173000.0,173.0,9206.481197737652
179000.0,179.0,9874.525391744226
14000.0,14.0,15093.83445016317
14000.0,14.0,15098.739225823461
14000.0,14.0,15125.865736624386
14000.0,14.0,15107.839561297096
13000.0,13.0,15130.933143182423
46000.0,46.0,32010.495159333863
46000.0,46.0,31551.743908776727
45000.0,45.0,31903.56955229147
45000.0,45.0,31525.682541400878
46000.0,46.0,31804.773686840243
100000.0,100.0,49794.010760743906
100000.0,100.0,47823.561495219874
100000.0,100.0,48480.29651318057
100000.0,100.0,48252.15127586193
100000.0,100.0,48003.602444914744
121000.0,121.0,38870.08002149978
118000.0,118.0,38990.992964401834
119000.0,119.0,41920.668279924495
118000.0,118.0,40011.25011032924
119000.0,119.0,42542.43465809699
30000.0,30.0,12943.432405847812
29000.0,29.0,13153.950416287435
28000.0,28.0,12896.075316135866
30000.0,30.0,13152.52557315169
29000.0,29.0,12957.037917326657
125000.0,125.0,40004.20966344739
125000.0,125.0,40152.840511318675
125000.0,125.0,43221.43580087433
125000.0,125.0,41225.941767815624
125000.0,125.0,43888.55946812693
37000.0,37.0,22332.7216661938
37000.0,37.0,25649.587981156958
37000.0,37.0,22438.499151085038
37000.0,37.0,25651.340497488553
37000.0,37.0,22415.804109369925
40000.0,40.0,62101.68920618661
40000.0,40.0,60270.83481169712
40000.0,40.0,60552.3522060683
40000.0,40.0,60672.96069074238
40000.0,40.0,59925.5784305175
1.33e6,1330.0,2496.714813161649
1.55e6,1550.0,2442.3192274212984
1.54e6,1540.0,2520.5787685387695
1.5e6,1500.0,2491.3457174307205
1.28e6,1280.0,2488.4586191729886
7.58e6,7580.0,230.85477098116843
7.58e6,7580.0,230.29629060682652
7.63e6,7630.0,230.82355417675635
7.62e6,7620.0,233.53370161306103
7.62e6,7620.0,234.71271259710437
32000.0,32.0,10711.843044647356
32000.0,32.0,10667.299724752129
33000.0,33.0,10513.791598084736
34000.0,34.0,10820.97974591877
29000.0,29.0,10535.227082913887
1.93e6,1930.0,2008.676721620136
1.97e6,1970.0,2134.3141773316697
1.94e6,1940.0,2223.9589291936677
2.13e6,2130.0,2145.1505239074017
2.06e6,2060.0,2045.3925204149225
160000.0,160.0,40672.45479794637
160000.0,160.0,40835.527370589385
160000.0,160.0,43955.150300902555
160000.0,160.0,41938.918338424846
160000.0,160.0,44633.53435096732
96000.0,96.0,34793.66298091409
80000.0,80.0,34922.93466689183
166000.0,166.0,28995.14855754664
115000.0,115.0,35856.264528350526
111000.0,111.0,15084.670394275636
35000.0,35.0,59684.30437191333
35000.0,35.0,57859.647632047156
35000.0,35.0,59014.719288596556
35000.0,35.0,58418.94531927886
35000.0,35.0,58242.33819042862
37000.0,37.0,65053.51501847782
37000.0,37.0,66877.64953961341
36000.0,36.0,65973.24824433264
37000.0,37.0,66683.03803029962
37000.0,37.0,66301.14399130404
378000.0,378.0,5469.473324155896
378000.0,378.0,5924.018140650419
377000.0,377.0,6197.2245822654095
377000.0,377.0,5910.292581070131
378000.0,378.0,5583.144966039123
165000.0,165.0,9710.41470979418
170000.0,170.0,10402.211588685483
177000.0,177.0,10818.7127113052
169000.0,169.0,10388.590753471259
168000.0,168.0,9785.9968833133
135000.0,135.0,43799.565048520795
135000.0,135.0,43924.09272633149
135000.0,135.0,44087.048906099815
135000.0,135.0,43485.430927500944
135000.0,135.0,44305.041617141454
50000.0,50.0,17444.35195280851
50000.0,50.0,16957.024508194507
50000.0,50.0,17255.844919588908
50000.0,50.0,17180.05916468119
50000.0,50.0,17058.62768429305
416000.0,416.0,9816.664647671849
415000.0,415.0,9858.14555777562
416000.0,416.0,10612.595258711113
416000.0,416.0,10129.5900933902
416000.0,416.0,10775.654829288003
39000.0,39.0,40736.24812973268
38000.0,38.0,41878.32407805022
39000.0,39.0,40769.78479183876
38000.0,38.0,41573.63422500982
38000.0,38.0,41222.66548874846
34000.0,34.0,50675.662349984465
34000.0,34.0,50653.26688566454
34000.0,34.0,50780.14339485285
34000.0,34.0,50607.82716887877
34000.0,34.0,50781.81718807641
15000.0,15.0,41839.2126973332
14000.0,14.0,41712.41457237482
14000.0,14.0,41910.97835091223
15000.0,15.0,41571.086512502574
15000.0,15.0,41854.80185845507
61000.0,61.0,12640.290813310281
61000.0,61.0,11944.337731461792
61000.0,61.0,12186.833525125192
61000.0,61.0,12272.387572011297
61000.0,61.0,12030.878674805723
10000.0,10.0,7865.66073196515
13000.0,13.0,8002.542444313858
9600.0,9.6,7901.347729808027
9600.0,9.6,7945.229704926684
17000.0,17.0,7920.450599280378
29000.0,29.0,19413.499659404766
29000.0,29.0,19301.878464462363
29000.0,29.0,19225.240969063067
29000.0,29.0,19132.32717561781
29000.0,29.0,19135.41654423883
280000.0,280.0,14842.524696327706
277000.0,277.0,15454.417399399745
283000.0,283.0,15933.776892538883
280000.0,280.0,15321.530351026806
282000.0,282.0,14956.816052892837
63000.0,63.0,55414.66945466049
67000.0,67.0,52732.53072879742
67000.0,67.0,52755.35051056818
70000.0,70.0,54271.04591263993
61000.0,61.0,52249.16741626008
78000.0,78.0,62446.40874963443
75000.0,75.0,29145.979781843875
90000.0,90.0,31613.863692606996
81000.0,81.0,63057.40058417593
84000.0,84.0,56780.8590101158
80000.0,80.0,12362.820581930006
57000.0,57.0,11655.692690822934
62000.0,62.0,11752.08595501051
68000.0,68.0,11761.853084963923
58000.0,58.0,11593.783362515524
713000.0,713.0,5546.453717155002
714000.0,714.0,6035.080654516253
714000.0,714.0,6557.310594299647
713000.0,713.0,5807.733363365461
713000.0,713.0,5668.560885742053
87000.0,87.0,44532.361894311296
87000.0,87.0,42351.410473087584
87000.0,87.0,42319.13313828122
87000.0,87.0,43563.31990062732
87000.0,87.0,41888.193511125355
108000.0,108.0,12312.989213822242
194000.0,194.0,12273.424178621572
95000.0,95.0,18477.06098454016
144000.0,144.0,12490.231296217908
180000.0,180.0,13405.936262737234
384000.0,384.0,8306.656558648803
384000.0,384.0,9716.421359913897
385000.0,385.0,6971.980940393541
385000.0,385.0,8266.931596510605
385000.0,385.0,7498.687230102448
73000.0,73.0,100589.95048550253
96000.0,96.0,76114.31499318295
36000.0,36.0,70578.7170360416
72000.0,72.0,65281.8857461982
27000.0,27.0,71625.5389276806
97000.0,97.0,66352.96702274012
97000.0,97.0,67010.0196745954
97000.0,97.0,72131.11766188552
97000.0,97.0,68655.40049431662
97000.0,97.0,73244.4628075517
27000.0,27.0,10086.193282543622
27000.0,27.0,10250.239825699453
26000.0,26.0,10049.29018411065
27000.0,27.0,10249.129514090151
26000.0,26.0,10096.795402149968
73000.0,73.0,45020.460276517384
63000.0,63.0,45095.97448051241
59000.0,59.0,45431.99764070849
71000.0,71.0,44134.54547364832
59000.0,59.0,45469.78918178103
32000.0,32.0,65986.09448594136
32000.0,32.0,64482.74811262639
32000.0,32.0,64499.56775970493
32000.0,32.0,65399.30809404284
32000.0,32.0,63896.230171090865
35000.0,35.0,14999.741951461338
35000.0,35.0,15103.953563628955
35000.0,35.0,15605.76006647597
35000.0,35.0,15609.641434530913
35000.0,35.0,16019.193296721487
77000.0,77.0,20674.18296938819
77000.0,77.0,22670.797705224282
77000.0,77.0,24582.675150406234
77000.0,77.0,22031.53038234902
77000.0,77.0,21300.524981695835
56000.0,56.0,59233.66130443454
55000.0,55.0,56773.94932521937
56000.0,56.0,56772.74944123154
56000.0,56.0,60157.21798699603
56000.0,56.0,59765.15748507175
43000.0,43.0,55170.86180324967
43000.0,43.0,56428.544690168026
43000.0,43.0,54764.44916757758
43000.0,43.0,56083.0894638534
43000.0,43.0,55012.072726653816
70000.0,70.0,27893.17398707791
70000.0,70.0,27855.092797623973
70000.0,70.0,30212.463184204084
70000.0,70.0,28471.837516177606
70000.0,70.0,30599.98362925284
22000.0,22.0,34878.96283317592
22000.0,22.0,34744.14246309388
22000.0,22.0,35029.54805280112
22000.0,22.0,34341.4571915029
22000.0,22.0,34935.39408517694
24000.0,24.0,63934.12044354436
24000.0,24.0,65382.80363434458
24000.0,24.0,63376.18649901441
24000.0,24.0,64981.31721715466
24000.0,24.0,63410.179098809334
91000.0,91.0,91383.09185297992
108000.0,108.0,92254.01879350196
91000.0,91.0,89993.16479962593
73000.0,73.0,91417.90929698087
108000.0,108.0,90158.8127402665
108000.0,108.0,32904.224264443386
108000.0,108.0,38732.77164146322
109000.0,109.0,27750.918147510132
109000.0,109.0,33247.19113204394
109000.0,109.0,29933.110794720604
53000.0,53.0,17121.54922636564
53000.0,53.0,17113.84976309688
53000.0,53.0,17152.659960936533
53000.0,53.0,17099.28555815539
53000.0,53.0,17150.914664011223
9000.0,9.0,71483.26559654325
9000.0,9.0,71459.730314009
9000.0,9.0,71605.45184343854
9000.0,9.0,71421.03503607897
9000.0,9.0,71609.07099760362
121000.0,121.0,61426.415048474
132000.0,132.0,61660.480457183876
122000.0,122.0,66396.26371927686
134000.0,134.0,63320.493035910025
128000.0,128.0,67406.25466585135
57000.0,57.0,81199.8355377253
57000.0,57.0,75823.41756598688
57000.0,57.0,76043.72947259533
57000.0,57.0,79206.9577509999
57000.0,57.0,75378.30477474233
103000.0,103.0,22892.702584243845
104000.0,104.0,22952.389457485668
103000.0,103.0,24737.842787424834
104000.0,104.0,23556.21155284797
103000.0,103.0,25112.10280535704
14000.0,14.0,16708.315133570348
14000.0,14.0,17007.702780812033
14000.0,14.0,16948.157986009664
14000.0,14.0,16605.036812487586
14000.0,14.0,16999.476350474415
419000.0,419.0,31841.837961353616
419000.0,419.0,31950.740652272798
419000.0,419.0,34418.90430944503
419000.0,419.0,32812.97197874289
419000.0,419.0,34938.047836040685
54000.0,54.0,56286.22076239679
53000.0,53.0,54074.25633163118
55000.0,55.0,55497.793565398424
55000.0,55.0,54995.076841817034
54000.0,54.0,54511.88795274692
2.05e6,2050.0,394.49899744809574
1.61e6,1610.0,395.94930824774144
1.81e6,1810.0,392.4756777796108
2.09e6,2090.0,397.5689300910516
2.04e6,2040.0,400.7126157095381
25000.0,25.0,39211.881718055476
25000.0,25.0,40405.674366655476
25000.0,25.0,40036.66604913664
25000.0,25.0,39171.79660647885
25000.0,25.0,40595.48733590716
8.67e6,8670.0,277.76624736795793
8.05e6,8050.0,273.9518034147758
8.51e6,8510.0,275.4636182545928
8.57e6,8570.0,281.47284031596126
8.57e6,8570.0,280.2745376330783
22000.0,22.0,52593.97093433752
22000.0,22.0,52599.73744195204
22000.0,22.0,52687.593011593686
22000.0,22.0,52605.07784018412
22000.0,22.0,52708.81697273704
10000.0,10.0,63603.08205941742
10000.0,10.0,63251.29811221279
10000.0,10.0,63220.458762724236
10000.0,10.0,62671.030565322195
10000.0,10.0,63083.22796880911
30000.0,30.0,9998.512344431343
30000.0,30.0,10172.510885340127
30000.0,30.0,10043.87622429177
30000.0,30.0,10099.657230474606
30000.0,30.0,10068.159025539106
57000.0,57.0,26107.076653502372
57000.0,57.0,26364.546983845557
57000.0,57.0,26388.10655906374
57000.0,57.0,26810.483365832562
57000.0,57.0,26398.6262635577
57000.0,57.0,32017.061218773022
57000.0,57.0,32100.537526015818
57000.0,57.0,34597.62009447014
57000.0,57.0,32945.025367559196
57000.0,57.0,35121.04915933388
17000.0,17.0,10627.763632684431
17000.0,17.0,10628.928881834181
17000.0,17.0,10646.682023712967
17000.0,17.0,10630.008026251433
16000.0,16.0,10650.9707898657
12000.0,12.0,50165.0130696864
12000.0,12.0,49291.3516955324
12000.0,12.0,48858.434592806836
12000.0,12.0,50535.75069290832
12000.0,12.0,49350.61314178446
55000.0,55.0,77084.61648510316
55000.0,55.0,73653.44436585107
54000.0,54.0,74151.22533699278
54000.0,54.0,76889.7212336885
54000.0,54.0,70803.79893094303
35000.0,35.0,16456.723906399315
35000.0,35.0,15615.348320516912
35000.0,35.0,15698.577744281429
35000.0,35.0,15892.25402757503
35000.0,35.0,15517.567650877481
51000.0,51.0,6993.186012669717
74000.0,74.0,6964.106075599049
53000.0,53.0,6863.88887863611
73000.0,73.0,7064.4354932324
70000.0,70.0,6877.88295342391
70000.0,70.0,15331.447104735369
70000.0,70.0,15522.206620141456
70000.0,70.0,15533.372751850116
70000.0,70.0,15449.098026538953
70000.0,70.0,15506.668155539504
4.54e6,4540.0,399.0855879246795
4.49e6,4490.0,400.5527605712367
4.53e6,4530.0,397.0387443973695
4.49e6,4490.0,402.19121273393984
4.5e6,4500.0,405.3714479979575
42000.0,42.0,38321.99122685255
42000.0,42.0,37772.78818229946
42000.0,42.0,38193.98314217254
42000.0,42.0,37741.58830591624
42000.0,42.0,38075.70773686482
430000.0,430.0,2491.5645273284626
434000.0,434.0,2668.6732425965456
472000.0,472.0,2799.901686123139
468000.0,468.0,2666.341595892631
454000.0,454.0,1274.2280934808762
22000.0,22.0,72550.39912407074
23000.0,23.0,68645.75399250737
23000.0,23.0,68141.45348605052
22000.0,22.0,70013.08007299481
23000.0,23.0,67760.54458702315
25000.0,25.0,16255.56510003301
26000.0,26.0,15999.769343334823
26000.0,26.0,16206.655085958884
25000.0,25.0,16311.393847629888
26000.0,26.0,16209.000673603769
12000.0,12.0,15577.50893172376
12000.0,12.0,15485.628280210096
12000.0,12.0,15484.89914962959
12000.0,12.0,15338.794590757165
12000.0,12.0,15448.010042594478
39000.0,39.0,117255.74531353754
39000.0,39.0,108697.63074839725
39000.0,39.0,110550.37956094189
40000.0,40.0,109584.57576362797
39000.0,39.0,108237.09872709149
100000.0,100.0,18301.666479469997
100000.0,100.0,17602.406514988135
100000.0,100.0,17605.080909978515
100000.0,100.0,17977.170419710405
100000.0,100.0,17389.75950083941
60000.0,60.0,8327.061475235543
60000.0,60.0,8248.704816387391
60000.0,60.0,8271.112799922736
60000.0,60.0,8358.786646404977
60000.0,60.0,8270.617011713472
451000.0,451.0,47146.0373234705
451000.0,451.0,47306.54826002268
451000.0,451.0,50859.70624402052
452000.0,452.0,48558.33992415543
451000.0,451.0,51613.981621789986
87000.0,87.0,13415.07650638784
82000.0,82.0,12876.452856200185
62000.0,62.0,13037.687879232479
72000.0,72.0,12984.77776145027
87000.0,87.0,12901.825076856067
102000.0,102.0,42766.27195744683
102000.0,102.0,42912.53744948279
102000.0,102.0,46227.489253653956
102000.0,102.0,44070.586788305656
102000.0,102.0,46924.74276239562
77000.0,77.0,1413.8970696880356
77000.0,77.0,1468.6635132395188
77000.0,77.0,1346.4162595451448
77000.0,77.0,1377.5848280659866
77000.0,77.0,1372.1646530385522
22000.0,22.0,47499.06326333585
22000.0,22.0,47243.623883232205
22000.0,22.0,47474.29363636413
22000.0,22.0,46862.8830002533
22000.0,22.0,47552.624782065526
265000.0,265.0,36585.89000721007
264000.0,264.0,37983.12518444825
265000.0,265.0,34926.32177498091
265000.0,265.0,35842.19678367676
265000.0,265.0,35860.64117621106
55000.0,55.0,40837.17649123227
55000.0,55.0,39724.735601293316
55000.0,55.0,40582.54356299654
55000.0,55.0,40653.376130426805
55000.0,55.0,40328.28552691066
330000.0,330.0,32966.742539440915
267000.0,267.0,38801.319400629654
491000.0,491.0,27811.805167872033
331000.0,331.0,33314.382740792935
283000.0,283.0,29991.604432675667
85000.0,85.0,8344.702226601246
86000.0,86.0,8313.447829453879
85000.0,85.0,8973.004391776522
85000.0,85.0,8463.018379108222
86000.0,86.0,9086.843721538637
51000.0,51.0,42010.00478358045
51000.0,51.0,42468.13269337798
51000.0,51.0,42358.23357722111
51000.0,51.0,42419.10602336309
51000.0,51.0,42469.33293225409
64000.0,64.0,49620.06307119178
57000.0,57.0,49783.02275249502
73000.0,73.0,53629.51695587985
61000.0,61.0,51111.02707407204
61000.0,61.0,54453.776997165594
1.36e6,1360.0,16127.883610032442
1.37e6,1370.0,17685.438272353073
1.36e6,1360.0,19176.889564923946
1.36e6,1360.0,17186.74727236071
1.36e6,1360.0,16616.491604337636
22000.0,22.0,47229.9696279669
21000.0,21.0,46407.42423942888
21000.0,21.0,45999.836154387354
22000.0,22.0,47579.01621667986
22000.0,22.0,46463.21843014711
685000.0,685.0,4058.1059459596167
685000.0,685.0,4258.130451058385
685000.0,685.0,4433.397672244749
685000.0,685.0,4279.138697010613
685000.0,685.0,4153.099617184781
204000.0,204.0,43264.715735182464
204000.0,204.0,50364.91713666828
204000.0,204.0,46756.633999917554
204000.0,204.0,44611.897392645165
204000.0,204.0,38896.513032106595
32000.0,32.0,8976.579379030753
32000.0,32.0,9181.210771382974
32000.0,32.0,8910.453979399295
32000.0,32.0,9125.00345180234
32000.0,32.0,8950.74358992039
40000.0,40.0,20655.917742020036
40000.0,40.0,19241.76730418823
40000.0,40.0,19338.724888641067
40000.0,40.0,19707.90794075088
40000.0,40.0,18858.258145860076
30000.0,30.0,11444.870145286892
30000.0,30.0,10985.35150365687
30000.0,30.0,11122.906731209865
31000.0,31.0,11077.767262411387
31000.0,31.0,11006.997430951122
59000.0,59.0,36792.19341709579
59000.0,59.0,48347.23549196213
59000.0,59.0,48577.797799906264
59000.0,59.0,48381.95592143736
59000.0,59.0,48552.23248240854
184000.0,184.0,7790.434442467832
184000.0,184.0,7764.677062265697
98000.0,98.0,8524.0741586368
95000.0,95.0,7958.937971639229
92000.0,92.0,8627.65882647174
746000.0,746.0,2480.592361003921
761000.0,761.0,2656.9211381005716
743000.0,743.0,2787.571687579833
773000.0,773.0,2654.5997593287793
755000.0,755.0,2497.073192017174
66000.0,66.0,14858.850777461023
66000.0,66.0,14763.579354323572
66000.0,66.0,14639.838191911937
65000.0,65.0,14817.825652617683
66000.0,66.0,14649.718670875964
1.86e6,1860.0,14652.827917735076
1.86e6,1860.0,15256.90024812848
1.86e6,1860.0,15730.13322617017
1.85e6,1850.0,15125.711579614006
1.85e6,1850.0,14765.658559050938
1.46e6,1460.0,589.9876033464267
1.46e6,1460.0,631.3866655394473
1.46e6,1460.0,663.2078264043611
1.46e6,1460.0,634.0885645319956
1.46e6,1460.0,600.8358839252799
237000.0,237.0,38901.13672563966
237000.0,237.0,39054.075250238406
237000.0,237.0,42044.00211584606
237000.0,237.0,40117.9062355723
237000.0,237.0,42690.05820418379
832000.0,832.0,18343.172414547334
872000.0,872.0,19764.31100882764
908000.0,908.0,20557.588600276405
888000.0,888.0,9666.638878226522
786000.0,786.0,18733.25296829242
3.73e6,3730.0,10625.943839278578
3.79e6,3790.0,10587.329169726321
3.55e6,3550.0,10724.146516567824
3.55e6,3550.0,9671.217238623369
3.75e6,3750.0,10916.11465592506
1.85e6,1850.0,436.11682842267226
1.85e6,1850.0,441.08190865613113
1.85e6,1850.0,458.35954605270035
1.85e6,1850.0,451.3569349597176
1.85e6,1850.0,461.2264441048028
100000.0,100.0,106937.46854491404
100000.0,100.0,106371.66419143097
100000.0,100.0,103276.12693201294
100000.0,100.0,105975.89062372776
100000.0,100.0,103318.0923965439
45000.0,45.0,29720.09810862596
45000.0,45.0,29962.739178140655
45000.0,45.0,29953.954728390945
45000.0,45.0,29825.15985844977
45000.0,45.0,29982.121680610082
48000.0,48.0,7782.5827832949
48000.0,48.0,7756.8400904108785
48000.0,48.0,8364.056913312419
48000.0,48.0,7892.353034805588
48000.0,48.0,8471.454935371092
2.89e6,2890.0,307.7238748699443
2.89e6,2890.0,311.16526978625586
2.89e6,2890.0,312.6670918847221
2.89e6,2890.0,319.30441389553886
2.88e6,2880.0,310.8032088734886
47000.0,47.0,31796.591723281996
47000.0,47.0,31898.215682521088
47000.0,47.0,34352.29850267958
47000.0,47.0,32738.46785047593
47000.0,47.0,34884.05567326782
176000.0,176.0,66352.96702274012
157000.0,157.0,69582.65257645222
143000.0,143.0,75438.3315848046
176000.0,176.0,68655.40049431662
172000.0,172.0,76617.55328941182
120000.0,120.0,45563.84144785025
120000.0,120.0,45436.211622480456
120000.0,120.0,48997.92781792139
120000.0,120.0,46266.443029987175
120000.0,120.0,49623.64628491957
373000.0,373.0,9737.067383329588
373000.0,373.0,10430.763072613337
375000.0,375.0,10848.4073872367
374000.0,374.0,10417.104851593765
373000.0,373.0,9812.857011118806
82000.0,82.0,34239.35021876997
82000.0,82.0,34381.040382458545
82000.0,82.0,33993.873708020394
82000.0,82.0,34135.62232604051
82000.0,82.0,34030.767557036095
195000.0,195.0,39931.7891045162
195000.0,195.0,40007.88238737971
195000.0,195.0,43248.81599190364
195000.0,195.0,41061.48044234201
195000.0,195.0,43901.6590843954
350000.0,350.0,6953.865729204581
350000.0,350.0,7623.795865575728
350000.0,350.0,8265.684517402206
350000.0,350.0,7405.110348577358
350000.0,350.0,7162.579070028931
138000.0,138.0,56298.36587086988
138000.0,138.0,67261.15318675578
138000.0,138.0,46441.4835957811
138000.0,138.0,56400.12618838858
138000.0,138.0,51946.42072186082
1.89e6,1890.0,18563.025592370668
1.89e6,1890.0,20001.197327321464
1.89e6,1890.0,20803.982794258416
1.89e6,1890.0,20027.94814041612
1.89e6,1890.0,18957.78147966275
48000.0,48.0,5635.135531304719
48000.0,48.0,5616.5041790428795
48000.0,48.0,6165.806736138123
48000.0,48.0,5757.020932099284
48000.0,48.0,6240.733705426652
86000.0,86.0,66144.66977516498
86000.0,86.0,66775.06182812605
86000.0,86.0,65138.616422280225
86000.0,86.0,66169.87124612821
86000.0,86.0,65258.51528004962
1.83e6,1830.0,2236.4874464712752
1.72e6,1720.0,2389.147984286099
1.71e6,1710.0,2482.0147160631063
1.76e6,1760.0,2391.4713291455096
1.71e6,1710.0,2278.867909772781
20000.0,20.0,35452.78231956866
22000.0,22.0,35971.94665028086
19000.0,19.0,35598.77958098353
20000.0,20.0,35591.42138264374
19000.0,19.0,35624.96272622298
20000.0,20.0,72511.54728423926
20000.0,20.0,72971.91076840102
19000.0,19.0,72799.94613658785
20000.0,20.0,73070.22748737388
19000.0,19.0,72809.54296998717
27000.0,27.0,117457.87444473078
26000.0,26.0,108321.20949309517
26000.0,26.0,109139.12484081523
27000.0,27.0,112453.02255207502
27000.0,27.0,106932.18364362324
161000.0,161.0,6818.327224930371
161000.0,161.0,8072.083009657862
160000.0,160.0,5792.844326272416
161000.0,161.0,6994.905111136799
161000.0,161.0,6259.804549120618
358000.0,358.0,40596.36170416633
358000.0,358.0,40736.00048527195
358000.0,358.0,43884.02714531433
358000.0,358.0,41819.687062425386
358000.0,358.0,44542.12449500732
211000.0,211.0,35215.455713560645
210000.0,210.0,41448.70096292056
210000.0,210.0,29704.986559452005
210000.0,210.0,35562.679721964356
210000.0,210.0,32032.37800188845
43000.0,43.0,33893.78010242649
45000.0,45.0,34263.39888046412
44000.0,44.0,34174.73199038254
44000.0,44.0,34223.84403677392
44000.0,44.0,34264.3672362819
32000.0,32.0,51060.02046914597
33000.0,33.0,48686.13509744394
33000.0,33.0,49469.554215537675
33000.0,33.0,48956.53038416898
32000.0,32.0,48469.21843505661
29000.0,29.0,43423.99766707186
29000.0,29.0,42499.203662349326
29000.0,29.0,42651.242513920304
29000.0,29.0,42949.857868594445
29000.0,29.0,42069.2964813784
17000.0,17.0,119482.83474319337
17000.0,17.0,107216.68618930381
16000.0,16.0,111030.34201031803
16000.0,16.0,109922.15841431473
17000.0,17.0,108304.30596574867
46000.0,46.0,99793.42099675206
40000.0,40.0,99702.48977230703
30000.0,30.0,81924.83854240789
50000.0,50.0,82587.39430946569
40000.0,40.0,81971.94185908888
3.56e6,3560.0,219.4692419721311
3.56e6,3560.0,218.93830529756218
3.56e6,3560.0,219.43956474964202
3.56e6,3560.0,222.0160503944936
3.56e6,3560.0,223.13691372274565
198000.0,198.0,45878.17976300181
193000.0,193.0,46024.80938641473
194000.0,194.0,49565.71885735298
194000.0,194.0,47237.17957826323
203000.0,203.0,50332.97250751855
76000.0,76.0,86429.03101853753
77000.0,77.0,83337.25267863515
77000.0,77.0,82521.04867722867
76000.0,76.0,83740.25577848386
77000.0,77.0,81989.85845192386
608000.0,608.0,3314.2797572653035
618000.0,618.0,3502.588164833934
614000.0,614.0,3607.2744947838237
616000.0,616.0,3480.291080948744
614000.0,614.0,3375.889898571068
24000.0,24.0,20661.115288737226
24000.0,24.0,21029.085074565024
24000.0,24.0,20685.182984264215
24000.0,24.0,20951.9599463923
24000.0,24.0,20692.962284271955
301000.0,301.0,8047.645889073689
301000.0,301.0,8826.154560521749
301000.0,301.0,9572.247571732092
301000.0,301.0,8581.955426527675
301000.0,301.0,8295.81684859032
55000.0,55.0,69188.44278023159
55000.0,55.0,64666.150592562364
55000.0,55.0,64782.67808464088
55000.0,55.0,67441.49346379694
55000.0,55.0,65012.541130673235
37000.0,37.0,10887.48723048293
37000.0,37.0,10180.613926366192
37000.0,37.0,10462.84035035713
37000.0,37.0,10369.707545468751
37000.0,37.0,10281.072004703414
90000.0,90.0,69012.69297306618
90000.0,90.0,36799.76652031986
90000.0,90.0,30610.02393286257
90000.0,90.0,64187.05418045855
90000.0,90.0,63852.93464431348
136000.0,136.0,70982.97299239431
113000.0,113.0,67162.68636041229
123000.0,123.0,66669.28109094354
136000.0,136.0,68500.47183664453
122000.0,122.0,66296.60159615558
466000.0,466.0,3294.180106932699
500000.0,500.0,3481.346506757859
422000.0,422.0,3585.397960118958
458000.0,458.0,3459.1846448884166
444000.0,444.0,3355.4166098048104
100000.0,100.0,14754.190428720472
100000.0,100.0,16175.597914983395
100000.0,100.0,17537.509083803994
100000.0,100.0,15711.607396983245
100000.0,100.0,15197.022731709034
30000.0,30.0,15384.77316068933
30000.0,30.0,15383.515458344473
30000.0,30.0,15420.748712335828
30000.0,30.0,15373.448400852774
30000.0,30.0,15417.204769838709
170000.0,170.0,17479.574187027913
170000.0,170.0,17548.775055743055
170000.0,170.0,18900.078044575414
170000.0,170.0,18031.051449550345
170000.0,170.0,19191.29232742258
35000.0,35.0,16306.270360786459
35000.0,35.0,16484.093657771664
35000.0,35.0,16441.43608823085
35000.0,35.0,16465.06385426961
35000.0,35.0,16484.559532977157
105000.0,105.0,33957.74507344071
105000.0,105.0,33474.21261755848
105000.0,105.0,34019.47966214102
105000.0,105.0,34004.70764813358
106000.0,106.0,33877.05488920565
74000.0,74.0,36205.11819083581
75000.0,75.0,42624.98227423919
74000.0,74.0,30539.959578826893
75000.0,75.0,36585.554548064676
75000.0,75.0,32929.35952981575
53000.0,53.0,61317.32707929904
54000.0,54.0,61512.872830077446
62000.0,62.0,66242.20984046654
46000.0,46.0,63141.70197247536
50000.0,50.0,67275.12544314007
1.08e6,1080.0,20703.589361393944
1.08e6,1080.0,22427.515202968716
1.08e6,1080.0,23257.580828340386
1.08e6,1080.0,22365.79441462929
1.08e6,1080.0,21157.79797385651
60000.0,60.0,53157.01906232909
57000.0,57.0,52400.10355103709
58000.0,58.0,53253.657596520614
59000.0,59.0,53230.53367505633
58000.0,58.0,53030.707681751526
20000.0,20.0,25185.614076605492
20000.0,20.0,25106.907083665257
20000.0,20.0,25217.490351974142
20000.0,20.0,25017.055322246146
20000.0,20.0,25189.2325380143
97000.0,97.0,90253.4021103177
96000.0,96.0,92354.0923685165
97000.0,97.0,89626.76523361779
97000.0,97.0,91836.98175568761
97000.0,97.0,89728.12498061868
48000.0,48.0,13324.288892279012
48000.0,48.0,13395.538440042159
49000.0,49.0,13393.378532999564
48000.0,48.0,13476.394278025147
49000.0,49.0,13472.059131614284
162000.0,162.0,35124.86841532559
141000.0,141.0,35100.84056793542
152000.0,152.0,38054.70432231374
140000.0,140.0,35886.06953147623
141000.0,141.0,38547.63565744822
141000.0,141.0,45670.14462059239
140000.0,140.0,45825.65381184465
141000.0,141.0,49355.123855978694
140000.0,140.0,90941.28694119402
140000.0,140.0,50121.32129915164
198000.0,198.0,31127.527493513287
198000.0,198.0,33422.893250833695
198000.0,198.0,34439.09217666617
198000.0,198.0,33181.38665271833
198000.0,198.0,31817.611920602263
110000.0,110.0,62446.40874963443
109000.0,109.0,69582.65257645222
110000.0,110.0,75438.3315848046
109000.0,109.0,68655.40049431662
110000.0,110.0,76617.55328941182
30000.0,30.0,2842.845179615117
41000.0,41.0,3039.2869310096485
34000.0,34.0,2778.272522292327
31000.0,31.0,2846.595599731406
40000.0,40.0,2796.9294530556763
267000.0,267.0,5587.165763738158
265000.0,265.0,6063.21549793754
262000.0,262.0,6357.396801059146
275000.0,275.0,6066.50500988229
272000.0,272.0,5706.589920677302
12000.0,12.0,9216.57901712116
12000.0,12.0,9240.668157885106
12000.0,12.0,9106.413947256433
11000.0,11.0,9207.481654281473
12000.0,12.0,9155.948595578251
75000.0,75.0,35680.39967641888
75000.0,75.0,35639.11451009396
75000.0,75.0,35849.39757081342
75000.0,75.0,35347.69564508513
75000.0,75.0,35813.13830196246
115000.0,115.0,66352.96702274012
115000.0,115.0,69582.65257645222
115000.0,115.0,75438.3315848046
115000.0,115.0,68655.40049431662
115000.0,115.0,76617.55328941182
91000.0,91.0,16215.692817937932
100000.0,100.0,17153.074399612324
106000.0,106.0,15409.070793872128
96000.0,96.0,15940.83165427257
103000.0,103.0,15966.20344188325
162000.0,162.0,45797.91315195551
162000.0,162.0,42229.50839899637
162000.0,162.0,42524.632301996215
162000.0,162.0,43888.49905808957
162000.0,162.0,42705.77424893038
2.68e6,2680.0,3946.96636772258
2.95e6,2950.0,4141.512790329223
2.69e6,2690.0,4596.328186773519
2.47e6,2470.0,4161.945682255282
2.55e6,2550.0,4039.358441873703
68000.0,68.0,10367.20488589101
68000.0,68.0,10369.324160036433
68000.0,68.0,10390.323140299999
68000.0,68.0,10372.360777676551
69000.0,69.0,10392.221232548345
41000.0,41.0,66352.96702274012
49000.0,49.0,69582.65257645222
42000.0,42.0,75438.3315848046
49000.0,49.0,68655.40049431662
50000.0,50.0,76617.55328941182
37000.0,37.0,78552.58626638589
37000.0,37.0,75444.10226301174
36000.0,36.0,76480.13517870502
37000.0,37.0,76120.22445526786
36000.0,36.0,75728.12602443044
45000.0,45.0,9205.463095909365
46000.0,46.0,9365.660642494377
46000.0,46.0,9247.228861410964
45000.0,45.0,9298.585500896923
45000.0,45.0,9269.58563040292
2.78e6,2780.0,2679.1859993743
4.12e6,4120.0,2693.575244417769
6.8e6,6800.0,2724.695363442762
4.27e6,4270.0,2782.964576288164
6.19e6,6190.0,2702.126016977533
35000.0,35.0,7695.688039671738
35000.0,35.0,7709.5797770324725
35000.0,35.0,7737.5947911528265
35000.0,35.0,7756.8319537868
35000.0,35.0,7721.125853532395
12000.0,12.0,15594.096065848707
13000.0,13.0,15589.354162970329
13000.0,13.0,15878.46836829129
13000.0,13.0,15585.084913731482
13000.0,13.0,15839.697907802249
51000.0,51.0,45517.099864731135
50000.0,50.0,42563.82072065669
52000.0,52.0,43819.654552156266
50000.0,50.0,43832.31180328313
54000.0,54.0,43281.545945422404
20000.0,20.0,10398.73183488135
25000.0,25.0,10449.596945762703
20000.0,20.0,10293.368045473004
23000.0,23.0,10457.692991055286
20000.0,20.0,10319.579836003933
25000.0,25.0,15213.175219925995
27000.0,27.0,15149.913899944095
25000.0,25.0,14931.898566920652
27000.0,27.0,15368.173360997187
29000.0,29.0,14962.34167416846
24000.0,24.0,30903.538925424215
24000.0,24.0,30417.244288760685
24000.0,24.0,30810.55584458504
24000.0,24.0,31009.67524636423
24000.0,24.0,30815.01505339387
149000.0,149.0,13515.081954166671
149000.0,149.0,15907.856609306791
151000.0,151.0,11379.03803464212
150000.0,150.0,13650.721428593311
150000.0,150.0,12264.630955908446
56000.0,56.0,40618.08158894212
56000.0,56.0,40730.01260569628
56000.0,56.0,43896.846464746566
56000.0,56.0,41804.15462307668
56000.0,56.0,44549.56220830877
570000.0,570.0,14367.551270772745
862000.0,862.0,15255.785116872916
511000.0,511.0,15765.536036554468
617000.0,617.0,15167.459296804846
720000.0,720.0,14482.654992492371
506000.0,506.0,25475.82438388853
505000.0,505.0,25726.54862954631
508000.0,508.0,27740.984577869604
508000.0,508.0,26678.825301166005
507000.0,507.0,28226.750780281764
12000.0,12.0,13541.249187873133
13000.0,13.0,13329.456455922296
12000.0,12.0,13196.581528589111
13000.0,13.0,13735.590076601939
13000.0,13.0,13188.292452774236
80000.0,80.0,48023.27562700589
80000.0,80.0,30410.666258070803
80000.0,80.0,33384.87516204691
80000.0,80.0,46133.871701090444
80000.0,80.0,46734.1292276286
47000.0,47.0,13068.384135100328
47000.0,47.0,12703.304236287158
47000.0,47.0,12927.164654494438
47000.0,47.0,12870.38998268193
47000.0,47.0,12779.41995203252
64000.0,64.0,34472.823172133
65000.0,65.0,34590.44579878576
64000.0,64.0,37256.353379396605
64000.0,64.0,35519.40713459581
64000.0,64.0,37830.49948328502
133000.0,133.0,40982.507516371974
133000.0,133.0,48235.74431349997
133000.0,133.0,34574.16252068435
133000.0,133.0,41414.675394282785
133000.0,133.0,37283.97346567292
59000.0,59.0,23104.659095909385
59000.0,59.0,22603.5531944417
59000.0,59.0,22769.935938811217
59000.0,59.0,22763.123084273055
59000.0,59.0,22505.091659286758
135000.0,135.0,44430.1415390366
135000.0,135.0,44608.28022084614
135000.0,135.0,48016.121941509555
135000.0,135.0,45813.61235821936
135000.0,135.0,48757.18120414654
89000.0,89.0,35104.402695238285
89000.0,89.0,35214.14802203342
89000.0,89.0,37935.39510425618
89000.0,89.0,36154.060315309114
89000.0,89.0,38507.63384731713
14000.0,14.0,61052.89116054356
14000.0,14.0,57091.605606637015
14000.0,14.0,58776.0777381684
14000.0,14.0,58793.055132987865
14000.0,14.0,58054.30314582602
151000.0,151.0,919.3295717678905
151000.0,151.0,940.2324578219313
151000.0,151.0,974.2171019173218
152000.0,152.0,960.7454315381597
151000.0,151.0,985.9164435395284
123000.0,123.0,20391.981725788148
116000.0,116.0,20465.812270032195
139000.0,139.0,22005.758736509983
116000.0,116.0,21017.891457308917
114000.0,114.0,22330.601615778796
45000.0,45.0,78873.44423065695
46000.0,46.0,73224.4868164471
45000.0,45.0,75560.36133543638
45000.0,45.0,75152.02276598671
46000.0,46.0,73849.45560961601
109000.0,109.0,20007.217603301495
109000.0,109.0,20501.370255273232
109000.0,109.0,18566.92978037504
109000.0,109.0,19185.22012826126
108000.0,108.0,19677.93404351025
7100.0,7.1,62694.19275631609
6700.0,6.7,62531.05695074201
7100.0,7.1,62779.59821343237
7200.0,7.2,62322.20077888485
7200.0,7.2,62699.49409582709
207000.0,207.0,44327.81650980959
208000.0,208.0,44455.9213720334
207000.0,207.0,47936.182493217864
208000.0,208.0,45660.3119519525
208000.0,208.0,48649.22007104234
86000.0,86.0,5917.598275252439
86000.0,86.0,5772.048172338392
86000.0,86.0,5883.153976935378
86000.0,86.0,5927.378075898231
86000.0,86.0,5856.1220067038785
69000.0,69.0,35791.22931841925
77000.0,77.0,42097.672914675364
68000.0,68.0,18121.20602219257
70000.0,70.0,16207.35080851196
72000.0,72.0,15698.090227327202
415000.0,415.0,14893.290126946327
414000.0,414.0,16329.645763320863
439000.0,439.0,17710.798847268823
412000.0,412.0,15864.270664918211
441000.0,441.0,15343.808643945104
8000.0,8.0,26360.941117154394
8000.0,8.0,26494.68321265553
8000.0,8.0,26111.189295631062
8000.0,8.0,26511.918694307486
8000.0,8.0,26165.081947940187
22000.0,22.0,27516.324843746366
18000.0,18.0,27121.98078971117
18000.0,18.0,27424.41124719471
19000.0,19.0,27099.578354290657
22000.0,22.0,27339.486002725862
312000.0,312.0,48946.645240781574
312000.0,312.0,50717.57411865691
312000.0,312.0,46335.966119100296
312000.0,312.0,48183.560025338404
312000.0,312.0,47996.390358171404
230000.0,230.0,9015.555757729848
230000.0,230.0,9297.76058636413
229000.0,229.0,9921.91796022725
230000.0,230.0,9311.97875080635
230000.0,230.0,8913.83062795998
55000.0,55.0,11208.601529939702
55000.0,55.0,10932.913145848499
55000.0,55.0,11143.360126779764
55000.0,55.0,11227.125580303074
55000.0,55.0,11092.158512746388
160000.0,160.0,1291.2707607334964
159000.0,159.0,1348.759306221631
159000.0,159.0,1384.3887795511407
159000.0,159.0,1381.8234115301102
160000.0,160.0,1385.9125659442338
399000.0,399.0,2496.0716025707975
435000.0,435.0,2436.9687129372633
410000.0,410.0,2509.298569513533
417000.0,417.0,2478.7833310158994
430000.0,430.0,2486.376040040577
46000.0,46.0,19971.21839871643
41000.0,41.0,19085.292960250703
43000.0,43.0,19490.57847716268
43000.0,43.0,19469.823589629344
43000.0,43.0,19201.355129086252
69000.0,69.0,9599.182114186602
69000.0,69.0,9766.23133353536
70000.0,70.0,9642.73420765667
69000.0,69.0,9696.287378210074
70000.0,70.0,9666.047178965408
90000.0,90.0,28833.304716071627
90000.0,90.0,28925.457818790772
90000.0,90.0,31150.832109466548
90000.0,90.0,29687.40258972174
91000.0,91.0,31633.032109641423
90000.0,90.0,70145.90875241016
90000.0,90.0,66750.75977512302
90000.0,90.0,66779.64588678972
90000.0,90.0,68698.26838181629
90000.0,90.0,66138.9008729735
185000.0,185.0,35338.704374307694
185000.0,185.0,35459.566744269825
185000.0,185.0,38198.7838062397
185000.0,185.0,36416.48820041741
185000.0,185.0,38774.939605928936
45000.0,45.0,54679.27892508732
36000.0,36.0,53678.12400833439
53000.0,53.0,53265.29225868236
51000.0,51.0,40900.01069088593
31000.0,31.0,53142.50631863327
5.05e6,5050.0,511.09886274485734
5.03e6,5030.0,507.1602450899965
5.17e6,5170.0,504.33053722490496
5.15e6,5150.0,515.9620540971111
5.15e6,5150.0,515.2267954551486
1.19e6,1190.0,19101.141041791972
1.19e6,1190.0,20245.806033069653
1.2e6,1200.0,21087.7259820368
1.19e6,1190.0,20274.350977040736
1.2e6,1200.0,19358.008196658437
113000.0,113.0,9068.63371522891
132000.0,132.0,8990.420167428872
123000.0,123.0,9127.793749607446
120000.0,120.0,9313.190895647003
130000.0,130.0,9138.823849572831
36000.0,36.0,84854.06485025916
36000.0,36.0,81380.3665929503
35000.0,35.0,80366.43472173346
36000.0,36.0,83291.48649782447
36000.0,36.0,79860.57044785967
140000.0,140.0,10075.490508918685
140000.0,140.0,10039.797801621373
140000.0,140.0,10835.863121578928
140000.0,140.0,10219.178787336054
140000.0,140.0,10972.73147282415
8.98e6,8980.0,40.480621313770435
9.67e6,9670.0,41.222712432765626
8.64e6,8640.0,40.73261606085863
66000.0,66.0,24608.349887744513
66000.0,66.0,25438.31907893395
66000.0,66.0,24676.89701605619
66000.0,66.0,25227.887544649755
66000.0,66.0,25288.092104599844
99000.0,99.0,13045.047454750209
99000.0,99.0,13187.30643221146
98000.0,98.0,13153.180295047538
98000.0,98.0,13172.082553038219
98000.0,98.0,13187.679133266283
274000.0,274.0,3294.846491390859
274000.0,274.0,3488.7967845612206
274000.0,274.0,3601.316148378011
274000.0,274.0,3476.5231180759974
274000.0,274.0,3358.041103848934
54000.0,54.0,8946.613284690544
54000.0,54.0,8092.633173945572
54000.0,54.0,8329.442478778414
54000.0,54.0,8756.842384230937
54000.0,54.0,8027.783591778124
126000.0,126.0,23583.320679168537
148000.0,148.0,25843.96577700291
111000.0,111.0,28047.314672766868
248000.0,248.0,25115.502740900003
126000.0,126.0,24300.546698883747
69000.0,69.0,10617.374248041617
74000.0,74.0,15937.493043806753
66000.0,66.0,16184.250237847877
69000.0,69.0,15935.369084886794
65000.0,65.0,15984.16804797236
113000.0,113.0,17322.91011538846
110000.0,110.0,17126.809575312458
99000.0,99.0,17138.639485644693
101000.0,101.0,17571.908736783684
110000.0,110.0,17151.928289211664
1.27e6,1270.0,3548.5668279202937
1.27e6,1270.0,3864.614409904794
1.27e6,1270.0,4198.535094715102
1.27e6,1270.0,3723.816298630815
1.27e6,1270.0,3629.3755536474728
453000.0,453.0,3347.416062059415
453000.0,453.0,3537.607184801623
453000.0,453.0,3643.34017296719
453000.0,453.0,3515.0871737582706
453000.0,453.0,3409.642184082027
22000.0,22.0,34625.38857075001
22000.0,22.0,35422.818660162775
22000.0,22.0,35014.44168024271
22000.0,22.0,34979.99044851491
22000.0,22.0,35155.44927531173
48000.0,48.0,8810.271992081693
48000.0,48.0,8839.580690699886
48000.0,48.0,9504.961039018446
48000.0,48.0,15549.993293573307
48000.0,48.0,9645.284567084042
76000.0,76.0,72911.49292025503
75000.0,75.0,70860.77002249546
75000.0,75.0,72598.9473226281
75000.0,75.0,70912.18426803002
75000.0,75.0,70822.21484519803
5.6e6,5600.0,294.8278742448148
5.6e6,5600.0,289.7676025120291
5.6e6,5600.0,298.2435557489378
5.6e6,5600.0,297.8080936533754
5.6e6,5600.0,291.61010528681766
119000.0,119.0,106937.46854491404
119000.0,119.0,106371.66419143097
119000.0,119.0,103276.12693201294
119000.0,119.0,105975.89062372776
119000.0,119.0,103318.0923965439
80000.0,80.0,7928.124769775587
97000.0,97.0,7903.829738144787
92000.0,92.0,8681.510043877093
84000.0,84.0,8107.542466840913
89000.0,89.0,8786.774931463631
12000.0,12.0,14735.180272369977
12000.0,12.0,14894.66288815469
12000.0,12.0,14736.47052815584
12000.0,12.0,14595.969868447959
12000.0,12.0,15283.000541162874
55000.0,55.0,40872.7942816776
55000.0,55.0,42744.5018142445
55000.0,55.0,39276.317608673155
57000.0,57.0,40285.600865136184
56000.0,56.0,40112.20527527661
127000.0,127.0,19217.569528679433
127000.0,127.0,28756.530606516848
127000.0,127.0,28760.899686467874
127000.0,127.0,19795.48893170903
127000.0,127.0,21044.262569913153
196000.0,196.0,19535.94936832107
87000.0,87.0,22990.094392410003
149000.0,149.0,9891.5253501192
93000.0,93.0,19728.27756764594
123000.0,123.0,8568.483363659989
36000.0,36.0,16529.4013090609
35000.0,35.0,16170.903029154895
35000.0,35.0,16289.935607872909
35000.0,35.0,16285.061594962612
36000.0,36.0,16100.462248300855
85000.0,85.0,17891.673440201484
85000.0,85.0,17488.05273780506
85000.0,85.0,17816.358237345805
85000.0,85.0,17622.785732738434
85000.0,85.0,17641.013416028756
58000.0,58.0,9649.811374978575
53000.0,53.0,9716.163971124019
45000.0,45.0,9746.808480196478
58000.0,58.0,9740.016482716566
55000.0,55.0,9761.608814012383
318000.0,318.0,17521.003902573117
471000.0,471.0,18471.68284552408
333000.0,333.0,10724.146516567824
427000.0,427.0,10528.672929823404
354000.0,354.0,17744.92929348499
150000.0,150.0,50333.47106243747
150000.0,150.0,50181.75040764246
150000.0,150.0,55088.16576342505
150000.0,150.0,51452.00143078278
150000.0,150.0,55757.517327643465
251000.0,251.0,12527.892256904961
251000.0,251.0,12490.111162523952
251000.0,251.0,13467.504494706725
252000.0,252.0,12711.9657365281
203000.0,203.0,13640.413222261384
1.31e6,1310.0,2088.9939491870805
1.38e6,1380.0,2439.0513161870235
1.25e6,1250.0,2980.5214309791522
1.31e6,1310.0,2477.0609121485363
1.22e6,1220.0,2469.9003412858146
21000.0,21.0,37400.99041358947
21000.0,21.0,37769.84233388509
21000.0,21.0,37803.59377448409
21000.0,21.0,38408.690664899965
21000.0,21.0,37818.66430007965
294000.0,294.0,14132.793324180502
247000.0,247.0,15006.513913994035
244000.0,244.0,15507.935781847425
245000.0,245.0,14919.631289621559
417000.0,417.0,14246.016313905735
8600.0,8.6,40212.29250201163
6000.0,6.0,40214.30645781939
7000.0,7.0,40146.84835987767
7200.0,7.2,40200.28052399456
6300.0,6.3,40116.32497708464
90000.0,90.0,43894.530136207126
90000.0,90.0,42523.25438631429
90000.0,90.0,41888.756233825
90000.0,90.0,42938.35475606427
90000.0,90.0,41428.66547960379
143000.0,143.0,35506.97130476434
143000.0,143.0,35807.12891678606
143000.0,143.0,39309.119986181366
143000.0,143.0,36702.97112241161
143000.0,143.0,39786.80495945519
105000.0,105.0,111906.63045753275
105000.0,105.0,104359.4456868135
105000.0,105.0,103157.2491494472
105000.0,105.0,107079.36873826302
105000.0,105.0,102396.63197682306
30000.0,30.0,39043.62315781483
30000.0,30.0,39083.244743905256
30000.0,30.0,38878.04643610033
30000.0,30.0,38535.10415960898
30000.0,30.0,38934.22480931989
25000.0,25.0,14574.915137893478
25000.0,25.0,14258.80677383273
25000.0,25.0,14363.764582105478
24000.0,24.0,14359.466887154507
24000.0,24.0,14196.695122962972
73000.0,73.0,28003.303988089774
66000.0,66.0,28076.315448809124
65000.0,65.0,30260.356069213885
75000.0,75.0,28814.935698162895
66000.0,66.0,30718.16645722621
75000.0,75.0,53648.20806278797
76000.0,76.0,54086.20320447033
76000.0,76.0,54070.34625856906
76000.0,76.0,53837.856649861526
76000.0,76.0,54121.19085900149
267000.0,267.0,584.047118935061
267000.0,267.0,623.8207675173634
267000.0,267.0,653.7603928049934
267000.0,267.0,624.699830909549
267000.0,267.0,594.441538001619
75000.0,75.0,47241.185930020096
78000.0,78.0,47103.2498652245
73000.0,73.0,51726.988981373564
72000.0,72.0,48304.81361988128
71000.0,71.0,52343.97909398464
52000.0,52.0,24223.330709381255
52000.0,52.0,23660.54761060861
52000.0,52.0,23280.305969064757
52000.0,52.0,23845.08507074472
52000.0,52.0,23100.336158617385
9800.0,9.8,45604.35554329901
13000.0,13.0,44208.21750167108
12000.0,12.0,44046.811700206854
14000.0,14.0,45166.40569082101
13000.0,13.0,44522.06211876666
678000.0,678.0,3031.030098745697
620000.0,620.0,3183.7750088108587
617000.0,617.0,2910.2673409780805
605000.0,605.0,2982.0205295848023
606000.0,606.0,2982.8829242710617
375000.0,375.0,15071.917335832843
375000.0,375.0,15206.033185089906
375000.0,375.0,15747.284632959847
375000.0,375.0,15760.180057478454
375000.0,375.0,16105.605989647273
555000.0,555.0,303.38893338141384
553000.0,553.0,298.18172409849785
558000.0,558.0,306.9037976762532
558000.0,558.0,306.4556908578628
555000.0,555.0,300.0777285147262
130000.0,130.0,39128.35637563834
130000.0,130.0,40319.60612307215
130000.0,130.0,39951.38383123546
130000.0,130.0,39088.35664947356
130000.0,130.0,40509.014771170194
127000.0,127.0,31260.165793796306
127000.0,127.0,30279.91043725412
126000.0,126.0,31040.783091755853
126000.0,126.0,30735.69394616987
127000.0,127.0,30589.636271707448
38000.0,38.0,45338.246888359536
38000.0,38.0,45162.99743344899
38000.0,38.0,45533.98865676473
38000.0,38.0,44639.55743470187
38000.0,38.0,45411.600389370404
180000.0,180.0,19164.775278821184
180000.0,180.0,20998.437076027138
180000.0,180.0,22739.217892426568
180000.0,180.0,20385.002091388975
180000.0,180.0,19692.830092731572
79000.0,79.0,6701.2116477228965
78000.0,78.0,6680.033616018579
79000.0,79.0,7204.284292834108
79000.0,79.0,6800.442536985546
79000.0,79.0,7298.202942734164
68000.0,68.0,11294.20781895741
68000.0,68.0,11133.386891886601
68000.0,68.0,11314.740491927632
68000.0,68.0,11309.827380184091
68000.0,68.0,11267.37059205291
10000.0,10.0,9351.689338378801
8500.0,8.5,9391.917101783472
8200.0,8.2,9258.84305971702
7700.0,7.7,9398.881631306833
8600.0,8.6,9279.216803539863
75000.0,75.0,80095.39718816837
75000.0,75.0,74119.94023245535
75000.0,75.0,75723.72321122381
75000.0,75.0,76824.10281531898
74000.0,74.0,73793.10184348132
134000.0,134.0,62446.40874963443
134000.0,134.0,76114.31499318295
135000.0,135.0,51484.70671742754
135000.0,135.0,65281.8857461982
134000.0,134.0,56780.8590101158
172000.0,172.0,35672.8883338941
172000.0,172.0,36787.66302906658
173000.0,173.0,35661.121307777874
172000.0,172.0,36491.394379828
172000.0,172.0,35940.19399637451
9000.0,9.0,9859.17894736907
9000.0,9.0,9908.005459105767
9000.0,9.0,9766.820487777166
9000.0,9.0,9911.380481897186
9000.0,9.0,9785.488469288071
4.51e6,4510.0,299.05845838520526
4.54e6,4540.0,294.49501859369013
4.62e6,4620.0,303.8048157541915
4.56e6,4560.0,303.5341625832691
4.67e6,4670.0,295.96600571347267
31000.0,31.0,42138.658948285025
30000.0,30.0,42005.50467624709
31000.0,31.0,42197.61932606692
31000.0,31.0,41825.330097898215
30000.0,30.0,42122.52071212471
28000.0,28.0,2902.398714409843
28000.0,28.0,2959.8975838395845
27000.0,27.0,2960.0811366161497
28000.0,28.0,2890.156510667556
27000.0,27.0,2998.279750070036
881000.0,881.0,2594.5667614853883
791000.0,791.0,2784.3811732752906
794000.0,794.0,2928.0030800547684
857000.0,857.0,2789.921803156008
837000.0,837.0,2613.319041918642
1.08e6,1080.0,19462.91378700682
1.08e6,1080.0,20564.02580403622
1.07e6,1070.0,21339.809934148314
1.07e6,1070.0,20533.35126517922
1.07e6,1070.0,19870.67184981569
45000.0,45.0,12825.101567363728
45000.0,45.0,12358.866185649968
45000.0,45.0,12223.20723620418
45000.0,45.0,12411.870836202688
45000.0,45.0,12137.313784975098
24000.0,24.0,27089.302574265763
24000.0,24.0,27082.83426269037
24000.0,24.0,27023.678715023263
24000.0,24.0,27056.350021698774
24000.0,24.0,27012.91826650112
58000.0,58.0,23906.277717479625
58000.0,58.0,23752.996341000766
58000.0,58.0,23553.910244908897
58000.0,58.0,23840.272745588623
58000.0,58.0,23569.806862866313
23000.0,23.0,55529.9467392822
26000.0,26.0,55364.99320397102
24000.0,24.0,55609.54790586969
26000.0,26.0,55162.92299676107
17000.0,17.0,55526.81534695728
416000.0,416.0,17179.010690059553
516000.0,516.0,18111.13329071548
502000.0,502.0,18921.145132058595
481000.0,481.0,18211.042604252343
546000.0,546.0,17398.56527184273
350000.0,350.0,20324.29485161804
350000.0,350.0,20826.278905548912
350000.0,350.0,18861.181141117788
350000.0,350.0,19489.27024293648
350000.0,350.0,19989.79275883911
180000.0,180.0,26749.67779314711
180000.0,180.0,26838.66463092894
180000.0,180.0,28858.887155660326
180000.0,180.0,27554.7399986948
180000.0,180.0,29284.936336199335
1.95e6,1950.0,2356.414759383116
1.68e6,1680.0,2308.6497711855554
1.94e6,1940.0,2322.3586099083223
2.81e6,2810.0,2882.0229582863017
1.83e6,1830.0,2394.59268574894
4.36e6,4360.0,303.1364843597359
3.64e6,3640.0,306.5265767166097
3.95e6,3950.0,308.0060104175379
5.68e6,5680.0,314.5443866185161
4.74e6,4740.0,306.1699132231879
70000.0,70.0,23619.89330699635
71000.0,71.0,27805.78366192633
71000.0,71.0,19893.40271620377
71000.0,71.0,23873.491430418773
71000.0,71.0,21445.79142305301
3.37e6,3370.0,244.04493917938734
3.73e6,3730.0,248.02536457992113
3.71e6,3710.0,249.7969481731042
3.72e6,3720.0,254.7154321598022
3.77e6,3770.0,245.7250575238807
37000.0,37.0,7034.710783792406
40000.0,40.0,7157.131937052956
35000.0,35.0,7066.627709416497
40000.0,40.0,7105.873872466321
37000.0,37.0,7083.7124994243295
130000.0,130.0,33530.39735115111
130000.0,130.0,33624.5351591324
130000.0,130.0,36172.74444485008
130000.0,130.0,34508.7598214203
130000.0,130.0,36708.37823083631
150000.0,150.0,5525.553538841274
150000.0,150.0,6463.164774032759
150000.0,150.0,4637.53715274249
150000.0,150.0,5502.117571707336
150000.0,150.0,4989.617884901347
52000.0,52.0,66352.96702274012
57000.0,57.0,69582.65257645222
58000.0,58.0,75438.3315848046
50000.0,50.0,68655.40049431662
52000.0,52.0,76617.55328941182
110000.0,110.0,45479.23595126508
110000.0,110.0,53543.57955829844
110000.0,110.0,38362.91930623033
110000.0,110.0,45957.12293850411
110000.0,110.0,41364.37571855796
137000.0,137.0,21175.404394429264
137000.0,137.0,21260.305285917377
137000.0,137.0,22884.48256844647
137000.0,137.0,21834.76655374959
137000.0,137.0,23237.67139528801
78000.0,78.0,29432.308685224634
78000.0,78.0,30198.255574154668
78000.0,78.0,29100.420477041043
78000.0,78.0,29855.709164623706
78000.0,78.0,29204.884011311962
133000.0,133.0,41675.29450982227
133000.0,133.0,41543.64725167116
133000.0,133.0,45615.08590493972
133000.0,133.0,42606.23969147481
133000.0,133.0,46178.33907601667
61000.0,61.0,2886.4179390984314
72000.0,72.0,3091.8490682073652
66000.0,66.0,2832.806342178414
61000.0,61.0,2904.125043525363
61000.0,61.0,2841.4448494569947
39000.0,39.0,9530.753714886236
34000.0,34.0,9696.612112918296
33000.0,33.0,9573.995344401466
33000.0,33.0,9627.166757666088
38000.0,38.0,9597.14212766516
104000.0,104.0,59790.69518227194
116000.0,116.0,60763.158884163495
90000.0,90.0,59571.934560907925
120000.0,120.0,60756.57698541048
115000.0,115.0,59853.54427547409
55000.0,55.0,29059.87708708567
55000.0,55.0,29532.52045680182
55000.0,55.0,28953.55357388762
55000.0,55.0,29529.32147796105
55000.0,55.0,29090.423427413727
11000.0,11.0,9753.945441276579
11000.0,11.0,9807.659904325787
11000.0,11.0,9659.856742805783
11000.0,11.0,9820.80683496721
11000.0,11.0,9681.899831030789
12000.0,12.0,72976.3001992103
13000.0,13.0,72753.16043385648
12000.0,12.0,73129.08293385178
13000.0,13.0,72451.61772710284
13000.0,13.0,72992.70457219468
44000.0,44.0,25540.317490603236
48000.0,48.0,25459.601691433083
34000.0,34.0,27457.677477486195
46000.0,46.0,25918.51602392433
46000.0,46.0,27815.62948121845
292000.0,292.0,8132.880230751693
292000.0,292.0,8569.82769330554
291000.0,291.0,7715.453220162088
292000.0,292.0,7965.894322941876
291000.0,291.0,7906.618510264491
15000.0,15.0,32939.35091431652
15000.0,15.0,33171.24158115083
15000.0,15.0,33177.996292661475
15000.0,15.0,33516.58043011753
15000.0,15.0,33265.39101727863
100000.0,100.0,73491.44564706688
106000.0,106.0,68723.11123335485
110000.0,110.0,70750.76774142936
89000.0,89.0,70771.20401012826
110000.0,110.0,69881.94306803131
152000.0,152.0,5791.427756215822
191000.0,191.0,5773.962210202863
122000.0,122.0,6225.794230838551
217000.0,217.0,5876.521739881358
104000.0,104.0,6305.726942863599
106000.0,106.0,13071.901029378812
106000.0,106.0,12299.333642314283
106000.0,106.0,12781.696261817466
106000.0,106.0,12345.773117391782
106000.0,106.0,12624.042613874139
35000.0,35.0,22342.9045292237
35000.0,35.0,21953.786068385736
35000.0,35.0,21760.969902229685
35000.0,35.0,22508.026689354152
35000.0,35.0,21980.180416853942
115000.0,115.0,12441.230393422113
115000.0,115.0,12484.464099447869
115000.0,115.0,13426.679889752786
115000.0,115.0,12824.55135114184
115000.0,115.0,13627.53815848957
110000.0,110.0,106937.46854491404
110000.0,110.0,106371.66419143097
110000.0,110.0,103276.12693201294
110000.0,110.0,105975.89062372776
110000.0,110.0,103318.0923965439
79000.0,79.0,84095.56572367328
84000.0,84.0,81616.29763885398
43000.0,43.0,81997.5169719078
45000.0,45.0,82160.84004539237
66000.0,66.0,81148.76557867744
421000.0,421.0,16599.12877954122
468000.0,468.0,16836.856412611694
474000.0,474.0,17383.75687837356
480000.0,480.0,53303.6489500064
421000.0,421.0,17749.246961859622
208000.0,208.0,5262.6874079144
197000.0,197.0,5246.552747019091
204000.0,204.0,5660.307936105187
200000.0,200.0,5342.1446383563325
200000.0,200.0,5732.836698418532
90000.0,90.0,27612.68168088975
90000.0,90.0,26841.29059460056
90000.0,90.0,27314.293714573592
90000.0,90.0,27194.332369384392
90000.0,90.0,27002.1183609152
112000.0,112.0,63524.80216368705
180000.0,180.0,63446.222195404334
105000.0,105.0,64329.984459186955
198000.0,198.0,65558.88425654986
199000.0,199.0,62250.54540026461
26000.0,26.0,7020.657631878258
26000.0,26.0,7039.00734814886
26000.0,26.0,6936.740243758935
24000.0,24.0,7013.727786245541
25000.0,25.0,6974.472878192703
32000.0,32.0,15116.879490069248
32000.0,32.0,15251.395430261353
32000.0,32.0,15794.261525460994
32000.0,32.0,15807.19541927672
32000.0,32.0,16153.65181715825
1.5e6,1500.0,17256.122759881124
1.51e6,1510.0,17749.444261788292
1.5e6,1500.0,18491.905491675567
1.5e6,1500.0,17769.611321753317
1.51e6,1510.0,17375.419789193093
34000.0,34.0,45449.86923703612
34000.0,34.0,43336.81133505651
34000.0,34.0,44034.15332881207
34000.0,34.0,43577.497302493364
34000.0,34.0,43143.72809987067
30000.0,30.0,73433.86066109667
30000.0,30.0,72509.54155155136
30000.0,30.0,70078.27806781817
30000.0,30.0,71834.21602621619
30000.0,30.0,69308.56393186325
47000.0,47.0,15758.217129886863
47000.0,47.0,15590.051895644607
47000.0,47.0,16107.540048460523
47000.0,47.0,16112.540972859008
47000.0,47.0,16833.77778167009
99000.0,99.0,90041.53850551693
97000.0,97.0,84621.34654797426
110000.0,110.0,85050.08340110951
101000.0,101.0,86550.0182409553
108000.0,108.0,83259.273305099
294000.0,294.0,8856.802551406145
275000.0,275.0,4889.487485338755
289000.0,289.0,4451.154949893475
276000.0,276.0,4590.030394676721
279000.0,279.0,4542.9533425714035
2.63e6,2630.0,2339.1803062561867
2.42e6,2420.0,2354.993989994121
2.65e6,2650.0,2365.0290159783376
2.63e6,2630.0,2391.5534595400995
2.82e6,2820.0,2372.0897057016005
17000.0,17.0,103844.32045360224
18000.0,18.0,103410.46800521183
18000.0,18.0,102919.37834539173
18000.0,18.0,103061.93576580622
17000.0,17.0,102975.07049632665
102000.0,102.0,33481.20547696793
102000.0,102.0,33605.600884342806
102000.0,102.0,36173.83733444681
102000.0,102.0,34503.7244560527
102000.0,102.0,36732.18118799985
42000.0,42.0,6893.912600470705
50000.0,50.0,6871.770541444121
48000.0,48.0,7546.512426955273
42000.0,42.0,7045.039673408066
48000.0,48.0,7636.536892044001
90000.0,90.0,12873.731355709386
90000.0,90.0,12112.858466993723
90000.0,90.0,12364.081876494918
90000.0,90.0,12069.05578025912
90000.0,90.0,12219.884843997095
6.21e6,6210.0,2194.8022228675404
7.76e6,7760.0,2657.040925617343
5.36e6,5360.0,2210.9960881746238
8.15e6,8150.0,2236.1539750526767
5.72e6,5720.0,2231.0503209916583
1.13e6,1130.0,4616.994432605516
1.21e6,1210.0,4608.015024549889
1.11e6,1110.0,4645.161195527
1.2e6,1200.0,4705.741498428797
1.21e6,1210.0,4710.993838660514
24000.0,24.0,20426.824463070116
24000.0,24.0,20668.041880961762
24000.0,24.0,20456.334417674934
24000.0,24.0,20667.74012047922
24000.0,24.0,20572.296155221662
92000.0,92.0,61939.17333439429
92000.0,92.0,58689.05205776097
92000.0,92.0,59803.01775572427
92000.0,92.0,59008.74704936244
92000.0,92.0,59256.97147175809
754000.0,754.0,18349.93205195944
754000.0,754.0,18970.334443367676
754000.0,754.0,19772.823652002655
754000.0,754.0,19021.090152228535
754000.0,754.0,18578.71574949648
912000.0,912.0,15245.457032518034
825000.0,825.0,16714.19276981326
807000.0,807.0,18121.45115560335
912000.0,912.0,16234.752875103932
884000.0,884.0,15703.034212400524
31000.0,31.0,12906.85915202708
32000.0,32.0,13008.030610887994
27000.0,27.0,13006.879133414815
30000.0,30.0,13134.797756675116
30000.0,30.0,13034.836631856897
42000.0,42.0,39675.85337280436
42000.0,42.0,39829.153785772185
42000.0,42.0,42880.91552510661
42000.0,42.0,40915.9136382132
42000.0,42.0,43551.21277636262
511000.0,511.0,17700.871819660548
511000.0,511.0,19413.20886750529
512000.0,512.0,21054.24736982177
511000.0,511.0,18876.090605981146
512000.0,512.0,18246.726148282316
242000.0,242.0,21016.553022354972
241000.0,241.0,20946.60984991951
241000.0,241.0,22610.338389547705
242000.0,242.0,21331.547530763182
241000.0,241.0,22894.378789795242
95000.0,95.0,106467.63953812228
95000.0,95.0,103103.57879639129
95000.0,95.0,101624.6120561971
95000.0,95.0,104821.60281795346
95000.0,95.0,101436.94715793649
21000.0,21.0,83394.40600572183
21000.0,21.0,75889.4819796479
20000.0,20.0,77209.09626699981
21000.0,21.0,80781.2863335838
21000.0,21.0,77291.54083355943
70000.0,70.0,17134.922470611313
70000.0,70.0,17217.53927625162
70000.0,70.0,16965.515487517183
71000.0,71.0,17236.7492243293
70000.0,70.0,17002.10232650593
120000.0,120.0,29744.319685006936
120000.0,120.0,35011.02247372269
120000.0,120.0,25081.54391517051
120000.0,120.0,30035.345811495547
120000.0,120.0,27045.718980534293
2.25e6,2250.0,241.7177901418459
2.41e6,2410.0,236.9137844428925
2.55e6,2550.0,237.44929609816958
1.97e6,1970.0,240.25207044311983
3.76e6,3760.0,245.82385722063174
134000.0,134.0,932.6610019458925
134000.0,134.0,953.8670060269237
134000.0,134.0,988.3444700247687
135000.0,135.0,974.6774435529102
135000.0,135.0,1000.2134667529943
90000.0,90.0,540.9660000458873
90000.0,90.0,524.5757054575174
90000.0,90.0,540.9692868836703
90000.0,90.0,556.3878666958873
90000.0,90.0,520.4843140143527
634000.0,634.0,16900.00682146031
634000.0,634.0,18520.00419562351
634000.0,634.0,20098.942627366905
633000.0,633.0,17997.981430178297
634000.0,634.0,17413.977046036125
121000.0,121.0,44975.061242330936
121000.0,121.0,45165.10608335005
121000.0,121.0,48621.6183226552
121000.0,121.0,46408.72955948225
121000.0,121.0,49368.675947220516
50000.0,50.0,74582.0745255148
50000.0,50.0,74305.91930776248
50000.0,50.0,74757.36417996872
50000.0,50.0,75299.53172842688
50000.0,50.0,74840.18765631947
75000.0,75.0,12910.060784323183
75000.0,75.0,12277.796646111126
75000.0,75.0,12268.439353199177
75000.0,75.0,12629.132701714116
75000.0,75.0,12143.508706265162
77000.0,77.0,49836.86608639312
77000.0,77.0,46267.52361725457
77000.0,77.0,47743.46608094427
77000.0,77.0,47485.45383357672
78000.0,78.0,46662.41554009555
96000.0,96.0,50128.11362872851
96000.0,96.0,46970.556496097735
96000.0,96.0,47765.64988552637
96000.0,96.0,48988.08777562307
96000.0,96.0,47092.797172303304
1.83e6,1830.0,691.2090812131559
1.84e6,1840.0,700.8736879472598
1.83e6,1830.0,709.5324294242853
1.84e6,1840.0,711.1891773390912
1.84e6,1840.0,701.008371087132
147000.0,147.0,2893.908404922772
147000.0,147.0,2883.4644349833925
147000.0,147.0,3111.057291868448
147000.0,147.0,2934.212085696165
147000.0,147.0,3150.9290858656273
100000.0,100.0,4529.9313484975055
125000.0,125.0,4926.11247992117
154000.0,154.0,5356.62829006532
93000.0,93.0,4740.383698831373
163000.0,163.0,4629.015732123728
60000.0,60.0,82437.80368564907
60000.0,60.0,81493.13385632342
60000.0,60.0,82020.00499797915
60000.0,60.0,82419.89503128441
60000.0,60.0,81272.42319926071
26000.0,26.0,78071.20770429498
24000.0,24.0,78609.49336896442
23000.0,23.0,78509.10780369316
24000.0,24.0,78713.22061009021
26000.0,26.0,78542.55963860582
14000.0,14.0,63602.03673005337
20000.0,20.0,63993.05129454102
19000.0,19.0,63961.244887385496
15000.0,15.0,64079.931437677165
18000.0,18.0,63989.935527618174
117000.0,117.0,19092.946491885057
117000.0,117.0,18209.117727956997
117000.0,117.0,18825.78788068554
117000.0,117.0,18341.76307950711
118000.0,118.0,18580.411624111992
54000.0,54.0,14985.530029262496
54000.0,54.0,15089.642903243206
55000.0,55.0,15590.973955579111
54000.0,54.0,15594.85164612408
54000.0,54.0,16004.01546702562
51000.0,51.0,40359.939709757215
51000.0,51.0,47499.27319628113
51000.0,51.0,34029.187514569334
51000.0,51.0,40746.23140655563
51000.0,51.0,36703.45786644806
23000.0,23.0,36144.36471247281
33000.0,33.0,36508.89526887859
24000.0,24.0,36598.803579560335
20000.0,20.0,36661.27348622751
30000.0,30.0,36641.030135107656
147000.0,147.0,38539.964644004715
146000.0,146.0,38666.167977668905
146000.0,146.0,41661.85596532899
146000.0,146.0,39719.8763821843
146000.0,146.0,42298.49378255173
45000.0,45.0,11348.925698606206
45000.0,45.0,10915.312213745865
45000.0,45.0,10916.970615185348
45000.0,45.0,11147.704587084298
45000.0,45.0,10783.449076238061
70000.0,70.0,16400.042083916836
70000.0,70.0,16394.642503738203
70000.0,70.0,16428.074653140353
70000.0,70.0,16385.764842915
70000.0,70.0,16428.904977274546
2.11e6,2110.0,3354.257729644514
1.83e6,1830.0,3319.4885915722134
2.51e6,2510.0,3099.766743904213
1.93e6,1930.0,3416.732491777209
1.83e6,1830.0,3319.1948285448884
41000.0,41.0,51613.20731282651
41000.0,41.0,49500.30077602036
41000.0,41.0,48883.56808369091
41000.0,41.0,50662.75572763649
41000.0,41.0,48575.87183265482
217000.0,217.0,39142.27463527983
217000.0,217.0,39926.08774132532
217000.0,217.0,36711.851504187165
217000.0,217.0,37676.87466141084
217000.0,217.0,39210.28525268604
37000.0,37.0,46234.92593247398
37000.0,37.0,45011.64140244658
38000.0,38.0,45956.72373727415
38000.0,38.0,45441.34530523673
38000.0,38.0,45234.735159874945
43000.0,43.0,6684.849290012643
44000.0,44.0,6745.398096454297
43000.0,43.0,6580.366954853509
47000.0,47.0,6680.749669150662
47000.0,47.0,6614.807137397726
48000.0,48.0,10485.016968521502
32000.0,32.0,10503.943814464152
62000.0,62.0,10542.112968009747
54000.0,54.0,10568.32270723042
39000.0,39.0,10519.674806598643
542000.0,542.0,16769.503065151897
526000.0,526.0,17645.22065840442
527000.0,527.0,18392.189123232518
533000.0,533.0,17691.85297768174
532000.0,532.0,16973.983180226132
46000.0,46.0,12308.037372101382
46000.0,46.0,12330.255011605219
46000.0,46.0,12375.060601306315
46000.0,46.0,12405.827404145983
46000.0,46.0,12348.721137093884
31000.0,31.0,32137.50785958288
31000.0,31.0,32247.162298665
30000.0,30.0,34732.47153478409
30000.0,30.0,33113.19239088493
30000.0,30.0,35267.72287854925
20000.0,20.0,12909.234826427084
20000.0,20.0,12886.435083208047
18000.0,18.0,12939.652969769391
24000.0,24.0,13069.202695742699
21000.0,21.0,12950.055522314042
33000.0,33.0,10646.35379609416
33000.0,33.0,10819.51105062406
33000.0,33.0,10607.401197122113
33000.0,33.0,10818.339075242924
33000.0,33.0,10657.544729398309
62000.0,62.0,38335.79495307057
63000.0,63.0,38478.22700598775
62000.0,62.0,41418.84352619989
63000.0,63.0,39506.573524492735
63000.0,63.0,42058.14414809179
113000.0,113.0,66852.69280822387
113000.0,113.0,63616.93956682143
114000.0,114.0,63644.469530920884
113000.0,113.0,65473.01637786085
114000.0,114.0,63033.80626717658
25000.0,25.0,10341.250179103605
25000.0,25.0,10308.932972051818
25000.0,25.0,10354.338624648846
25000.0,25.0,10272.039706672545
25000.0,25.0,10342.735924679548
596000.0,596.0,5397.620772872253
616000.0,616.0,5857.520486410684
623000.0,623.0,6141.721668166462
625000.0,625.0,5860.698401431719
614000.0,614.0,5512.993456901266
89000.0,89.0,34483.20480363412
89000.0,89.0,33401.88148492632
89000.0,89.0,34241.20293151552
89000.0,89.0,33904.657963711994
89000.0,89.0,33743.54120141286
55000.0,55.0,55014.09711007692
55000.0,55.0,55189.54136760096
55000.0,55.0,59432.71728457051
55000.0,55.0,56650.93195463219
55000.0,55.0,60359.452385050456
144000.0,144.0,9083.837138903653
142000.0,142.0,9293.039847115459
156000.0,156.0,9185.903721573031
131000.0,131.0,9176.86557381014
137000.0,137.0,9222.89652026288
7200.0,7.2,29544.281868481532
7200.0,7.2,29638.70730006488
7200.0,7.2,46162.97834417541
7200.0,7.2,48057.6026542229
7200.0,7.2,46326.77464173282
93000.0,93.0,43604.08059739772
93000.0,93.0,43772.558978942616
93000.0,93.0,47126.46957024461
93000.0,93.0,44966.91675999883
93000.0,93.0,47863.13161739328
28000.0,28.0,6899.732083640344
33000.0,33.0,6949.076135696351
29000.0,29.0,6951.512590325431
33000.0,33.0,7015.222002873634
27000.0,27.0,6965.582941784759
150000.0,150.0,9645.863392714873
150000.0,150.0,9843.040150883364
149000.0,149.0,8964.895842199141
150000.0,150.0,9265.122022244059
149000.0,149.0,9412.765610450724
32000.0,32.0,79024.17629651491
31000.0,31.0,72740.97163995264
31000.0,31.0,73083.15538295271
31000.0,31.0,75325.39920616169
32000.0,32.0,72915.2359180646
46000.0,46.0,21492.764441069812
46000.0,46.0,20835.691900668226
46000.0,46.0,21251.641844091802
46000.0,46.0,21037.099181369704
46000.0,46.0,20973.501633254888
57000.0,57.0,19899.003853295846
57000.0,57.0,19689.708744309326
57000.0,57.0,19604.042927019676
57000.0,57.0,20094.22462809399
57000.0,57.0,19648.032408361967
180000.0,180.0,44966.99330552882
180000.0,180.0,44841.03532392276
180000.0,180.0,48356.096021776684
180000.0,180.0,45660.391395691295
180000.0,180.0,48973.61810118383
54000.0,54.0,7911.0917862671295
51000.0,51.0,7967.388262185958
53000.0,53.0,7859.916681534377
52000.0,52.0,8024.616123440627
51000.0,51.0,7859.649179868215
130000.0,130.0,33114.88550390144
130000.0,130.0,33422.474543391596
130000.0,130.0,33208.20062275186
130000.0,130.0,32889.68432091867
130000.0,130.0,33365.572398632765
30000.0,30.0,15306.659054920814
30000.0,30.0,14692.087191062
30000.0,30.0,14876.057034550595
30000.0,30.0,14815.686366290713
30000.0,30.0,14721.037002183897
694000.0,694.0,2255.7060592782705
757000.0,757.0,2249.3404822494863
753000.0,753.0,2262.762917266502
897000.0,897.0,2287.2060294854437
981000.0,981.0,2291.631419486653
112000.0,112.0,44054.93557153951
114000.0,114.0,44192.66254963999
115000.0,115.0,47607.74315711676
115000.0,115.0,45372.223298262994
119000.0,119.0,48325.88501459119
129000.0,129.0,59821.794652961595
129000.0,129.0,57945.904581445415
129000.0,129.0,59401.96748254776
129000.0,129.0,58818.12604234295
129000.0,129.0,58538.619136755326
821000.0,821.0,2571.110429667256
661000.0,661.0,2753.8735329367487
797000.0,797.0,2889.291586982493
861000.0,861.0,2751.467445880613
524000.0,524.0,2588.1926545317283
46000.0,46.0,8190.731456717915
43000.0,43.0,7450.8042248543
49000.0,49.0,7640.868756222833
60000.0,60.0,8100.2088597402135
57000.0,57.0,7395.7833974261175
140000.0,140.0,39677.204865491934
140000.0,140.0,40258.23089957994
140000.0,140.0,39840.59862112846
140000.0,140.0,39832.36364706246
140000.0,140.0,39869.90165320998
60000.0,60.0,44577.58292317683
60000.0,60.0,44730.043303789884
60000.0,60.0,48185.39566847133
60000.0,60.0,45937.140347036286
60000.0,60.0,48912.180461294396
438000.0,438.0,36126.95196897107
441000.0,441.0,36098.23602773009
449000.0,449.0,39130.28389059303
442000.0,442.0,36938.39184946391
439000.0,439.0,39661.27911534559
2.05e6,2050.0,3511.1727166658684
2.04e6,2040.0,3645.7403200827744
2.03e6,2030.0,3754.5960750388635
2.05e6,2050.0,3622.6502966740422
2.04e6,2040.0,3577.411991930896
182000.0,182.0,66352.96702274012
182000.0,182.0,69582.65257645222
182000.0,182.0,75438.3315848046
182000.0,182.0,68655.40049431662
182000.0,182.0,76617.55328941182
5.2e6,5200.0,2612.235738341313
5.2e6,5200.0,2505.7567417274754
5.21e6,5210.0,2580.0532422597225
5.2e6,5200.0,2548.83492589128
5.2e6,5200.0,2602.7939880635467
121000.0,121.0,14281.344706234266
124000.0,124.0,13340.479566557347
114000.0,114.0,13895.932549448678
130000.0,130.0,13345.618840767318
109000.0,109.0,13580.542321502258
47000.0,47.0,53461.60732151266
47000.0,47.0,48650.42968410347
47000.0,47.0,49496.39411055941
47000.0,47.0,51786.41608882522
47000.0,47.0,49549.24680481449
87000.0,87.0,12073.610694406401
90000.0,90.0,12115.566909260153
79000.0,79.0,13029.941636078063
88000.0,88.0,12445.605092722662
84000.0,84.0,13224.864844216912
220000.0,220.0,23060.402792675977
220000.0,220.0,27157.658782670012
220000.0,220.0,19450.488002992304
220000.0,220.0,23318.038965232747
220000.0,220.0,20982.19591085963
70000.0,70.0,50012.850534978315
70000.0,70.0,48223.768253497496
70000.0,70.0,47751.465275582144
70000.0,70.0,48456.96922266655
70000.0,70.0,47444.08780032023
426000.0,426.0,2512.282154111187
556000.0,556.0,2696.0767538153314
465000.0,465.0,2835.143806819174
416000.0,416.0,2701.4416670557553
436000.0,436.0,2530.439720985427
222000.0,222.0,36867.58264067991
221000.0,221.0,43418.028665807535
222000.0,222.0,31096.268365252567
222000.0,222.0,37279.47583128724
223000.0,223.0,33545.07068593955
40000.0,40.0,11254.652821678284
40000.0,40.0,4726.024601837017
41000.0,41.0,4793.668850667886
41000.0,41.0,4865.736286166705
40000.0,40.0,4595.083342063768
78000.0,78.0,36900.35368950228
78000.0,78.0,38383.81838935353
78000.0,78.0,35375.761031638474
78000.0,78.0,36324.116213372334
78000.0,78.0,36189.84036674629
140000.0,140.0,13721.302578527548
140000.0,140.0,13768.98457968108
140000.0,140.0,14808.144497487581
140000.0,140.0,14144.063244413474
140000.0,140.0,15029.668976464664
463000.0,463.0,9766.728367573052
463000.0,463.0,9723.694822993686
463000.0,463.0,8831.661740490279
463000.0,463.0,9112.912325708352
463000.0,463.0,9475.497993918094
37000.0,37.0,49358.25042135806
37000.0,37.0,46701.801186934776
37000.0,37.0,46358.710163510514
37000.0,37.0,47632.034843857
37000.0,37.0,46099.56621595257
57000.0,57.0,30935.51445584934
56000.0,56.0,30991.357161494958
57000.0,57.0,31103.973326525716
57000.0,57.0,31181.30384196306
57000.0,57.0,31037.77066144851
70000.0,70.0,51635.63071513424
70000.0,70.0,51763.075734791215
70000.0,70.0,51497.38900773272
70000.0,70.0,51208.66749883693
70000.0,70.0,51425.37607091807
1.72e6,1720.0,15679.947687656499
1.73e6,1730.0,16738.81464058083
1.71e6,1710.0,17246.134416514033
1.72e6,1720.0,16573.936881720245
1.72e6,1720.0,15815.980104816512
13000.0,13.0,44676.8031295552
13000.0,13.0,44738.83874056587
13000.0,13.0,44071.83249323931
15000.0,15.0,46429.67181604731
13000.0,13.0,44850.584341553964
26000.0,26.0,18358.123485077474
26000.0,26.0,16353.832713990148
26000.0,26.0,16714.80868597899
26000.0,26.0,17324.26094841952
26000.0,26.0,16827.808173392026
735000.0,735.0,18869.33639177597
758000.0,758.0,20687.193910808266
735000.0,735.0,22428.960773879808
735000.0,735.0,20093.790076891604
782000.0,782.0,19435.68069447457
80000.0,80.0,97583.11108737379
80000.0,80.0,97222.87023205339
80000.0,80.0,95819.7445048503
80000.0,80.0,98675.40150937029
80000.0,80.0,95691.00831450509
258000.0,258.0,12442.58645230359
285000.0,285.0,12406.238229976336
250000.0,250.0,13381.807021468514
266000.0,266.0,12629.018459686873
314000.0,314.0,13550.632886939335
113000.0,113.0,73583.8928086997
104000.0,104.0,71334.30060230765
113000.0,113.0,72758.37129989456
114000.0,114.0,72023.850417766
99000.0,99.0,71806.1141104516
963000.0,963.0,10326.20163191404
963000.0,963.0,10769.325528810452
962000.0,962.0,9765.47106464633
963000.0,963.0,10094.891873727744
961000.0,961.0,10161.087728323151
153000.0,153.0,28095.543467222746
153000.0,153.0,28208.19003787514
153000.0,153.0,30363.149753864156
153000.0,153.0,28970.3857069629
153000.0,153.0,30831.760971474454
44000.0,44.0,50233.70247200188
43000.0,43.0,51378.83716594395
43000.0,43.0,49863.65910574056
48000.0,48.0,51064.29622007342
44000.0,44.0,50089.12319647841
270000.0,270.0,22843.99476534791
270000.0,270.0,33255.55085164911
270000.0,270.0,24694.44973231713
270000.0,270.0,33863.7036207815
270000.0,270.0,33106.48893849601
434000.0,434.0,18924.720232404412
434000.0,434.0,20351.485865820414
434000.0,434.0,21119.86580069356
434000.0,434.0,20320.464478254395
434000.0,434.0,19315.969231511306
48000.0,48.0,36514.5256455919
48000.0,48.0,35722.57956171574
48000.0,48.0,35985.53029217426
48000.0,48.0,35974.763279740946
48000.0,48.0,35566.97128220834
78000.0,78.0,36818.606463405806
77000.0,77.0,38298.78476862665
76000.0,76.0,11957.483446630791
78000.0,78.0,36243.64555539884
77000.0,77.0,36109.667176869836
57000.0,57.0,37578.595922191715
56000.0,56.0,37676.31012742292
57000.0,57.0,40605.20196457685
57000.0,57.0,38672.67539805534
56000.0,56.0,41224.12672572298
1.03e6,1030.0,3328.1813323507017
1.1e6,1100.0,3517.2795897988694
1.04e6,1040.0,3622.405021147192
1.08e6,1080.0,3494.8889819481374
1.07e6,1070.0,3390.049894208777
23000.0,23.0,92214.31557526796
22000.0,22.0,87786.26911106527
22000.0,22.0,88989.34470297208
23000.0,23.0,88697.15541231501
22000.0,22.0,87773.30281970496
24000.0,24.0,58585.4635738605
23000.0,23.0,55810.88191191561
25000.0,25.0,56375.775968990754
23000.0,23.0,57926.690800832366
26000.0,26.0,56330.28358317586
71000.0,71.0,46933.61485704387
71000.0,71.0,47707.88060793816
71000.0,71.0,47638.23912004596
71000.0,71.0,47396.53237456879
71000.0,71.0,47839.874415635844
46000.0,46.0,58892.53989948898
46000.0,46.0,59373.350858302765
46000.0,46.0,59355.943831061835
46000.0,46.0,59100.72741188527
46000.0,46.0,59411.758699214326
93000.0,93.0,6857.304667640738
102000.0,102.0,6851.056328786402
100000.0,100.0,6891.770297768859
99000.0,99.0,6869.326116721631
101000.0,101.0,6865.561117621943
550000.0,550.0,2664.454356807548
550000.0,550.0,2902.180676290315
550000.0,550.0,3152.279342606638
550000.0,550.0,2795.7247320819906
550000.0,550.0,2724.4203934464244
270000.0,270.0,19896.93878772703
270000.0,270.0,10938.012784088285
271000.0,271.0,9918.43426610061
271000.0,271.0,10253.015016904163
270000.0,270.0,10320.247742099553
44000.0,44.0,21943.6030274052
44000.0,44.0,21467.67871573924
44000.0,44.0,21625.70038911254
44000.0,44.0,21619.229894358723
44000.0,44.0,21374.165072800814
13000.0,13.0,36645.29641306415
13000.0,13.0,37235.9075524962
13000.0,13.0,36853.9826112645
13000.0,13.0,36965.859745329166
13000.0,13.0,36776.37369888648
226000.0,226.0,38345.040808011094
226000.0,226.0,38229.456991184394
226000.0,226.0,41967.261936230934
226000.0,226.0,39197.159521739304
226000.0,226.0,42477.187290137525
50000.0,50.0,38690.203796488124
65000.0,65.0,38046.63347970893
60000.0,60.0,37626.22987037381
47000.0,47.0,38354.63615518674
66000.0,66.0,37118.792848920006
45000.0,45.0,3777.3190369458775
45000.0,45.0,4022.7223263214737
45000.0,45.0,3645.2333191279326
45000.0,45.0,3782.401771418662
45000.0,45.0,3715.707150193646
11000.0,11.0,64537.47958116988
18000.0,18.0,59602.04764217602
16000.0,16.0,61644.79860614332
13000.0,13.0,60997.58020821259
11000.0,11.0,60183.198332629254
705000.0,705.0,2180.929709906902
705000.0,705.0,2174.7751508917
705000.0,705.0,2187.7526340116733
705000.0,705.0,2211.3854603817613
705000.0,705.0,2215.66414930573
35000.0,35.0,4850.363489739834
35000.0,35.0,5669.630289415395
35000.0,35.0,4069.334165225045
35000.0,35.0,4822.143884379558
35000.0,35.0,4377.621476360038
35000.0,35.0,10295.154681969816
34000.0,34.0,10508.732090287578
34000.0,34.0,9538.11159692456
34000.0,34.0,9836.207105634201
34000.0,34.0,9997.834403947627
80000.0,80.0,13173.658157002003
79000.0,79.0,12670.326302206435
79000.0,79.0,12672.25134905501
79000.0,79.0,12940.083789915685
79000.0,79.0,12517.261603117706
60000.0,60.0,42658.46437048364
60000.0,60.0,41132.46651305226
61000.0,61.0,40729.615654923626
59000.0,59.0,41331.37529605599
60000.0,60.0,40467.43801584706
100000.0,100.0,36404.07187524086
100000.0,100.0,37004.631327819705
100000.0,100.0,36950.613887687534
100000.0,100.0,36763.133980974984
100000.0,100.0,37107.01236275912
15000.0,15.0,70424.31844462056
15000.0,15.0,70013.15337914598
14000.0,14.0,70017.80609717578
15000.0,15.0,69388.99262027291
14000.0,14.0,69871.95460955198
40000.0,40.0,42556.16108154148
40000.0,40.0,40586.20011914061
40000.0,40.0,41960.69275519595
40000.0,40.0,40881.85259738348
40000.0,40.0,41413.77499660026
74000.0,74.0,16163.347171611173
74000.0,74.0,16400.04039474889
74000.0,74.0,16229.90906796904
74000.0,74.0,16226.554377404782
74000.0,74.0,16241.846276810238
307000.0,307.0,17854.260017765144
307000.0,307.0,19498.804487038113
307000.0,307.0,21274.242840032603
307000.0,307.0,18888.732681818266
307000.0,307.0,18403.20255453671
68000.0,68.0,51781.491395335106
68000.0,68.0,50334.917630470896
68000.0,68.0,51221.930607692884
68000.0,68.0,50996.96957582085
68000.0,68.0,50636.51461745662
40000.0,40.0,67454.3347001114
36000.0,36.0,68992.03339880738
40000.0,40.0,66957.43664456277
42000.0,42.0,68569.66456681727
43000.0,43.0,67260.19215512788
37000.0,37.0,35553.57184545928
37000.0,37.0,33935.2867117606
37000.0,37.0,34020.727370962355
37000.0,37.0,34744.18422519174
37000.0,37.0,33514.36544586179
36000.0,36.0,32017.061218773022
37000.0,37.0,32100.537526015818
37000.0,37.0,34597.62009447014
37000.0,37.0,32945.025367559196
36000.0,36.0,35121.04915933388
24000.0,24.0,10228.400283875233
24000.0,24.0,10226.711976852836
23000.0,23.0,10251.9381828001
25000.0,25.0,10226.527623237773
24000.0,24.0,10251.63664408074
527000.0,527.0,4736.45830104027
527000.0,527.0,4718.105821554995
527000.0,527.0,4745.250248197217
527000.0,527.0,4804.397160256641
527000.0,527.0,4830.089642755592
3.78e6,3780.0,10546.016069627927
3.78e6,3780.0,10345.06535309477
3.78e6,3780.0,10688.57201128078
3.78e6,3780.0,10528.672929823404
3.78e6,3780.0,10395.958113512668
135000.0,135.0,24822.5955010824
135000.0,135.0,24063.724024591902
135000.0,135.0,24544.11626183114
135000.0,135.0,24296.334932952872
135000.0,135.0,24222.88434375375
28000.0,28.0,110286.22817596621
28000.0,28.0,108910.73530165134
27000.0,27.0,108236.93422894397
27000.0,27.0,111296.37402959308
28000.0,28.0,107279.030404213
75000.0,75.0,63675.404082715846
102000.0,102.0,60334.17793347147
75000.0,75.0,61479.36945175589
98000.0,98.0,60662.834366510084
76000.0,76.0,60918.0168229163
320000.0,320.0,38057.94566636608
320000.0,320.0,39906.18799778554
320000.0,320.0,40947.63586095608
320000.0,320.0,39383.6841545061
320000.0,320.0,39210.28525268604
1.68e6,1680.0,204.93453186854666
1.65e6,1650.0,211.58188455884294
1.7e6,1700.0,219.52567482527843
1.72e6,1720.0,211.74904809552837
1.7e6,1700.0,209.1597202277874
118000.0,118.0,19473.247307647005
144000.0,144.0,53852.564277013844
121000.0,121.0,38567.30418744688
128000.0,128.0,46236.6979101199
127000.0,127.0,41593.571401670175
79000.0,79.0,111906.63045753275
78000.0,78.0,104359.4456868135
79000.0,79.0,103157.2491494472
79000.0,79.0,107079.36873826302
79000.0,79.0,102396.63197682306
137000.0,137.0,12621.525843074982
137000.0,137.0,12626.331027055046
137000.0,137.0,12739.793833669892
137000.0,137.0,12984.95225011054
137000.0,137.0,12815.921475430008
15000.0,15.0,56948.4208923229
15000.0,15.0,53132.22966982566
16000.0,16.0,54330.09572768697
16000.0,16.0,53344.87807513417
16000.0,16.0,53094.57411204631
134000.0,134.0,14905.781977641389
134000.0,134.0,15009.340797222127
134000.0,134.0,15508.003930935012
134000.0,134.0,15511.860985688976
134000.0,134.0,15918.847371595084
50000.0,50.0,10525.780711276968
50000.0,50.0,10430.90884787093
50000.0,50.0,10419.961919771164
50000.0,50.0,10607.314213780624
50000.0,50.0,10398.116599196266
35000.0,35.0,4536.322271973022
35000.0,35.0,4478.910581884172
35000.0,35.0,4547.510120380972
35000.0,35.0,4442.185564701205
35000.0,35.0,4543.401823941289
13000.0,13.0,7603.437847236726
13000.0,13.0,7658.099223247614
13000.0,13.0,7659.39157303109
14000.0,14.0,7738.313568109979
13000.0,13.0,7677.602344063856
93000.0,93.0,5810.973421451102
93000.0,93.0,6373.112121452301
93000.0,93.0,6911.844406375531
92000.0,92.0,6196.782956782225
93000.0,93.0,5990.17052699039
120000.0,120.0,38951.63168553856
121000.0,121.0,39104.76872939192
121000.0,121.0,42098.57661879186
120000.0,120.0,40169.98060247011
120000.0,120.0,42745.4713092636
396000.0,396.0,24416.325249055124
384000.0,384.0,28733.3679878288
382000.0,382.0,20591.55603530488
384000.0,384.0,24656.699943969925
379000.0,379.0,22201.157584860244
706000.0,706.0,18084.53957254781
636000.0,636.0,18695.96917166329
643000.0,643.0,19486.85209204727
645000.0,645.0,18745.99080786485
710000.0,710.0,18310.014403732293
41000.0,41.0,50067.1735373112
41000.0,41.0,48183.26250484571
41000.0,41.0,48248.20889824472
40000.0,40.0,49235.91102323693
40000.0,40.0,47686.42221074878
14000.0,14.0,36860.19233722812
13000.0,13.0,36717.71376652151
13000.0,13.0,37019.331248126284
14000.0,14.0,36292.15476600862
14000.0,14.0,36919.82905327776
35000.0,35.0,18019.17039003169
35000.0,35.0,17129.52106236765
35000.0,35.0,16915.636561880263
35000.0,35.0,17556.361961500632
35000.0,35.0,16744.104293916782
30000.0,30.0,1201.9248776875913
30000.0,30.0,1248.7231930923167
30000.0,30.0,1285.5734857183706
30000.0,30.0,1284.581210011797
30000.0,30.0,1289.1687475028812
30000.0,30.0,11178.52075380071
33000.0,33.0,11024.027884743686
29000.0,29.0,11074.854723143293
30000.0,30.0,11220.85861781876
29000.0,29.0,10973.760175039846
15000.0,15.0,45007.687672060565
15000.0,15.0,43781.63836038129
15000.0,15.0,44727.05026541921
15000.0,15.0,44805.116634003614
15000.0,15.0,44446.82603692188
24000.0,24.0,46342.63241458703
28000.0,28.0,48889.67317658662
22000.0,22.0,46629.63480648325
22000.0,22.0,49018.550211990456
31000.0,31.0,45766.353414152945
23000.0,23.0,46081.246992403794
23000.0,23.0,46311.786661078186
24000.0,24.0,45626.09649782529
23000.0,23.0,46306.74538303363
24000.0,24.0,45714.45054158464
65000.0,65.0,14599.421941194187
65000.0,65.0,14652.280132323478
65000.0,65.0,15754.788389406158
65000.0,65.0,15047.535341375165
65000.0,65.0,15987.356186043608
66000.0,66.0,16409.991834781456
58000.0,58.0,15783.007930315218
58000.0,58.0,15785.405897735527
60000.0,60.0,16119.035943029901
66000.0,66.0,15592.340278831918
105000.0,105.0,39604.71048412605
112000.0,112.0,39473.76610698395
105000.0,105.0,43334.3598089619
116000.0,116.0,40461.34223395597
106000.0,106.0,43860.95955259543
100000.0,100.0,70945.29994972929
100000.0,100.0,66308.17613508292
100000.0,100.0,66427.66253404926
100000.0,100.0,69153.99148445418
100000.0,100.0,66663.3623430466
85000.0,85.0,17731.185451246427
85000.0,85.0,16464.742232944587
85000.0,85.0,17287.18125444838
85000.0,85.0,16927.238678227583
85000.0,85.0,17019.688519530413
82000.0,82.0,61288.68783008716
87000.0,87.0,58190.264986697475
89000.0,89.0,43210.12693593545
82000.0,82.0,59254.40525447033
85000.0,85.0,57929.43778631529
3.27e6,3270.0,3360.3617357320304
3.28e6,3280.0,3551.2883966221134
3.27e6,3270.0,3657.4302926544788
3.27e6,3270.0,3528.68129251693
3.28e6,3280.0,3422.828508768643
826000.0,826.0,2366.059901792347
826000.0,826.0,2318.099404671111
826000.0,826.0,2331.8643556301563
826000.0,826.0,2357.1994532832405
826000.0,826.0,2404.394095867505
56000.0,56.0,14188.357207258647
35000.0,35.0,14039.125929656726
55000.0,55.0,13978.044620003331
38000.0,38.0,14327.553224684172
63000.0,63.0,14009.40993252088
70000.0,70.0,33221.42696689538
70000.0,70.0,32013.716867943716
70000.0,70.0,31662.31350027858
70000.0,70.0,32151.01715504039
70000.0,70.0,31439.819900367995
87000.0,87.0,16255.56510003301
84000.0,84.0,15999.769343334823
86000.0,86.0,16206.655085958884
83000.0,83.0,16311.393847629888
82000.0,82.0,16209.000673603769
6800.0,6.8,16307.142471683484
6900.0,6.9,16539.218410553374
6800.0,6.8,16400.024684522115
6800.0,6.8,16433.644663259758
6800.0,6.8,16493.219741874713
1.68e6,1680.0,2243.759656195991
1.67e6,1670.0,2267.1721478945465
1.71e6,1710.0,2416.5764663713253
1.7e6,1700.0,2275.901575153146
1.75e6,1750.0,2243.630098756001
7.05e6,7050.0,240.1213844753166
6.92e6,6920.0,238.02462855912663
6.55e6,6550.0,239.8898954940649
7.35e6,7350.0,244.75387987687358
7.12e6,7120.0,241.54071626506965
1.9e6,1900.0,272.473735444229
1.88e6,1880.0,274.0477796409352
1.97e6,1970.0,276.2004973492029
1.77e6,1770.0,282.36924113816934
1.74e6,1740.0,275.0191123889639
176000.0,176.0,3195.084526256504
176000.0,176.0,3440.8814155208333
175000.0,175.0,3143.1216801755513
176000.0,176.0,3218.7662392097295
176000.0,176.0,3147.3746257806606
26000.0,26.0,49517.204084572084
23000.0,23.0,46534.27601306089
25000.0,25.0,47472.93091549656
23000.0,23.0,46878.86420059972
24000.0,24.0,46885.25254126167
30000.0,30.0,17521.583911293274
29000.0,29.0,16808.29013227849
29000.0,29.0,16881.046600678488
30000.0,30.0,17649.305296970026
30000.0,30.0,17037.54558710624
308000.0,308.0,20947.261899066303
309000.0,309.0,21089.053212214712
309000.0,309.0,19098.60574810338
309000.0,309.0,19735.819688358995
309000.0,309.0,20608.089083067305
95000.0,95.0,10630.722206025168
92000.0,92.0,10592.457088584668
95000.0,95.0,11637.340176036523
94000.0,94.0,10860.223459406723
92000.0,92.0,11774.67505584006
110000.0,110.0,48862.68500438243
113000.0,113.0,49023.15734325293
113000.0,113.0,52810.94040917762
113000.0,113.0,50330.891611074716
116000.0,116.0,53622.61932021124
9.9e6,9900.0,268.6550001558185
139000.0,139.0,29358.690112821758
140000.0,140.0,29338.60673151865
140000.0,140.0,31807.557492411786
140000.0,140.0,29994.930722134606
139000.0,139.0,32219.568098230833
90000.0,90.0,56762.03424591364
90000.0,90.0,53407.31970337883
90000.0,90.0,55501.87989517133
90000.0,90.0,53608.97354613565
90000.0,90.0,54817.30144377085
47000.0,47.0,91665.57068498753
48000.0,48.0,87913.02761347324
47000.0,47.0,86817.70420410205
47000.0,47.0,89977.55919527635
47000.0,47.0,86271.23259504458
279000.0,279.0,10200.840792966175
279000.0,279.0,10412.461619124266
279000.0,279.0,9450.732977928954
279000.0,279.0,9746.097634350364
279000.0,279.0,9906.244265345618
499000.0,499.0,19501.118591008875
499000.0,499.0,20923.851400338706
500000.0,500.0,21735.12735981338
499000.0,499.0,20893.18228963749
499000.0,499.0,19965.45427278415
507000.0,507.0,13950.253998937722
507000.0,507.0,15298.691178462605
507000.0,507.0,16586.338665506104
507000.0,507.0,14864.123270486767
507000.0,507.0,14372.77096735193
97000.0,97.0,47114.97904711155
95000.0,95.0,45250.54446069835
94000.0,94.0,45871.94563200382
96000.0,96.0,30848.661702897
97000.0,97.0,45420.89879534426
39000.0,39.0,42255.80352030829
39000.0,39.0,39750.03936902842
39000.0,39.0,40598.77345583618
39000.0,39.0,39831.570255418264
39000.0,39.0,39806.016805194624
25000.0,25.0,35093.598328157386
24000.0,24.0,33252.139289235536
25000.0,25.0,33883.29179985453
25000.0,25.0,33433.27260146453
24000.0,24.0,33573.912001473356
1.55e6,1550.0,9586.20820687889
1.55e6,1550.0,10269.156269975734
1.55e6,1550.0,10680.329901499865
1.56e6,1560.0,10255.709659690032
1.55e6,1550.0,9660.82360423694
120000.0,120.0,54046.07771864196
120000.0,120.0,51907.365602101454
120000.0,120.0,52620.1812857346
120000.0,120.0,53097.63176594799
120000.0,120.0,54043.059250414764
6.4e6,6400.0,283.98798341768537
6.41e6,6410.0,280.08809904948504
6.41e6,6410.0,281.63377730135625
6.41e6,6410.0,287.77760100667643
6.41e6,6410.0,286.55245732683574
42000.0,42.0,34869.22570995365
42000.0,42.0,35508.23657638339
42000.0,42.0,35677.57120105783
42000.0,42.0,34930.3544830911
42000.0,42.0,35658.79496012859
56000.0,56.0,13728.932133033582
72000.0,72.0,13119.915197922313
61000.0,61.0,13398.523004672032
59000.0,59.0,13384.255350256304
73000.0,73.0,13199.700497313885
41000.0,41.0,37428.106763160395
41000.0,41.0,35767.73986347805
41000.0,41.0,35877.79268019037
41000.0,41.0,36219.68149878539
41000.0,41.0,35369.43715956043
162000.0,162.0,17361.238114625845
163000.0,163.0,17421.569017692134
163000.0,163.0,18736.39336975082
163000.0,163.0,17896.14713976673
163000.0,163.0,19016.68302925866
55000.0,55.0,14137.559723119268
55000.0,55.0,13915.092662454985
55000.0,55.0,14095.022398776713
55000.0,55.0,14186.114310336681
55000.0,55.0,14097.062370024176
59000.0,59.0,73422.98136469224
66000.0,66.0,68164.38895758828
68000.0,68.0,70338.84542961018
51000.0,51.0,69958.7246491925
52000.0,52.0,68746.16996768548
23000.0,23.0,18028.33649816519
23000.0,23.0,16774.53575539263
23000.0,23.0,17087.94036857986
23000.0,23.0,17337.347130723534
23000.0,23.0,16804.18309402764
21000.0,21.0,28037.252210535145
21000.0,21.0,27295.442070215762
20000.0,20.0,27868.548033875824
21000.0,21.0,27556.018170542487
21000.0,21.0,27430.728021635918
56000.0,56.0,84480.01318853942
56000.0,56.0,79933.31908080705
56000.0,56.0,79346.0953859573
56000.0,56.0,81525.47745219072
56000.0,56.0,78902.5528389558
21000.0,21.0,79147.12405182392
22000.0,22.0,76169.00226753688
21000.0,21.0,76271.6707405482
22000.0,22.0,77833.0487271596
22000.0,22.0,75383.5878410259
291000.0,291.0,46411.30336519814
290000.0,290.0,46569.336240093624
291000.0,291.0,50156.08435086759
291000.0,291.0,47826.424050999594
291000.0,291.0,50934.71604271263
323000.0,323.0,7288.987649349527
323000.0,323.0,7935.126409145008
323000.0,323.0,8627.23877292633
323000.0,323.0,7644.840571573134
323000.0,323.0,7454.73289939793
108000.0,108.0,14319.499978074524
114000.0,114.0,15696.608941685896
112000.0,112.0,17027.838800509213
108000.0,108.0,15249.25794829295
108000.0,108.0,14751.24214608381
104000.0,104.0,17229.187389236544
101000.0,101.0,18128.91008558481
106000.0,106.0,18896.354392334582
103000.0,103.0,18176.820686399995
100000.0,100.0,17439.272697447475
118000.0,118.0,22952.146019375316
118000.0,118.0,22454.347901086112
119000.0,119.0,22619.632358563762
119000.0,119.0,22612.864475448958
119000.0,119.0,22356.536307208567
58000.0,58.0,40570.09160348588
58000.0,58.0,40705.782393811256
57000.0,57.0,43835.945043525964
58000.0,58.0,41780.67253682141
58000.0,58.0,44503.114653671495
45000.0,45.0,62446.40874963443
53000.0,53.0,76114.31499318295
50000.0,50.0,51484.70671742754
35000.0,35.0,65281.8857461982
45000.0,45.0,56780.8590101158
5.62e6,5620.0,273.59736826479894
5.75e6,5750.0,275.1779035374892
5.73e6,5730.0,277.33949866752573
5.71e6,5710.0,283.5336812495988
5.74e6,5740.0,276.1532418875757
42000.0,42.0,41369.65054312689
41000.0,41.0,40425.36958272895
46000.0,46.0,39499.73460844705
46000.0,46.0,41487.590620866904
46000.0,46.0,40076.97620344862
45000.0,45.0,77484.10917302621
45000.0,45.0,75319.50408917821
45000.0,45.0,76646.80093816685
45000.0,45.0,76310.17669881906
45000.0,45.0,75770.80383424432
28000.0,28.0,11851.506117263529
28000.0,28.0,11293.697261798576
28000.0,28.0,11461.720791103753
28000.0,28.0,11350.238487659724
28000.0,28.0,11223.281380837425
2.23e6,2230.0,265.22028284062804
2.3e6,2300.0,266.2366251607492
2.21e6,2210.0,267.7136456907943
2.21e6,2210.0,273.5369138963537
2.26e6,2260.0,267.5427899875734
80000.0,80.0,62752.24403137721
80000.0,80.0,59847.38917832787
81000.0,81.0,61874.1814247386
80000.0,80.0,60283.35088144363
80000.0,80.0,61067.71026333076
176000.0,176.0,66352.96702274012
181000.0,181.0,76114.31499318295
192000.0,192.0,75438.3315848046
176000.0,176.0,68655.40049431662
212000.0,212.0,76617.55328941182
19000.0,19.0,27334.635766520074
19000.0,19.0,27233.408805201645
20000.0,20.0,27376.364358715917
18000.0,18.0,27131.4026576043
18000.0,18.0,27333.194766632598
66000.0,66.0,23737.33532513761
80000.0,80.0,22684.31156120755
83000.0,83.0,22754.10832197632
76000.0,76.0,22970.93813873033
66000.0,66.0,22431.703410236176
21000.0,21.0,15630.468723890215
24000.0,24.0,15616.655416660238
23000.0,23.0,15664.900160693585
19000.0,19.0,15598.100794375574
25000.0,25.0,15656.95617924637
682000.0,682.0,4316.068759392513
682000.0,682.0,4361.897985811509
681000.0,681.0,4336.3835035953225
682000.0,682.0,4386.331805846999
682000.0,682.0,4386.092171659544
205000.0,205.0,37401.17187880241
170000.0,170.0,37255.57906589603
114000.0,114.0,40203.88009324457
205000.0,205.0,36733.60675059562
127000.0,127.0,33348.40000671916
40000.0,40.0,66352.96702274012
40000.0,40.0,69582.65257645222
40000.0,40.0,75438.3315848046
40000.0,40.0,68655.40049431662
40000.0,40.0,76617.55328941182
11000.0,11.0,12362.013900664288
11000.0,11.0,12910.07249506833
11000.0,11.0,12330.714483486036
11000.0,11.0,12364.08079124431
11000.0,11.0,12328.14189596677
29000.0,29.0,45971.45340456222
29000.0,29.0,44852.455477603085
29000.0,29.0,45286.55645283142
29000.0,29.0,45013.65487691763
29000.0,29.0,44684.70246683426
50000.0,50.0,64635.255786364476
50000.0,50.0,64791.81291478495
50000.0,50.0,65138.80111358375
50000.0,50.0,64047.66293267402
50000.0,50.0,64236.59936039536
116000.0,116.0,72756.44876081031
116000.0,116.0,69234.9464095727
116000.0,116.0,69264.90754259897
116000.0,116.0,71254.93321527855
116000.0,116.0,68600.3166548964
100000.0,100.0,45766.797062444835
100000.0,100.0,45408.900533052605
100000.0,100.0,45870.481022070606
100000.0,100.0,46789.56347792051
100000.0,100.0,45993.30249220549
79000.0,79.0,11102.27291717085
79000.0,79.0,11137.864115845077
79000.0,79.0,11978.974429430993
79000.0,79.0,11431.489246280697
79000.0,79.0,12153.97111982638
38000.0,38.0,70762.69421909856
38000.0,38.0,67405.34301939992
38000.0,38.0,68410.81335296598
38000.0,38.0,68141.84829585766
38000.0,38.0,67516.07381066475
61000.0,61.0,58145.848657996816
61000.0,61.0,55844.90035053996
61000.0,61.0,56611.78806212103
61000.0,61.0,56345.376535142175
61000.0,61.0,56055.139165474975
230000.0,230.0,17422.78968770204
230000.0,230.0,20379.19998121147
230000.0,230.0,14622.7584102064
230000.0,230.0,17348.893032166583
230000.0,230.0,15732.914796598461
239000.0,239.0,13754.561756909156
175000.0,175.0,14977.375363167943
285000.0,285.0,16268.491302812025
345000.0,345.0,14423.841177241153
385000.0,385.0,14060.388919566396
23000.0,23.0,14395.02187441096
23000.0,23.0,14259.56642935637
23000.0,23.0,14298.303193112946
23000.0,23.0,14449.865294783387
23000.0,23.0,14297.44612220761
50000.0,50.0,20111.825603349538
50000.0,50.0,20570.29766739348
50000.0,50.0,19963.67312241162
50000.0,50.0,20444.366423285283
50000.0,50.0,20053.941094900118
47000.0,47.0,8063.377492363738
47000.0,47.0,8799.639377901754
47000.0,47.0,9604.233766902078
47000.0,47.0,8516.86513929541
47000.0,47.0,8309.033090306237
38000.0,38.0,34948.1915197778
37000.0,37.0,33330.36151507832
37000.0,37.0,33846.409205968645
37000.0,37.0,33325.919642165754
38000.0,38.0,33427.97377807862
96000.0,96.0,50975.39669103885
96000.0,96.0,51430.21524651384
96000.0,96.0,50109.90261778388
96000.0,96.0,50936.35297284364
96000.0,96.0,50172.32472117984
20000.0,20.0,89530.84753709463
21000.0,21.0,88678.4225538314
20000.0,20.0,86201.63131728141
20000.0,20.0,91326.67386975825
20000.0,20.0,87399.40273387352
288000.0,288.0,8668.847542387848
288000.0,288.0,9218.927734827088
288000.0,288.0,9594.933476300714
288000.0,288.0,9218.19104507863
289000.0,289.0,8725.511122693988
50000.0,50.0,5042.721821935229
50000.0,50.0,5027.867363110502
50000.0,50.0,5423.139565184169
50000.0,50.0,5121.060753621207
50000.0,50.0,5493.46593206226
124000.0,124.0,40665.89397537591
232000.0,232.0,40799.05889738695
126000.0,126.0,43959.99407765424
124000.0,124.0,40615.50976650584
115000.0,115.0,44631.7499086478
287000.0,287.0,62446.40874963443
287000.0,287.0,76114.31499318295
286000.0,286.0,51484.70671742754
287000.0,287.0,65281.8857461982
287000.0,287.0,56780.8590101158
204000.0,204.0,4869.32105539593
204000.0,204.0,5695.718220306867
204000.0,204.0,4086.9407987658096
204000.0,204.0,4846.034478757232
204000.0,204.0,4395.693424853222
311000.0,311.0,58046.39239663433
312000.0,312.0,67891.30599532698
312000.0,312.0,48697.895515059005
311000.0,311.0,57752.27483141598
312000.0,312.0,52388.36237075307
163000.0,163.0,62446.40874963443
162000.0,162.0,76114.31499318295
163000.0,163.0,51484.70671742754
163000.0,163.0,65281.8857461982
162000.0,162.0,56780.8590101158
966000.0,966.0,31041.042602623398
966000.0,966.0,33330.03090329824
966000.0,966.0,34343.4064165342
966000.0,966.0,33089.19530842239
966000.0,966.0,31729.209695404537
41000.0,41.0,31849.84863270588
41000.0,41.0,31399.5062874338
42000.0,42.0,31675.215029332827
42000.0,42.0,31647.30829448474
42000.0,42.0,31333.837281204123
15000.0,15.0,16944.139716074093
15000.0,15.0,16939.10777171824
15000.0,15.0,16977.96463714749
15000.0,15.0,16919.543637552244
15000.0,15.0,16975.213456269863
45000.0,45.0,33640.78918877756
45000.0,45.0,31441.961291773576
45000.0,45.0,31498.619262934477
45000.0,45.0,32791.387882488154
45000.0,45.0,31610.383221814533
7.05e6,7050.0,266.9073027360505
7.3e6,7300.0,268.4491903981594
6.24e6,6240.0,270.5579297088644
7.38e6,7380.0,276.60065071938106
6.48e6,6480.0,269.4006795514638
428000.0,428.0,263.3548948446905
469000.0,469.0,264.36408887003046
403000.0,403.0,265.83072099260914
442000.0,442.0,271.61303209454354
512000.0,512.0,265.661066977941
141000.0,141.0,43419.16616983517
141000.0,141.0,41865.95614400799
141000.0,141.0,41455.92149768699
141000.0,141.0,42068.41194332776
141000.0,141.0,41189.06860822959
1.61e6,1610.0,14227.266021695381
1.9e6,1900.0,15106.827122942188
1.79e6,1790.0,15611.600817668193
1.74e6,1740.0,15019.363719122695
1.85e6,1850.0,14341.245866842952
277000.0,277.0,1192.8095055353158
277000.0,277.0,1239.2529035330278
277000.0,277.0,1275.8237243406325
277000.0,277.0,1274.8389740314537
277000.0,277.0,1279.3917197379017
52000.0,52.0,36486.47407613179
52000.0,52.0,37020.77560775875
52000.0,52.0,36636.72815903517
52000.0,52.0,36629.15541874776
52000.0,52.0,36663.67472253476
177000.0,177.0,35752.83312203815
200000.0,200.0,35643.27175200243
185000.0,185.0,39150.314716202636
178000.0,178.0,36561.9388271819
200000.0,200.0,39625.019399690864
230000.0,230.0,18618.58525638065
249000.0,249.0,18779.38069551365
232000.0,232.0,19519.562836535766
230000.0,230.0,18747.599519272786
235000.0,235.0,18741.515434569777
28000.0,28.0,11981.312887515793
28000.0,28.0,12176.182538196303
28000.0,28.0,11937.475975366844
29000.0,29.0,12174.863607414292
28000.0,28.0,11993.907065390054
191000.0,191.0,26387.126017224324
191000.0,191.0,31057.21784413671
191000.0,191.0,22261.028879427035
191000.0,191.0,26665.382984552958
190000.0,190.0,29302.173268949864
25000.0,25.0,11611.060950376192
25000.0,25.0,10915.946161644753
25000.0,25.0,11135.705092724627
25000.0,25.0,10932.381114251006
25000.0,25.0,10911.778370487835
102000.0,102.0,49993.019343656684
102000.0,102.0,50149.31028792873
102000.0,102.0,54024.70333197234
102000.0,102.0,51487.86186127445
102000.0,102.0,54839.64221013524
3.37e6,3370.0,278.65699328342873
3.89e6,3890.0,280.26675733072034
3.86e6,3860.0,282.4683267516991
3.37e6,3370.0,288.7770581006737
3.37e6,3370.0,281.26013257329964
29000.0,29.0,10888.297242440776
38000.0,38.0,10942.593965055392
29000.0,29.0,10782.81284583175
28000.0,28.0,10953.166886497907
35000.0,35.0,10807.892096639887
137000.0,137.0,46971.427382367336
138000.0,138.0,47159.75512265272
137000.0,137.0,50762.51631962309
138000.0,138.0,48434.029050241195
137000.0,137.0,51545.96219972234
151000.0,151.0,20080.664384108724
144000.0,144.0,22003.676556013826
155000.0,155.0,23866.498314243287
149000.0,149.0,21367.390640631627
121000.0,121.0,20684.58804129952
41000.0,41.0,40949.71321727426
41000.0,41.0,41095.5191037408
41000.0,41.0,44261.23342978185
43000.0,43.0,42201.83926831915
42000.0,42.0,44931.829965482306
97000.0,97.0,57286.62631892789
97000.0,97.0,58733.28889379865
97000.0,97.0,58072.31874088075
97000.0,97.0,58360.851230758686
97000.0,97.0,58263.00983522495
1.56e6,1560.0,2687.185414427099
2.02e6,2020.0,2577.651346561837
1.42e6,1420.0,2654.0795454578533
3.34e6,3340.0,2621.9655202276836
1.67e6,1670.0,2677.4727635890918
67000.0,67.0,35095.13968815516
68000.0,68.0,34240.88371735115
69000.0,69.0,34572.28142693258
67000.0,67.0,34363.94520480953
67000.0,67.0,34112.81912704483
355000.0,355.0,4002.4185307698963
355000.0,355.0,4207.8345787983335
367000.0,367.0,4391.085006424197
355000.0,355.0,4240.714300954182
356000.0,356.0,4098.483400339793
70000.0,70.0,106937.46854491404
70000.0,70.0,106371.66419143097
70000.0,70.0,103276.12693201294
70000.0,70.0,105975.89062372776
70000.0,70.0,103318.0923965439
289000.0,289.0,25409.05406844726
276000.0,276.0,29925.622964097092
289000.0,289.0,21431.67404096689
289000.0,289.0,25693.5209555787
268000.0,268.0,23113.35685138248
30000.0,30.0,72874.42230659943
30000.0,30.0,69050.49799972594
30000.0,30.0,70361.13232592483
30000.0,30.0,69426.63456360114
30000.0,30.0,69718.68255860443
2.88e6,2880.0,261.350343070975
2.64e6,2640.0,262.3518555163893
1.45e6,1450.0,263.807324223819
2.9e6,2900.0,269.54562269412037
1.34e6,1340.0,263.63896154742736
65000.0,65.0,22735.312874979263
66000.0,66.0,21529.349442558465
67000.0,67.0,21911.79204838971
65000.0,65.0,21634.84155147664
65000.0,65.0,21698.826940459552
145000.0,145.0,13240.340067795143
145000.0,145.0,12652.997130283095
145000.0,145.0,12921.689703832419
146000.0,146.0,12907.929813798477
146000.0,146.0,12729.942990756348
67000.0,67.0,14913.851850389292
67000.0,67.0,14497.216750887535
67000.0,67.0,14752.689889555257
67000.0,67.0,14687.897713605063
67000.0,67.0,14584.08123974685
1.66e6,1660.0,18867.306885223865
1.66e6,1660.0,20289.74403242445
1.65e6,1650.0,21055.792875295927
1.65e6,1650.0,20258.816756775148
1.65e6,1650.0,19257.368922814614
39000.0,39.0,37098.46597650645
39000.0,39.0,36649.730367296484
39000.0,39.0,36833.83558050022
39000.0,39.0,37011.03089767398
39000.0,39.0,36769.82021945389
76000.0,76.0,38408.37250277592
77000.0,77.0,39033.064154107524
76000.0,76.0,38267.844960678034
77000.0,77.0,39028.836071153964
77000.0,77.0,38448.745530314896
12000.0,12.0,17271.546794209302
13000.0,13.0,17226.604709848536
12000.0,12.0,16795.103525976672
12000.0,12.0,16595.723641765475
12000.0,12.0,16448.72464190206
91000.0,91.0,105389.01947351711
91000.0,91.0,103484.01813260319
90000.0,90.0,100912.60447229168
90000.0,90.0,102743.26359196707
90000.0,90.0,101060.06075882431
96000.0,96.0,14648.831408877018
107000.0,107.0,15023.619423159364
104000.0,104.0,14793.141195322361
109000.0,109.0,15075.915668932183
97000.0,97.0,14866.45999078978
18000.0,18.0,14922.068701229471
17000.0,17.0,14917.637256456417
17000.0,17.0,14951.857041300345
17000.0,17.0,14900.407856852953
17000.0,17.0,14949.43417942873
1.47e6,1470.0,605.5928022162228
1.47e6,1470.0,648.0868714820718
1.47e6,1470.0,680.7497034952399
1.47e6,1470.0,650.8602358255284
1.47e6,1470.0,616.7280203084546
63000.0,63.0,15795.551798884077
63000.0,63.0,14578.816286689342
63000.0,63.0,15060.469364476918
63000.0,63.0,14912.04492625722
63000.0,63.0,14694.653144552118
105000.0,105.0,14221.160924094618
103000.0,103.0,14491.865749737979
106000.0,106.0,14414.899453961561
105000.0,105.0,14630.30239147608
106000.0,106.0,14489.308708708091
516000.0,516.0,4050.3779935224325
516000.0,516.0,4146.533679015928
516000.0,516.0,4305.246666517866
517000.0,517.0,4148.839013287677
516000.0,516.0,4121.177493809723
50000.0,50.0,28137.074802720555
50000.0,50.0,27276.87372105957
50000.0,50.0,27821.41114919666
50000.0,50.0,27540.544396762918
50000.0,50.0,27457.286192659747
17000.0,17.0,8749.141423086658
17000.0,17.0,8756.781023940815
17000.0,17.0,8726.989447724618
17000.0,17.0,8750.604252536292
17000.0,17.0,8725.168714289905
1.17e6,1170.0,9231.978245760378
1.16e6,1160.0,9646.004151939014
1.15e6,1150.0,10039.13691188417
1.14e6,1140.0,9645.548451877154
1.13e6,1130.0,9294.840448035353
140000.0,140.0,18991.9614865312
140000.0,140.0,19042.854684325393
140000.0,140.0,20489.70292526134
140000.0,140.0,19540.19585305774
140000.0,140.0,20792.264513605576
48000.0,48.0,12229.171307365397
47000.0,47.0,11985.790427141366
46000.0,46.0,12182.773837125458
46000.0,46.0,8433.157921933613
49000.0,49.0,12083.150394962686
14000.0,14.0,49045.42997752633
15000.0,15.0,45223.99067172125
15000.0,15.0,45540.04172564694
14000.0,14.0,47000.61988043559
14000.0,14.0,45734.02839584471
603000.0,603.0,2074.5550878981867
603000.0,603.0,2258.9880224583167
603000.0,603.0,2453.7227722084954
603000.0,603.0,2175.500290749004
603000.0,603.0,2120.6819880147495
43000.0,43.0,34684.59369271316
53000.0,53.0,34780.173830569496
34000.0,34.0,37484.39671349828
34000.0,34.0,35697.40522072094
37000.0,37.0,38041.76376473921
43000.0,43.0,14314.645075163553
43000.0,43.0,14404.173340203972
43000.0,43.0,14184.266519637888
43000.0,43.0,14674.264084815271
43000.0,43.0,14249.376440685124
1.01e6,1010.0,2254.6466290729354
1.02e6,1020.0,2408.5466956794894
1.11e6,1110.0,2502.167459831067
1.12e6,1120.0,2410.888904961151
1.07e6,1070.0,2297.371200977889
464000.0,464.0,4914.6257819450575
358000.0,358.0,5389.675492748234
379000.0,379.0,5843.309207113765
311000.0,311.0,5236.578735893012
343000.0,343.0,5063.477034863881
67000.0,67.0,19339.120820582873
72000.0,72.0,18562.64311336723
64000.0,64.0,18795.07887990545
65000.0,65.0,18718.803865004535
90000.0,90.0,18599.21960553385
90000.0,90.0,69192.00532551573
90000.0,90.0,65694.03371817982
90000.0,90.0,66123.15617617583
90000.0,90.0,66895.39732509802
90000.0,90.0,65399.57224940251
5.77e6,5770.0,459.23608018569485
5.68e6,5680.0,457.641452830768
5.74e6,5740.0,458.5916328587224
5.69e6,5690.0,464.7389928161166
5.68e6,5680.0,468.6762761217466
66000.0,66.0,6469.454010414834
66000.0,66.0,6153.35371840576
66000.0,66.0,6369.920904240403
66000.0,66.0,6498.204047174659
66000.0,66.0,6250.936566327693
104000.0,104.0,11589.96489119272
104000.0,104.0,12709.268842591542
104000.0,104.0,13781.06899540686
104000.0,104.0,12350.895027327282
104000.0,104.0,11941.092766150266
209000.0,209.0,9202.37485521445
209000.0,209.0,9557.723074945516
209000.0,209.0,8705.286312309912
210000.0,210.0,8996.262960175465
209000.0,209.0,8977.56176969267
14000.0,14.0,47247.03196788699
14000.0,14.0,47577.2993931545
13000.0,13.0,47533.37506851208
13000.0,13.0,47649.192302835036
13000.0,13.0,47543.163890677286
44000.0,44.0,50378.13084623193
45000.0,45.0,50789.428396596755
42000.0,42.0,50774.537996259416
44000.0,44.0,50556.2195779788
48000.0,48.0,50822.28341080173
12000.0,12.0,39045.86772515415
13000.0,13.0,39044.12729662044
13000.0,13.0,39131.511903773164
12000.0,12.0,39055.51851150312
13000.0,13.0,39136.32085229066
32000.0,32.0,48092.73699956339
32000.0,32.0,48485.376118681095
32000.0,32.0,48471.16121838182
32000.0,32.0,48262.74677155414
32000.0,32.0,48516.74067172692
34000.0,34.0,77296.30397058612
29000.0,29.0,73867.32410279145
29000.0,29.0,74094.60452675853
28000.0,28.0,74800.6712859855
28000.0,28.0,73044.75172238384
89000.0,89.0,39443.98532213265
89000.0,89.0,18416.726604906547
89000.0,89.0,33258.30596484245
89000.0,89.0,39857.02118407172
89000.0,89.0,17302.569854260782
48000.0,48.0,25015.45164354466
48000.0,48.0,24780.059216552843
48000.0,48.0,24847.375379670513
48000.0,48.0,25110.757711313257
48000.0,48.0,24845.885974793273
92000.0,92.0,41256.640826313356
98000.0,98.0,42661.97653863265
99000.0,99.0,42188.97059594981
92000.0,92.0,40873.745767663975
99000.0,99.0,42794.005486926675
16000.0,16.0,55544.20935711888
15000.0,15.0,55602.709739522375
16000.0,16.0,55525.85407786749
16000.0,16.0,55583.60586895797
16000.0,16.0,55537.46799779656
17000.0,17.0,8780.407274900748
19000.0,19.0,8816.742583137722
20000.0,20.0,8717.45678877787
12000.0,12.0,8753.807087160241
22000.0,22.0,8726.917921019773
6.15e6,6150.0,500.18257561582254
6.97e6,6970.0,489.7241706383078
6.52e6,6520.0,490.7266970763568
5.95e6,5950.0,497.3355278251748
6.38e6,6380.0,510.602789665264
261000.0,261.0,56128.65589654276
261000.0,261.0,66110.89880908243
262000.0,262.0,47339.08586902812
261000.0,261.0,56749.31721892782
261000.0,261.0,51057.036986954205
6.61e6,6610.0,410.62793171775417
6.61e6,6610.0,431.0418756866476
6.61e6,6610.0,447.1430844938925
6.62e6,6620.0,431.9857266734809
6.62e6,6620.0,420.56482955229257
43000.0,43.0,36547.36289389077
42000.0,42.0,35874.72131842859
37000.0,37.0,36422.20075070535
34000.0,34.0,36447.58930531884
34000.0,34.0,36366.34288706716
25000.0,25.0,16732.901525707763
21000.0,21.0,17005.053226093085
19000.0,19.0,16671.679626149173
28000.0,28.0,17003.21122938523
23000.0,23.0,16750.4903442409
65000.0,65.0,38657.1239348187
64000.0,64.0,39078.68797601025
64000.0,64.0,38977.5600714673
64000.0,64.0,39033.57419731303
64000.0,64.0,39079.79242203983
20000.0,20.0,114693.33439527247
20000.0,20.0,113071.62291418234
20000.0,20.0,114064.46766189182
20000.0,20.0,113963.97373148982
20000.0,20.0,112835.14463832737
180000.0,180.0,27041.81993469005
180000.0,180.0,27130.37133466223
180000.0,180.0,29232.315534432524
180000.0,180.0,27869.712774172527
180000.0,180.0,29679.016650429265
3000.0,3.0,10492.850948396603
3000.0,3.0,10663.511561148589
3000.0,3.0,10454.459981602293
3000.0,3.0,10662.356483717855
3000.0,3.0,10503.88052691549
74000.0,74.0,40096.89526447832
69000.0,69.0,47189.369770500074
83000.0,83.0,20295.88842541437
71000.0,71.0,40485.82312439527
82000.0,82.0,36466.33518687464
178000.0,178.0,7578.250637197975
178000.0,178.0,8920.632854899257
178000.0,178.0,6380.04081682379
178000.0,178.0,7653.265121387611
178000.0,178.0,6877.0345152472655
134000.0,134.0,36722.58039859507
134000.0,134.0,43215.488215053745
134000.0,134.0,30970.060577314838
134000.0,134.0,37084.1081456969
134000.0,134.0,33390.929471807365
70000.0,70.0,65846.28943467389
70000.0,70.0,66383.87225265811
70000.0,70.0,66364.4098868668
70000.0,70.0,66079.05873315086
70000.0,70.0,66426.81510778952
217000.0,217.0,52271.917897540305
165000.0,165.0,52473.8872546961
208000.0,208.0,56494.50497354996
186000.0,186.0,53905.66545105564
211000.0,211.0,57377.60438808245
93000.0,93.0,59324.290505851524
93000.0,93.0,59513.89476698495
93000.0,93.0,64092.58431382405
93000.0,93.0,61081.58995091327
94000.0,94.0,65084.70690171287
45000.0,45.0,41836.36599386116
45000.0,45.0,49244.157053902345
45000.0,45.0,35278.018190985895
45000.0,45.0,42245.70383283317
45000.0,45.0,38040.69515858171
227000.0,227.0,2506.7389410845462
192000.0,192.0,2452.124961033789
227000.0,227.0,2530.698708502426
227000.0,227.0,2501.3482888257545
227000.0,227.0,2498.4495990790347
100000.0,100.0,61605.06370707011
100000.0,100.0,62202.460283265704
100000.0,100.0,62390.41099912771
100000.0,100.0,61696.44660672133
100000.0,100.0,62178.63304744822
66000.0,66.0,67953.63657123818
66000.0,66.0,67588.19705287734
66000.0,66.0,67918.20037284604
66000.0,66.0,67043.49730908826
66000.0,66.0,68030.2633450712
39000.0,39.0,36384.67705708946
40000.0,40.0,36527.72220423667
40000.0,40.0,39324.23491790626
40000.0,40.0,37522.735463558405
40000.0,40.0,39928.49854908807
87000.0,87.0,73617.34071610642
75000.0,75.0,74318.95109083968
87000.0,87.0,72497.6288374373
95000.0,95.0,73645.38931444024
80000.0,80.0,72631.0732267416
65000.0,65.0,12436.388215481065
65000.0,65.0,12171.53242421429
65000.0,65.0,12215.075494487766
65000.0,65.0,12300.597249216655
65000.0,65.0,12048.409430330395
38000.0,38.0,41161.56902641556
40000.0,40.0,41877.88088415921
40000.0,40.0,41348.32165599257
40000.0,40.0,41577.95919178424
38000.0,38.0,41448.2883475628
90000.0,90.0,8803.371247821126
96000.0,96.0,10367.509823437518
98000.0,98.0,7425.276495864812
93000.0,93.0,8901.724554754923
78000.0,78.0,8010.010139826228
1.91e6,1910.0,236.63631881094466
1.86e6,1860.0,281.0300096876843
1.79e6,1790.0,282.5808859140271
1.96e6,1960.0,288.74537073607047
1.95e6,1950.0,287.51610701018257
220000.0,220.0,13831.154110970696
222000.0,222.0,14657.82901398019
214000.0,214.0,15112.919539747796
205000.0,205.0,14531.316796397452
223000.0,223.0,13933.882283528832
517000.0,517.0,14947.29720849042
461000.0,461.0,15563.509226300792
544000.0,544.0,16046.252490014864
528000.0,528.0,15429.684136039637
549000.0,549.0,15062.395341044856
820000.0,820.0,18372.05292995008
820000.0,820.0,19795.42904422606
821000.0,821.0,20589.955616231757
820000.0,820.0,19821.90465035226
821000.0,821.0,18762.74764831109
120000.0,120.0,50208.0164106422
120000.0,120.0,47669.77207101302
120000.0,120.0,47981.15757446646
120000.0,120.0,48541.521392448754
120000.0,120.0,47456.10105241599
7900.0,7.9,65555.29709689191
7800.0,7.8,64348.77452378124
7800.0,7.8,66511.01223078344
7800.0,7.8,65376.3324131678
7800.0,7.8,66627.44208548224
3.9e6,3900.0,262.19019261956055
6.47e6,6470.0,263.1949234260657
3.39e6,3390.0,264.6550692834181
3.7e6,3700.0,270.4118077807089
3.59e6,3590.0,264.48616557342336
220000.0,220.0,40212.8731132597
220000.0,220.0,40344.554568860054
220000.0,220.0,43470.276713325766
220000.0,220.0,41444.00140957594
220000.0,220.0,44134.54913805576
9800.0,9.8,11757.641119222051
11000.0,11.0,5910.225526501924
15000.0,15.0,6376.721695517203
9300.0,9.3,11000.000908022714
11000.0,11.0,6458.4467522963105
60000.0,60.0,48277.46134293018
60000.0,60.0,56858.988214219185
60000.0,60.0,40720.39880901743
60000.0,60.0,48817.95132377861
60000.0,60.0,43915.61326494346
152000.0,152.0,8237.527048593045
152000.0,152.0,8693.668273730264
152000.0,152.0,9084.421258619832
152000.0,152.0,8729.133023877035
152000.0,152.0,8311.375993876225
60000.0,60.0,15822.300815769184
65000.0,65.0,15953.022298673986
63000.0,63.0,15587.805019130405
62000.0,62.0,16050.987896114839
58000.0,58.0,15590.406218815013
38000.0,38.0,22415.67376462663
39000.0,39.0,21515.670546697173
38000.0,38.0,21785.083223844627
38000.0,38.0,21696.674041944752
39000.0,39.0,21558.065789142158
90000.0,90.0,21323.650962428026
90000.0,90.0,19928.098856063767
89000.0,89.0,20491.56835488831
89000.0,89.0,20510.826177210685
90000.0,90.0,20227.91037965425
13000.0,13.0,10620.360903203113
13000.0,13.0,10624.13471896241
13000.0,13.0,10593.025672222991
13000.0,13.0,10612.672721178033
13000.0,13.0,10591.279788631628
4.37e6,4370.0,18495.1854392291
4.36e6,4360.0,19120.498777913177
4.33e6,4330.0,19929.340286680454
4.33e6,4330.0,19171.656256034777
4.37e6,4370.0,18725.780130230607
120000.0,120.0,1300.0028560215496
120000.0,120.0,1357.8801623121742
120000.0,120.0,1393.750576554803
120000.0,120.0,1391.1678604773545
120000.0,120.0,1395.2846674079583
48000.0,48.0,42184.60516051064
46000.0,46.0,42323.14569003389
49000.0,49.0,45593.25115098781
47000.0,47.0,43452.151468942364
47000.0,47.0,46293.99762810007
262000.0,262.0,38057.94566636608
227000.0,227.0,39906.18799778554
249000.0,249.0,8070.133400240848
267000.0,267.0,39383.6841545061
186000.0,186.0,39210.28525268604
103000.0,103.0,14125.653642336409
116000.0,116.0,14171.689801536324
147000.0,147.0,15239.320164994411
147000.0,147.0,14550.446658341845
147000.0,147.0,15468.343370755301
67000.0,67.0,63914.47939610476
68000.0,68.0,60474.61739915524
67000.0,67.0,60030.34548999234
68000.0,68.0,61679.186025299125
67000.0,67.0,59694.77746731279
30000.0,30.0,43385.378055154346
30000.0,30.0,41808.17430420592
30000.0,30.0,41349.26060458675
30000.0,30.0,41987.48101697017
30000.0,30.0,41058.69605549042
25000.0,25.0,76732.91161655264
25000.0,25.0,77639.0394799861
25000.0,25.0,76843.76510445499
25000.0,25.0,77637.90592344735
25000.0,25.0,77279.3727915021
154000.0,154.0,12538.726585487746
155000.0,155.0,12767.65831473399
154000.0,154.0,13298.165961347984
153000.0,153.0,13127.61001338353
154000.0,154.0,13409.68459487667
72000.0,72.0,16110.415186677577
73000.0,73.0,16370.066263390789
75000.0,75.0,16202.160147854594
74000.0,74.0,16251.34482518291
73000.0,73.0,16168.04084952765
30000.0,30.0,9102.909642995586
30000.0,30.0,9216.171399724793
30000.0,30.0,9222.801190592634
30000.0,30.0,9172.763825922806
30000.0,30.0,9206.945575293728
14000.0,14.0,10727.788190413223
15000.0,15.0,10723.413311797973
13000.0,13.0,10746.432672635085
13000.0,13.0,10720.493684205194
19000.0,19.0,10751.232796584689
194000.0,194.0,66352.96702274012
199000.0,199.0,69582.65257645222
195000.0,195.0,75438.3315848046
205000.0,205.0,68655.40049431662
188000.0,188.0,76617.55328941182
41000.0,41.0,51655.94159441412
40000.0,40.0,49808.08191732694
41000.0,41.0,49320.2621913747
41000.0,41.0,50048.944325973935
41000.0,41.0,49002.78632787712
134000.0,134.0,3439.3114713372743
122000.0,122.0,3676.658062262287
147000.0,147.0,3832.6416631032016
149000.0,149.0,3698.3679339087225
133000.0,133.0,3463.6069173831684
86000.0,86.0,8142.079041958233
71000.0,71.0,8110.395880420917
76000.0,76.0,8910.670506987084
77000.0,77.0,8313.030166773056
87000.0,87.0,9015.840373837027
50000.0,50.0,41166.035393539445
50000.0,50.0,40337.84262662225
50000.0,50.0,40936.61123704291
50000.0,50.0,41306.493471071524
50000.0,50.0,40571.23234257665
94000.0,94.0,7581.24464659122
103000.0,103.0,8302.253077426467
121000.0,121.0,8994.362883695143
105000.0,105.0,8057.785812005595
151000.0,151.0,7790.594209985407
45000.0,45.0,8817.32664254117
46000.0,46.0,9394.99496474811
45000.0,45.0,9800.620411064294
45000.0,45.0,9421.16914786417
45000.0,45.0,8880.106077004959
63000.0,63.0,45495.26645200747
63000.0,63.0,44944.96482712521
63000.0,63.0,45170.74008519684
63000.0,63.0,45388.04147372253
63000.0,63.0,45092.235601758955
1.19e6,1190.0,4222.358995430925
1.26e6,1260.0,4352.956859856312
1.14e6,1140.0,4531.995447777023
1.09e6,1090.0,4374.575865083905
1.23e6,1230.0,5006.295563510128
10000.0,10.0,14423.243444878368
11000.0,11.0,14385.712896434796
10000.0,10.0,14442.891575675694
10000.0,10.0,13858.872345432279
10000.0,10.0,12855.119589401773
100000.0,100.0,48661.44818831102
100000.0,100.0,50324.560961467876
100000.0,100.0,45871.64187640644
100000.0,100.0,47673.54542517043
100000.0,100.0,47689.082038691966
10000.0,10.0,32141.52477516284
10000.0,10.0,32664.28949753324
10000.0,10.0,32023.926210537244
10000.0,10.0,32660.75128374944
10000.0,10.0,32175.310394816457
20000.0,20.0,45861.87382007495
20000.0,20.0,46222.61113425345
20000.0,20.0,46079.938918264634
20000.0,20.0,44970.17189267928
20000.0,20.0,46121.76169987395
90000.0,90.0,57312.22782072515
90000.0,90.0,57461.654812341956
90000.0,90.0,61931.564279438906
90000.0,90.0,58973.33257800735
90000.0,90.0,62868.52990562417
40000.0,40.0,11344.029290724546
40000.0,40.0,11364.506767813908
40000.0,40.0,11405.80302867103
40000.0,40.0,11434.160069037694
40000.0,40.0,11381.52656244863
37000.0,37.0,13803.567426779957
37000.0,37.0,13916.26262554109
37000.0,37.0,13912.182667797208
38000.0,38.0,13852.363596374284
37000.0,37.0,13925.264873069293
187000.0,187.0,2560.799287435309
168000.0,168.0,2786.9983603669357
197000.0,197.0,3028.5459277797127
194000.0,194.0,2683.3535190712696
135000.0,135.0,5427.223004156122
24000.0,24.0,47331.025322336944
24000.0,24.0,46808.36332163173
24000.0,24.0,47302.67904626115
24000.0,24.0,46109.57768083091
24000.0,24.0,46680.58690771747
55000.0,55.0,280.57122444880525
107000.0,107.0,55906.9721177807
107000.0,107.0,65846.48036690359
108000.0,108.0,47176.37438474185
108000.0,108.0,56547.75059827068
107000.0,107.0,50880.27102621923
33000.0,33.0,16303.299297839574
33000.0,33.0,16118.741058142483
33000.0,33.0,16129.874670654946
33000.0,33.0,16537.642085645748
33000.0,33.0,16142.381307266196
53000.0,53.0,11925.43332743862
53000.0,53.0,11848.970280487565
53000.0,53.0,11749.657957865798
53000.0,53.0,11892.507336162687
53000.0,53.0,11757.58784389086
36000.0,36.0,60302.78830067267
36000.0,36.0,55604.2170868526
36000.0,36.0,55992.811086452966
36000.0,36.0,57788.634577146484
36000.0,36.0,56231.32336193812
23000.0,23.0,64048.65867112527
23000.0,23.0,65687.33338385705
23000.0,23.0,64679.62014490808
23000.0,23.0,65915.98673522646
23000.0,23.0,65000.189777665575
272000.0,272.0,54203.126220341874
275000.0,275.0,55022.24510047055
207000.0,207.0,59285.1314251967
260000.0,260.0,24583.739723880502
220000.0,220.0,49311.47560818284
45000.0,45.0,5312.795161131795
45000.0,45.0,5239.369617159314
45000.0,45.0,5263.525995901398
45000.0,45.0,5332.91700050945
45000.0,45.0,5215.47897449222
33000.0,33.0,58562.51849827593
35000.0,35.0,56245.08172627887
36000.0,36.0,57017.46491152953
33000.0,33.0,56749.14429471957
34000.0,34.0,56456.82710058934
28000.0,28.0,90007.79420115663
26000.0,26.0,86323.11606095773
26000.0,26.0,85247.60163086499
25000.0,25.0,88350.31048464507
28000.0,28.0,84711.01298850714
21000.0,21.0,8594.58982979697
21000.0,21.0,8543.908870341042
21000.0,21.0,8698.168953921777
21000.0,21.0,8525.68074702969
21000.0,21.0,8671.549729886072
190000.0,190.0,5262.6874079144
170000.0,170.0,5246.552747019091
223000.0,223.0,5660.307936105187
204000.0,204.0,5342.1446383563325
162000.0,162.0,5732.836698418532
25000.0,25.0,15105.206814934223
22000.0,22.0,15057.058895483187
25000.0,25.0,15128.902415939305
25000.0,25.0,15006.269501672745
25000.0,25.0,15104.383775938857
15000.0,15.0,33610.775671699426
14000.0,14.0,33792.665956926045
13000.0,13.0,33271.61812826773
14000.0,14.0,33831.49231632554
14000.0,14.0,33354.88157676281
467000.0,467.0,3394.225107044162
584000.0,584.0,3628.4602918196124
422000.0,422.0,3782.3990841254827
446000.0,446.0,3649.8855660429986
486000.0,486.0,3418.2020610487793
210000.0,210.0,50736.85256851382
210000.0,210.0,50895.46892538588
210000.0,210.0,54828.52294176893
210000.0,210.0,52253.9364619303
210000.0,210.0,55655.58708505411
43000.0,43.0,62446.40874963443
30000.0,30.0,76114.31499318295
27000.0,27.0,51484.70671742754
24000.0,24.0,65281.8857461982
25000.0,25.0,56780.8590101158
572000.0,572.0,22766.654714533677
580000.0,580.0,24972.66386847506
576000.0,576.0,27077.95715593172
576000.0,576.0,24275.4606890893
571000.0,571.0,23462.61607592339
200000.0,200.0,44501.319928757155
200000.0,200.0,44341.13812733956
200000.0,200.0,48715.12849804915
200000.0,200.0,45462.03628488534
200000.0,200.0,49290.02673215507
25000.0,25.0,24241.782970333883
25000.0,25.0,24596.77539145387
25000.0,25.0,24341.61248141653
25000.0,25.0,24336.581117570437
26000.0,26.0,24359.515903456995
205000.0,205.0,2134.386242216588
205000.0,205.0,2195.0658286797398
205000.0,205.0,2339.7864305295107
205000.0,205.0,2203.445632346791
205000.0,205.0,2133.684881546743
2.67e6,2670.0,4402.214675997471
2.66e6,2660.0,4653.027918486257
2.66e6,2660.0,4841.074126150425
2.66e6,2660.0,4670.234847956186
2.67e6,2670.0,4510.8456649267955
741000.0,741.0,538.7099967487616
796000.0,796.0,490.0638509756284
741000.0,741.0,541.5048708318925
751000.0,751.0,490.53303778188524
757000.0,757.0,475.26417599539826
56000.0,56.0,77084.61648510316
56000.0,56.0,73653.44436585107
57000.0,57.0,44505.54256701635
57000.0,57.0,44239.81834569045
56000.0,56.0,44737.153016331766
233000.0,233.0,11176.054877589459
202000.0,202.0,12162.519057752863
267000.0,267.0,13215.137179788613
201000.0,201.0,26076.439475598632
208000.0,208.0,11419.814926428691
66000.0,66.0,11304.023479290146
66000.0,66.0,10988.232964920697
66000.0,66.0,11181.87002037747
66000.0,66.0,11132.760488811602
66000.0,66.0,11054.072308869703
193000.0,193.0,10995.886919344633
193000.0,193.0,10953.082856622335
193000.0,193.0,11819.878817079558
193000.0,193.0,11144.064554222863
193000.0,193.0,11967.519257035585
34000.0,34.0,8986.7096579511
34000.0,34.0,9125.467283547358
34000.0,34.0,8991.869479993342
34000.0,34.0,9173.151706511451
34000.0,34.0,9021.138510719593
61000.0,61.0,66442.01771986528
61000.0,61.0,64405.15371538175
61000.0,61.0,63520.01706238669
61000.0,61.0,65069.281720613675
61000.0,61.0,62859.66727245532
800000.0,800.0,4853.875268831235
800000.0,800.0,4726.4732986915305
800000.0,800.0,4751.374111420192
800000.0,800.0,4805.685810467464
800000.0,800.0,4924.0062415736475
178000.0,178.0,11349.041939256085
178000.0,178.0,11472.238319771823
179000.0,179.0,11957.497801513748
178000.0,178.0,11810.190810678589
178000.0,178.0,12122.342431466202
1.1e6,1100.0,38057.94566636608
1.11e6,1110.0,39906.18799778554
1.11e6,1110.0,40947.63586095608
1.11e6,1110.0,39383.6841545061
1.11e6,1110.0,39210.28525268604
2.44e6,2440.0,218.83458682313832
2.51e6,2510.0,220.78694699679104
2.54e6,2540.0,222.52360037996556
2.43e6,2430.0,227.02145071284613
2.46e6,2460.0,220.06846742407419
373000.0,373.0,2709.8791706472066
374000.0,374.0,2851.719566221047
375000.0,375.0,2991.8620946042415
373000.0,373.0,2849.3210766918246
374000.0,374.0,2728.622478195641
20000.0,20.0,65271.87289495639
20000.0,20.0,62778.00122630853
20000.0,20.0,62787.539306902385
20000.0,20.0,64114.575793552955
20000.0,20.0,62019.60750874312
368000.0,368.0,10214.060622869396
313000.0,313.0,11806.182548726316
369000.0,369.0,8469.769945832531
369000.0,369.0,10045.169519604682
369000.0,369.0,9111.029072702611
40000.0,40.0,49242.8360305322
45000.0,45.0,43978.5203193717
31000.0,31.0,75438.3315848046
37000.0,37.0,46473.681184343906
34000.0,34.0,76617.55328941182
18000.0,18.0,9204.888466531374
18000.0,18.0,9212.926017919648
18000.0,18.0,9181.582583969812
18000.0,18.0,9206.42749548042
18000.0,18.0,9179.667007642562
113000.0,113.0,3897.2342599237454
113000.0,113.0,3880.018278306399
113000.0,113.0,3848.666602829331
113000.0,113.0,3812.440577142325
113000.0,113.0,3994.6490894684744
91000.0,91.0,56386.16385228411
91000.0,91.0,56623.33578534917
91000.0,91.0,61002.013818939
91000.0,91.0,58197.168654991685
91000.0,91.0,61939.84974633421
60000.0,60.0,47822.79698534427
60000.0,60.0,45701.37246621619
60000.0,60.0,46671.86343023404
60000.0,60.0,46622.164070227875
60000.0,60.0,45979.29329343312
89000.0,89.0,21122.351666899158
89000.0,89.0,21107.90251263122
90000.0,90.0,22884.20949429277
89000.0,89.0,21580.100219134434
90000.0,90.0,23180.63392171644
47000.0,47.0,8788.8211570935
46000.0,46.0,8945.348072202358
48000.0,48.0,8799.059068682202
48000.0,48.0,8912.540600352206
46000.0,46.0,8802.368225789156
31000.0,31.0,11203.307334128713
30000.0,30.0,11027.013341307133
31000.0,31.0,11169.598637075296
31000.0,31.0,11241.78441035205
31000.0,31.0,11171.21521202074
78000.0,78.0,25036.617652432986
78000.0,78.0,25603.9223544598
78000.0,78.0,24818.130579370885
79000.0,79.0,25446.700172468503
78000.0,78.0,24831.442090003584
68000.0,68.0,7933.47134304629
59000.0,59.0,7903.843815580961
68000.0,68.0,8683.641342057985
63000.0,63.0,8101.19536536788
69000.0,69.0,8788.59816211107
180000.0,180.0,29973.18929100708
180000.0,180.0,30079.912075892447
179000.0,179.0,32397.060287217515
180000.0,180.0,30889.684382072526
179000.0,179.0,32887.90418631384
273000.0,273.0,9005.494099953688
273000.0,273.0,9023.801146455608
273000.0,273.0,9760.731617429401
273000.0,273.0,9257.526705721595
273000.0,273.0,9903.78424145418
96000.0,96.0,49654.653680380114
96000.0,96.0,49849.86929906239
96000.0,96.0,53666.30746868432
96000.0,96.0,51207.77715465457
96000.0,96.0,54490.9540992124
2000.0,2.0,43572.27003119026
2000.0,2.0,41285.9114268376
2000.0,2.0,42069.55143338234
2000.0,2.0,41510.8068484551
2000.0,2.0,41685.42496133446
40000.0,40.0,37735.68767246754
40000.0,40.0,37350.95090103493
40000.0,40.0,37020.43937128416
40000.0,40.0,38282.002137426825
40000.0,40.0,37056.587655943425
198000.0,198.0,6758.16061217721
125000.0,125.0,7904.928492474449
221000.0,221.0,5672.05090003437
198000.0,198.0,6729.49669119997
134000.0,134.0,6102.67167307668
50000.0,50.0,20344.548902466024
50000.0,50.0,20731.8145830128
50000.0,50.0,20621.70792036955
50000.0,50.0,20929.859668274603
50000.0,50.0,20728.156523972768
153000.0,153.0,17006.655041471993
134000.0,134.0,18520.02531732864
126000.0,126.0,20113.472290427122
145000.0,145.0,17831.749304659574
145000.0,145.0,17384.648612745594
120000.0,120.0,76337.14630735903
120000.0,120.0,77064.67780069711
120000.0,120.0,75176.0664765393
120000.0,120.0,76366.23116608789
120000.0,120.0,75314.44099225974
2.74e6,2740.0,222.618027021991
2.72e6,2720.0,222.07947285419948
2.74e6,2740.0,222.5879240122998
2.7e6,2700.0,225.2013751991416
2.72e6,2720.0,226.33831985915205
508000.0,508.0,5551.050760447234
628000.0,628.0,6043.2514863372535
579000.0,579.0,6563.378625437158
620000.0,620.0,5816.989721806705
553000.0,553.0,5672.923819086958
50000.0,50.0,18412.600790408516
50000.0,50.0,17198.749537390926
50000.0,50.0,17209.16292357165
50000.0,50.0,17927.121229655088
50000.0,50.0,17259.96841882673
121000.0,121.0,43211.81459896242
122000.0,122.0,43349.92234722893
122000.0,122.0,46685.03992077501
121000.0,121.0,44491.83155605318
122000.0,122.0,47407.702037114446
114000.0,114.0,11763.431260278798
113000.0,113.0,11801.768827371083
114000.0,114.0,12690.860172091925
113000.0,113.0,12117.18646128768
114000.0,114.0,12881.58400025534
21000.0,21.0,11766.291956217752
19000.0,19.0,11581.138900267304
22000.0,22.0,11730.889341689279
22000.0,22.0,11806.702568813042
26000.0,26.0,11732.587152184871
175000.0,175.0,62941.547222474575
159000.0,159.0,63207.51053647521
223000.0,223.0,68044.81864291798
198000.0,198.0,64947.93253008173
225000.0,225.0,69090.3083311061
36000.0,36.0,28806.14634871615
34000.0,34.0,28535.08393505569
33000.0,33.0,28612.60079439658
34000.0,34.0,28915.894538562297
33000.0,33.0,28610.885693846823
272000.0,272.0,62500.81740103148
272000.0,272.0,62733.03169950448
272000.0,272.0,67527.26999301648
272000.0,272.0,64409.59789714681
272000.0,272.0,68569.55466409598
725000.0,725.0,9684.748400059521
725000.0,725.0,9813.136155989903
725000.0,725.0,10471.586210123656
725000.0,725.0,9828.463527752447
725000.0,725.0,9578.06703500137
60000.0,60.0,39638.9539306901
59000.0,59.0,39602.835130666674
59000.0,59.0,39838.184035090715
59000.0,59.0,39708.44445056543
60000.0,60.0,39686.68070619427
1.5e6,1500.0,3342.155492233532
1.67e6,1670.0,3538.890617597748
1.77e6,1770.0,3653.025588906886
1.53e6,1530.0,3526.4407198678796
1.66e6,1660.0,3406.2574835275695
45000.0,45.0,72832.36593666341
45000.0,45.0,73287.88232053877
45000.0,45.0,72169.00483923638
45000.0,45.0,74662.09368549724
45000.0,45.0,72500.28162402002
95000.0,95.0,4131.449258931557
95000.0,95.0,4211.0478675084605
95000.0,95.0,4196.86847749628
95000.0,95.0,7106.111511784125
95000.0,95.0,4249.675165250739
56000.0,56.0,86226.08444331543
56000.0,56.0,80680.42770442757
56000.0,56.0,82849.6486853752
56000.0,56.0,84931.954297055
56000.0,56.0,78398.61999112031
63000.0,63.0,65247.84894908095
63000.0,63.0,62913.77342227416
63000.0,63.0,62297.59671905526
63000.0,63.0,63218.01246180821
63000.0,63.0,61896.58540172969
88000.0,88.0,8891.424279432007
85000.0,85.0,8513.36747778644
80000.0,80.0,8444.54324081102
86000.0,86.0,6008.033100873787
89000.0,89.0,8368.747241569981
22000.0,22.0,49732.24940031677
34000.0,34.0,49761.032041847866
33000.0,33.0,49629.80112729153
32000.0,32.0,49738.56582053659
37000.0,37.0,49602.249806671345
15000.0,15.0,81763.8630287586
16000.0,16.0,82322.64850724499
15000.0,15.0,82245.61154067794
15000.0,15.0,82452.92080770289
15000.0,15.0,82292.79869961928
1.17e6,1170.0,38057.94566636608
1.26e6,1260.0,39906.18799778554
1.36e6,1360.0,40947.63586095608
1.37e6,1370.0,39383.6841545061
1.25e6,1250.0,39210.28525268604
9.63e6,9630.0,224.19308091485487
9.24e6,9240.0,225.45717493865936
223000.0,223.0,54150.78966219877
224000.0,224.0,56411.62615929304
223000.0,223.0,51383.212973005015
224000.0,224.0,53374.243956261336
224000.0,224.0,53134.48935303605
230000.0,230.0,3736.773592003814
229000.0,229.0,4078.2232350598056
229000.0,229.0,4454.283435927376
229000.0,229.0,3945.458259681555
229000.0,229.0,3851.1497407429556
305000.0,305.0,17110.886573397078
333000.0,333.0,17566.02409290218
308000.0,308.0,18258.913018195974
313000.0,313.0,17535.723427361467
315000.0,315.0,17219.196578150004
17000.0,17.0,60126.010920060995
18000.0,18.0,54036.87401151009
18000.0,18.0,55231.140556017686
17000.0,17.0,57163.26790407391
18000.0,18.0,54650.2959976437
96000.0,96.0,34628.33953552588
96000.0,96.0,34736.59656732021
96000.0,96.0,37420.939860136044
96000.0,96.0,35663.7623791909
96000.0,96.0,37985.418272206705
110000.0,110.0,33238.609352709565
110000.0,110.0,33367.03740420899
110000.0,110.0,35923.66335345226
110000.0,110.0,34277.474940512984
110000.0,110.0,36485.207632672835
120000.0,120.0,31197.800383555696
120000.0,120.0,31103.760560701332
120000.0,120.0,34144.86548824822
120000.0,120.0,31891.09028425209
120000.0,120.0,34559.74441565227
74000.0,74.0,31405.927010093466
72000.0,72.0,31517.751212712752
70000.0,70.0,33945.66059832751
84000.0,84.0,32366.231155763606
68000.0,68.0,34459.96715138403
16000.0,16.0,8869.788344673407
17000.0,17.0,8838.249741084686
16000.0,16.0,8884.334318243406
17000.0,17.0,8805.699686468684
16000.0,16.0,8868.055034889254
21000.0,21.0,12674.592574709526
21000.0,21.0,10571.30579009182
28000.0,28.0,11363.20349802923
18000.0,18.0,10821.08121323846
25000.0,25.0,11538.423320732332
17000.0,17.0,1744.317780747074
35000.0,35.0,1837.0221254831547
8000.0,8.0,1669.4990959479785
20000.0,20.0,1729.7756343115968
1.28e6,1280.0,9409.99054626479
1.28e6,1280.0,10080.384374422994
1.29e6,1290.0,10483.999641483331
1.28e6,1280.0,10067.184945312227
1.29e6,1290.0,9483.234332399248
54000.0,54.0,31920.355081587
45000.0,45.0,30595.178100249952
60000.0,60.0,30177.9011712134
58000.0,58.0,31296.622425628986
64000.0,64.0,29970.13811309486
160000.0,160.0,48700.12063727629
160000.0,160.0,57327.56228787458
160000.0,160.0,41082.30387855859
160000.0,160.0,49208.104347897926
160000.0,160.0,44293.56297623805
35000.0,35.0,26752.01670670117
36000.0,36.0,26851.410619462724
38000.0,38.0,28903.472468526215
37000.0,37.0,27569.025665061778
36000.0,36.0,29349.59810485106
8800.0,8.8,18834.369309125264
12000.0,12.0,18826.557390633392
9400.0,9.4,18866.076038308925
9300.0,9.3,18823.958893643136
12000.0,12.0,18876.612392046518
123000.0,123.0,30292.362702090595
123000.0,123.0,30391.558360230967
123000.0,123.0,32746.16527029755
123000.0,123.0,31219.77181259559
123000.0,123.0,33246.561776815346
36000.0,36.0,14999.741951461338
36000.0,36.0,15103.953563628955
35000.0,35.0,15605.76006647597
36000.0,36.0,15609.641434530913
37000.0,37.0,16019.193296721487
49000.0,49.0,29789.962297764654
48000.0,48.0,29867.632013561735
49000.0,49.0,32191.01813136828
48000.0,48.0,30653.37748809476
49000.0,49.0,32678.037598935847
150000.0,150.0,14004.020801683824
149000.0,149.0,13954.431444800884
149000.0,149.0,15333.537904228826
149000.0,149.0,14309.130168727408
150000.0,150.0,15516.663067433497
46000.0,46.0,53016.852652923524
45000.0,45.0,52856.17951702546
42000.0,42.0,53107.791005632585
47000.0,47.0,52677.094671902465
50000.0,50.0,53036.606568088224
65000.0,65.0,76145.66217607284
64000.0,64.0,72047.52084680166
64000.0,64.0,71518.22953395559
64000.0,64.0,73482.60529935276
64000.0,64.0,71118.44454730657
115000.0,115.0,37993.875214048
115000.0,115.0,38103.67534707658
115000.0,115.0,41086.646699191886
115000.0,115.0,39135.97219824892
115000.0,115.0,41697.799309174276
20000.0,20.0,15019.866108247843
17000.0,17.0,15096.584764273402
14000.0,14.0,14872.755768100007
23000.0,23.0,15115.852550596495
14000.0,14.0,14909.61815758416
167000.0,167.0,63127.503819567144
167000.0,167.0,60629.42138685627
167000.0,167.0,61462.01232944893
167000.0,167.0,61172.775951012794
167000.0,167.0,60857.67244689141
3.61e6,3610.0,229.63810591506214
3.51e6,3510.0,232.127991632654
3.61e6,3610.0,246.52041257047594
3.51e6,3510.0,232.38549949265789
3.91e6,3910.0,229.8023021308213
51000.0,51.0,59250.361884448226
50000.0,50.0,56921.91113356845
51000.0,51.0,58420.4145881305
51000.0,51.0,57891.22383071051
51000.0,51.0,57382.58928129208
1.33e6,1330.0,19340.46868210392
1.33e6,1330.0,20434.6533819849
1.33e6,1330.0,21205.55689811322
1.33e6,1330.0,20404.17182282092
1.33e6,1330.0,19745.661456933707
89000.0,89.0,66352.96702274012
95000.0,95.0,69582.65257645222
96000.0,96.0,75438.3315848046
95000.0,95.0,68655.40049431662
89000.0,89.0,76617.55328941182
154000.0,154.0,38582.237201162374
154000.0,154.0,38740.600277556434
154000.0,154.0,41714.95382564655
154000.0,154.0,39794.99678547664
154000.0,154.0,42349.44225987691
33000.0,33.0,17177.943074454277
32000.0,32.0,16045.486667966989
32000.0,32.0,16055.201784101897
31000.0,31.0,16725.0173659483
33000.0,33.0,16102.600514748136
6600.0,6.6,56539.0727182247
6600.0,6.6,53910.45493816534
6600.0,6.6,54777.93971548765
6600.0,6.6,54209.86529167372
6600.0,6.6,53670.261792220124
17000.0,17.0,23930.347500625594
17000.0,17.0,23973.54495103109
15000.0,15.0,24060.659841821733
16000.0,16.0,24120.479312723342
15000.0,15.0,24009.448384419717
3.94e6,3940.0,796.3827002428357
3.94e6,3940.0,848.9697796181024
3.95e6,3950.0,883.9925449234435
3.95e6,3950.0,855.9339994509588
3.94e6,3940.0,810.8943984904414
52000.0,52.0,15034.746447796368
51000.0,51.0,14691.571568901409
51000.0,51.0,14355.173099036809
51000.0,51.0,15077.608766950023
52000.0,52.0,14564.956863367195
150000.0,150.0,64033.18510988623
150000.0,150.0,64271.092736979735
150000.0,150.0,69182.87406840747
150000.0,150.0,65988.76425147802
150000.0,150.0,70250.71301925182
58000.0,58.0,10408.895587741188
58000.0,58.0,10310.949117310978
58000.0,58.0,10338.959281718302
57000.0,57.0,10448.552313608763
58000.0,58.0,10338.339542363768
82000.0,82.0,38863.4273827987
82000.0,82.0,38984.92438064061
82000.0,82.0,58203.864821426825
82000.0,82.0,57430.83318256313
82000.0,82.0,57672.41999989576
46000.0,46.0,22895.743666981092
46000.0,46.0,23537.75227171444
46000.0,46.0,23219.44602457385
46000.0,46.0,23469.25827518514
46000.0,46.0,23334.849734427473
4.18e6,4180.0,277.5489674825778
3.94e6,3940.0,279.15233061354326
3.72e6,3720.0,281.3451459182443
3.62e6,3620.0,287.6287918135115
3.8e6,3800.0,280.14175589102143
5.86e6,5860.0,228.29518944495123
5.87e6,5870.0,230.3319535697605
5.86e6,5860.0,232.14368552158606
5.86e6,5860.0,236.83598580531546
5.86e6,5860.0,229.58241286622308
799000.0,799.0,16826.568358924505
799000.0,799.0,33611.18017078084
799000.0,799.0,34552.806676459746
799000.0,799.0,16252.449900499334
799000.0,799.0,32619.71732206992
120000.0,120.0,6269.571808750097
151000.0,151.0,6826.129220664421
242000.0,242.0,12352.79499730133
262000.0,262.0,6571.81313226589
302000.0,302.0,6408.686526320202
2.48e6,2480.0,696.952383431786
2.51e6,2510.0,708.0664302965793
2.32e6,2320.0,718.4589484140524
2.41e6,2410.0,720.5470482025034
2.47e6,2470.0,707.2428881503905
106000.0,106.0,35714.940290550454
121000.0,121.0,35813.35974867484
111000.0,111.0,38597.91474885154
111000.0,111.0,36757.83857469492
110000.0,110.0,39171.83904305978
75000.0,75.0,36918.54426930155
75000.0,75.0,37036.538319438776
75000.0,75.0,39885.93696018095
75000.0,75.0,38012.14247003406
75000.0,75.0,40503.35221064964
191000.0,191.0,38057.94566636608
182000.0,182.0,39724.05418625328
195000.0,195.0,18718.138353232778
191000.0,191.0,19341.464040952862
189000.0,189.0,39048.36840849371
9600.0,9.6,10856.503737341152
9600.0,9.6,10915.255507328171
9600.0,9.6,10746.953598606511
9600.0,9.6,10927.796679244138
9600.0,9.6,10773.848245388852
25000.0,25.0,70903.36378279908
25000.0,25.0,71381.16242409185
25000.0,25.0,71289.11040232812
25000.0,25.0,71480.44620580586
25000.0,25.0,71345.71170653043
158000.0,158.0,24159.277930719716
146000.0,146.0,24084.54949664211
163000.0,163.0,25973.198971774826
162000.0,162.0,24517.590151788874
140000.0,140.0,26304.922657786494
534000.0,534.0,30453.76421152541
523000.0,523.0,32636.217663262898
523000.0,523.0,33551.505641730604
523000.0,523.0,32307.797692748532
522000.0,522.0,31110.874817342476
36000.0,36.0,46775.07277352642
36000.0,36.0,47285.164748777504
36000.0,36.0,47162.80010772435
36000.0,36.0,47230.577131622886
36000.0,36.0,47286.5011271251
56000.0,56.0,8311.493325332665
30000.0,30.0,10647.96302844692
26000.0,26.0,10729.448123878798
51000.0,51.0,10655.158705566804
35000.0,35.0,10749.442966142622
16000.0,16.0,69458.30345899517
21000.0,21.0,69524.38551978304
18000.0,18.0,69400.40741416076
25000.0,25.0,69496.53647377745
16000.0,16.0,69437.96164376059
185000.0,185.0,29663.682695606025
190000.0,190.0,32511.40434326022
193000.0,193.0,35268.2536479057
183000.0,183.0,31587.08546508847
190000.0,190.0,30564.175754243442
316000.0,316.0,17011.904930167188
316000.0,316.0,17934.960474616815
316000.0,316.0,18737.09307036706
316000.0,316.0,18033.897938140875
316000.0,316.0,17229.32383394838
34000.0,34.0,15554.780702851456
34000.0,34.0,15143.232025785175
34000.0,34.0,15461.185351499415
34000.0,34.0,15287.79698053004
34000.0,34.0,15218.287287645913
36000.0,36.0,41679.56908009293
36000.0,36.0,41525.219259481564
35000.0,35.0,41743.196404630806
36000.0,36.0,41369.68134371442
36000.0,36.0,41677.371858411694
570000.0,570.0,2550.8756344974868
570000.0,570.0,1421.5574938053608
571000.0,571.0,1303.2690923928449
571000.0,571.0,2729.8132300440384
571000.0,571.0,1304.5607933492845
93000.0,93.0,19009.69662727854
111000.0,111.0,20442.86877018948
122000.0,122.0,21214.69890966049
105000.0,105.0,20411.70808937912
131000.0,131.0,19402.702425378182
5000.0,5.0,48999.78308440363
5000.0,5.0,49017.61358021074
5000.0,5.0,48969.033765498614
5000.0,5.0,48996.35208488557
5000.0,5.0,48978.622183874104
668000.0,668.0,253.88303770352084
655000.0,655.0,247.97162910365074
678000.0,678.0,254.39800926999555
688000.0,688.0,251.53773230069277
656000.0,656.0,253.09231313554795
95000.0,95.0,10885.192074486571
95000.0,95.0,10850.807057945976
95000.0,95.0,11914.228259441552
95000.0,95.0,11128.346135718635
95000.0,95.0,12061.344651199537
33000.0,33.0,13982.227350884188
33000.0,33.0,13969.486821089884
33000.0,33.0,14052.503691166536
33000.0,33.0,14006.739406609133
33000.0,33.0,13999.062472895492
165000.0,165.0,35810.45532680393
165000.0,165.0,35927.72058337646
165000.0,165.0,38711.24547360577
166000.0,166.0,36906.80237797397
165000.0,165.0,39302.79479970397
521000.0,521.0,14027.204280455158
522000.0,522.0,15373.926791196978
521000.0,521.0,16678.371517429612
521000.0,521.0,14934.831306482192
521000.0,521.0,14452.195985481994
100000.0,100.0,12167.882928913321
100000.0,100.0,12132.35482234558
100000.0,100.0,13323.288435707454
100000.0,100.0,12441.84085260627
100000.0,100.0,13482.206195936204
140000.0,140.0,24132.682709726127
140000.0,140.0,24215.21921686423
140000.0,140.0,26085.82136258543
140000.0,140.0,24868.697670254507
140000.0,140.0,26479.276226068712
28000.0,28.0,9964.74548966748
27000.0,27.0,9522.694448200224
27000.0,27.0,9551.994575933073
28000.0,28.0,9643.018016809212
27000.0,27.0,9416.651545803354
2.34e6,2340.0,68.25039831993575
2.34e6,2340.0,69.36677162577946
2.34e6,2340.0,70.12756572805431
2.34e6,2340.0,70.39670853749787
2.34e6,2340.0,69.31163891399326
66000.0,66.0,44360.515206781616
67000.0,67.0,52218.39273866845
67000.0,67.0,37412.978242281606
65000.0,65.0,44822.893131978795
65000.0,65.0,40354.946706048555
119000.0,119.0,46098.06761877832
120000.0,120.0,45963.40246558953
120000.0,120.0,49577.750357755474
120000.0,120.0,46788.772506833804
120000.0,120.0,50203.22691699868
44000.0,44.0,7119.047389991152
60000.0,60.0,7209.597735179052
53000.0,53.0,7014.115925311968
45000.0,45.0,7099.391777836879
121000.0,121.0,7169.150775581559
47000.0,47.0,68753.76067620919
47000.0,47.0,67643.14616951598
47000.0,47.0,67729.383998357
47000.0,47.0,68554.76536727395
47000.0,47.0,66878.2859618883
33000.0,33.0,27384.819560975633
29000.0,29.0,27376.682950533414
30000.0,30.0,27885.72370072178
28000.0,28.0,27365.511014859152
33000.0,33.0,27814.526565745695
441000.0,441.0,33948.387531390596
426000.0,426.0,39953.571425601265
425000.0,425.0,28623.33426240659
450000.0,450.0,34273.31319573446
425000.0,425.0,30872.77187113867
57000.0,57.0,19428.8973985906
57000.0,57.0,21291.308644995253
57000.0,57.0,23106.5169530818
57000.0,57.0,20691.17120974378
57000.0,57.0,20019.77732335688
50000.0,50.0,4537.773171112014
50000.0,50.0,4523.737127309338
50000.0,50.0,4878.477154824586
50000.0,50.0,4605.074006356832
50000.0,50.0,4940.7839359677455
160000.0,160.0,49176.11931762822
160000.0,160.0,49357.82334095083
160000.0,160.0,53186.33845972234
160000.0,160.0,50722.10460392065
160000.0,160.0,53992.446395402454
100000.0,100.0,59590.07636428114
100000.0,100.0,58240.70103591165
100000.0,100.0,57373.25634336659
100000.0,100.0,58726.911899960454
100000.0,100.0,56963.55817766535
2.38e6,2380.0,3335.3613119247634
2.38e6,2380.0,3531.696499608673
2.38e6,2380.0,3645.5994489258906
2.38e6,2380.0,3519.271910949611
2.38e6,2380.0,3399.3329919606886
36000.0,36.0,41402.7594736675
37000.0,37.0,38379.374933740255
36000.0,36.0,38493.452462784866
36000.0,36.0,40104.47985710211
36000.0,36.0,38503.39023431673
12000.0,12.0,40305.374892305575
13000.0,13.0,40176.90131577434
13000.0,13.0,40368.60210220143
13000.0,13.0,40041.37946670844
13000.0,13.0,40303.17876909681
40000.0,40.0,25842.738130223195
40000.0,40.0,25819.89596868808
41000.0,41.0,26320.861002973925
40000.0,40.0,25808.502451559947
40000.0,40.0,26244.598270549268
218000.0,218.0,38057.94566636608
218000.0,218.0,39906.18799778554
218000.0,218.0,40947.63586095608
218000.0,218.0,39383.6841545061
218000.0,218.0,39210.28525268604
27000.0,27.0,11096.378296544632
25000.0,25.0,11110.929935633621
32000.0,32.0,11946.533196792758
41000.0,41.0,11373.544557887197
28000.0,28.0,12128.252821114318
70000.0,70.0,26874.042168984935
70000.0,70.0,26339.203963363765
70000.0,70.0,26772.082065522216
70000.0,70.0,26633.781442028856
70000.0,70.0,26553.15598145556
250000.0,250.0,4052.336386198778
250000.0,250.0,4260.31436734576
250000.0,250.0,4445.850280180924
250000.0,250.0,4293.604162862127
250000.0,250.0,4149.599369417737
21000.0,21.0,41772.535575078065
23000.0,23.0,41787.73615298962
22000.0,22.0,41746.32164234174
24000.0,24.0,41769.61063254966
22000.0,22.0,41754.49581215407
110000.0,110.0,36310.04319305343
111000.0,111.0,36423.55765990713
111000.0,111.0,39238.26440630284
110000.0,110.0,37395.75069970359
111000.0,111.0,39830.156359505054
124000.0,124.0,118106.70957296566
142000.0,142.0,106180.68684244077
120000.0,120.0,108594.14625690541
142000.0,142.0,110190.0920295229
108000.0,108.0,105713.72461682423
58000.0,58.0,73443.26483061162
52000.0,52.0,69088.08791208363
60000.0,60.0,70563.24155052367
53000.0,53.0,69229.79376032592
61000.0,61.0,69185.3802441752
618000.0,618.0,217.74081148852673
619000.0,619.0,217.2140562068717
619000.0,619.0,217.71136798906676
618000.0,618.0,220.26756251572277
619000.0,619.0,221.3795984824407
236000.0,236.0,15679.646133365613
372000.0,372.0,18239.201746912975
173000.0,173.0,13047.43036642111
340000.0,340.0,15651.971091978352
189000.0,189.0,17170.047947085208
26000.0,26.0,45007.687672060565
28000.0,28.0,43781.63836038129
30000.0,30.0,44727.05026541921
30000.0,30.0,44805.116634003614
28000.0,28.0,44446.82603692188
1.08e6,1080.0,445.5489039876315
1.08e6,1080.0,471.1239861110734
809000.0,809.0,488.3718441744325
1.08e6,1080.0,471.5750399032567
1.13e6,1130.0,456.8962852595346
1.09e6,1090.0,475.6503797425245
1.09e6,1090.0,473.99875623199364
1.09e6,1090.0,474.9828981812443
1.08e6,1080.0,481.34998087423793
1.09e6,1090.0,485.42799299105485
57000.0,57.0,27181.750003294233
60000.0,60.0,27285.32608565148
52000.0,52.0,29380.953457009782
58000.0,58.0,28019.896821737097
72000.0,72.0,29827.88368065562
33000.0,33.0,13882.752671935197
33000.0,33.0,13266.912240848329
33000.0,33.0,13548.641601595185
32000.0,32.0,13534.21409073398
33000.0,33.0,13347.591463935483
34000.0,34.0,39709.76856729835
34000.0,34.0,40241.383960908715
35000.0,35.0,39304.22205071028
35000.0,35.0,39866.116154746436
34000.0,34.0,40391.24042363347
160000.0,160.0,31193.003086990728
161000.0,161.0,31320.26866611757
161000.0,161.0,33724.32165914915
160000.0,160.0,32190.98318093028
161000.0,161.0,34249.16503433691
117000.0,117.0,14586.048864787595
116000.0,116.0,13537.30640715549
115000.0,115.0,13831.046856741836
116000.0,116.0,14094.829901506053
116000.0,116.0,13835.246574344594
49000.0,49.0,41908.62554126356
47000.0,47.0,42079.61021641796
48000.0,48.0,45309.5190644164
48000.0,48.0,43249.43822088629
48000.0,48.0,46014.6600352045
207000.0,207.0,48946.645240781574
207000.0,207.0,50717.57411865691
205000.0,205.0,46335.966119100296
208000.0,208.0,48183.560025338404
205000.0,205.0,47996.390358171404
27000.0,27.0,14469.964072201301
39000.0,39.0,14643.41098490215
30000.0,30.0,15669.222343006948
46000.0,46.0,15197.805886180346
27000.0,27.0,15972.228079481638
120000.0,120.0,4024.491098639284
120000.0,120.0,3957.074762615819
120000.0,120.0,4022.232435875979
120000.0,120.0,4107.121896889733
120000.0,120.0,4013.8904428723636
5.57e6,5570.0,303.3491316218542
5.57e6,5570.0,298.7202189154909
5.57e6,5570.0,308.16358627404276
5.57e6,5570.0,307.8890499682872
5.57e6,5570.0,300.21231068852546
56000.0,56.0,50289.19527078455
56000.0,56.0,50446.41213663385
57000.0,57.0,54344.76434863475
56000.0,56.0,51792.89375218245
56000.0,56.0,55164.53120640283
65000.0,65.0,49312.55093586671
65000.0,65.0,49047.359023079865
65000.0,65.0,49286.835618389116
65000.0,65.0,48652.08166611026
65000.0,65.0,49368.15740342833
20000.0,20.0,39666.08324393738
20000.0,20.0,39629.93972383071
20000.0,20.0,39865.4497034981
20000.0,20.0,39735.62132384882
19000.0,19.0,39713.84268414417
83000.0,83.0,38923.704630702705
83000.0,83.0,39045.390070613445
83000.0,83.0,42062.704410787876
83000.0,83.0,40087.56329315322
83000.0,83.0,42697.20179866596
324000.0,324.0,2915.744626156733
324000.0,324.0,3123.262983990864
324000.0,324.0,2861.5883227670556
322000.0,322.0,2933.631638941079
321000.0,321.0,2870.3145993170842
11000.0,11.0,15698.60924959675
11000.0,11.0,16095.047160820155
11000.0,11.0,15913.917413389454
10000.0,10.0,15992.98575979878
10000.0,10.0,15966.173675799137
55000.0,55.0,66352.96702274012
56000.0,56.0,69582.65257645222
55000.0,55.0,75438.3315848046
56000.0,56.0,68655.40049431662
56000.0,56.0,76617.55328941182
70000.0,70.0,29177.69615883813
70000.0,70.0,29081.226440886487
70000.0,70.0,31925.4141309893
70000.0,70.0,29808.796364117254
70000.0,70.0,32313.372207926102
2.87e6,2870.0,244.04493917938734
2.86e6,2860.0,248.02536457992113
2.87e6,2870.0,249.7969481731042
2.89e6,2890.0,254.7154321598022
2.86e6,2860.0,245.7250575238807
65000.0,65.0,45829.397611570894
65000.0,65.0,45985.76931626329
65000.0,65.0,49529.921702548854
65000.0,65.0,47220.76356701065
65000.0,65.0,50293.21196023528
2400.0,2.4,34602.07102720023
2400.0,2.4,35487.3594934517
2400.0,2.4,34942.945827457406
2400.0,2.4,35610.88869248326
2400.0,2.4,35116.13248635055
51000.0,51.0,28741.32248007276
52000.0,52.0,28393.673203664323
51000.0,51.0,28536.305174115656
52000.0,52.0,28673.583835612746
51000.0,51.0,28486.710505250474
234000.0,234.0,25425.385353161724
231000.0,231.0,27860.425383332255
251000.0,251.0,30220.511009917936
243000.0,243.0,27051.145937102465
241000.0,241.0,26188.549282404485
9500.0,9.5,12171.610994104873
18000.0,18.0,12237.479685057146
22000.0,22.0,12048.790452124857
11000.0,11.0,12251.540037235382
13000.0,13.0,12078.942993530298
44000.0,44.0,51408.66525207872
44000.0,44.0,51533.18542160349
44000.0,44.0,51809.167932099466
44000.0,44.0,50941.31405260751
44000.0,44.0,51091.58760608045
28000.0,28.0,27765.859232827177
31000.0,31.0,27995.256609056043
29000.0,29.0,27354.35288138219
31000.0,31.0,28167.17212373841
29000.0,29.0,27358.917612208657
55000.0,55.0,61135.77309307618
55000.0,55.0,62299.51414657156
55000.0,55.0,61968.64144078358
56000.0,56.0,62894.64355704947
55000.0,55.0,62288.521606579394
228000.0,228.0,40511.31043489065
228000.0,228.0,40649.86370321569
228000.0,228.0,43790.026159955014
228000.0,228.0,41746.85191651267
228000.0,228.0,44450.51518674127
472000.0,472.0,9977.971613100113
465000.0,465.0,10073.483688745922
465000.0,465.0,10127.796384908597
469000.0,469.0,10206.546175304396
473000.0,473.0,10007.469632462293
49000.0,49.0,19394.657243762365
50000.0,50.0,19402.041049606865
50000.0,50.0,19576.39177958755
49000.0,49.0,19953.110372601306
49000.0,49.0,19693.37205099614
38000.0,38.0,16934.74762250129
38000.0,38.0,17362.40180943077
38000.0,38.0,17167.009560926657
39000.0,39.0,17252.303899430226
38000.0,38.0,17223.38058090257
122000.0,122.0,49493.43618845354
119000.0,119.0,49361.11084442378
123000.0,123.0,49488.26781787273
123000.0,123.0,49132.38019474743
119000.0,119.0,49653.24548596046
34000.0,34.0,43530.75223912524
34000.0,34.0,43865.435872115035
34000.0,34.0,43000.6713420778
34000.0,34.0,43253.183879145035
34000.0,34.0,44000.894132410875
2.06e6,2060.0,18343.172414547334
2.06e6,2060.0,19764.31100882764
2.06e6,2060.0,20557.588600276405
2.06e6,2060.0,19790.744995807996
2.06e6,2060.0,18733.25296829242
182000.0,182.0,29641.382799995295
181000.0,181.0,29754.331315293344
181000.0,181.0,32039.588633643
181000.0,181.0,30555.37217466955
181000.0,181.0,32526.960853693905
60000.0,60.0,36004.79093361304
60000.0,60.0,35438.22356514887
60000.0,60.0,35896.459121063766
60000.0,60.0,36128.4471936656
60000.0,60.0,35901.65441216874
175000.0,175.0,13944.267780500168
175000.0,175.0,13533.1690765808
175000.0,175.0,10022.08978270953
175000.0,175.0,13623.46212674661
175000.0,175.0,13455.645461786507
195000.0,195.0,7912.767668832202
195000.0,195.0,11450.178861275826
195000.0,195.0,11338.035953956429
195000.0,195.0,8154.096635590573
195000.0,195.0,11265.052709445647
80000.0,80.0,76049.04794776686
80000.0,80.0,73328.5870511883
80000.0,80.0,72610.40779467428
80000.0,80.0,73683.19014811434
80000.0,80.0,72143.01263314657
26000.0,26.0,15185.571458533857
26000.0,26.0,15531.743925797158
26000.0,26.0,15073.707914646166
26000.0,26.0,15436.658678739883
26000.0,26.0,15141.865364580133
20000.0,20.0,35250.29965780508
23000.0,23.0,34290.050245597005
25000.0,25.0,35030.50270330748
21000.0,21.0,35091.64476654452
28000.0,28.0,34811.02935249058
83000.0,83.0,3788.5953515013894
89000.0,89.0,3787.2799111711884
84000.0,84.0,3798.1113020598627
84000.0,84.0,3784.6062902338863
77000.0,77.0,3797.4006574385908
61000.0,61.0,32276.598537300073
61000.0,61.0,32749.25138937356
61000.0,61.0,32409.516031666462
61000.0,61.0,32402.81704788483
61000.0,61.0,32433.35345180799
104000.0,104.0,105389.01947351711
104000.0,104.0,103484.01813260319
103000.0,103.0,100912.60447229168
104000.0,104.0,102743.26359196707
103000.0,103.0,101060.06075882431
102000.0,102.0,35188.87437818589
110000.0,110.0,35280.620377890555
80000.0,80.0,38025.079783858
74000.0,74.0,36208.768541362566
78000.0,78.0,38600.3630518483
2000.0,2.0,82982.9854685081
2000.0,2.0,77646.57353018591
2000.0,2.0,80369.9376926993
2000.0,2.0,78629.54837816974
2000.0,2.0,76584.54986486425
289000.0,289.0,38132.70006962124
289000.0,289.0,38017.7010649372
289000.0,289.0,40992.71442088547
289000.0,289.0,38692.98735860012
289000.0,289.0,41519.01816871884
27000.0,27.0,12377.876821648351
27000.0,27.0,12424.125107144275
27000.0,27.0,12330.527548011703
27000.0,27.0,12292.177434173107
27000.0,27.0,12369.101725153374
184000.0,184.0,9253.31180844
158000.0,158.0,9286.814047509435
146000.0,146.0,9985.59874701729
179000.0,179.0,9537.33216445936
149000.0,149.0,10133.003373553627
3.88e6,3880.0,279.7494120645608
3.9e6,3900.0,281.36548686852035
3.85e6,3850.0,283.575687100286
3.86e6,3860.0,289.909150563569
3.88e6,3880.0,282.3627564392446
96000.0,96.0,18292.882032706006
105000.0,105.0,17558.411462358043
109000.0,109.0,17778.27254585362
102000.0,102.0,17706.123979092506
104000.0,104.0,17593.00918076426
49000.0,49.0,28511.013651852594
49000.0,49.0,27734.34836485026
49000.0,49.0,28333.238312886704
49000.0,49.0,28382.6910045397
49000.0,49.0,28155.724709822225
423000.0,423.0,2270.2632104291592
405000.0,405.0,2293.9522532466162
339000.0,339.0,2445.121353190288
352000.0,352.0,2302.784793531664
391000.0,391.0,2270.1321226413766
19000.0,19.0,46633.34883886118
19000.0,19.0,46920.04278019232
19000.0,19.0,46896.72215468327
19000.0,19.0,46983.74375944294
19000.0,19.0,46917.75828344845
30000.0,30.0,32954.68448065572
30000.0,30.0,32988.12699348184
30000.0,30.0,32814.92981190004
30000.0,30.0,32525.470135702213
30000.0,30.0,32862.347044583694
174000.0,174.0,63062.12847562857
171000.0,171.0,62852.25746008063
171000.0,171.0,67844.43019187941
172000.0,172.0,64007.29889140639
171000.0,171.0,68696.71991767915
94000.0,94.0,34577.04298807968
99000.0,99.0,34472.76698555989
83000.0,83.0,37170.37729143709
90000.0,90.0,35085.086678700245
85000.0,85.0,37647.60621255719
190000.0,190.0,43315.213370249796
163000.0,163.0,43462.6820836289
194000.0,194.0,46727.1302738155
189000.0,189.0,44612.76014119702
174000.0,174.0,47420.117442680814
29000.0,29.0,46351.96279036706
40000.0,40.0,78840.95838318282
28000.0,28.0,38637.91955920013
50000.0,50.0,79002.66824115628
27000.0,27.0,50838.43374741846
45000.0,45.0,24408.018583488276
45000.0,45.0,22960.62596815477
45000.0,45.0,23450.876197411162
45000.0,45.0,23007.720265845142
45000.0,45.0,22992.959948067004
5.74e6,5740.0,293.6941103688955
5.68e6,5680.0,296.97860501137757
5.71e6,5710.0,298.411955950845
5.33e6,5330.0,304.74666879697224
5.73e6,5730.0,296.63305120045055
3.27e6,3270.0,269.3043354305189
3.16e6,3160.0,273.2207657546218
3.26e6,3260.0,273.18575502542836
3.17e6,3170.0,276.3644567986194
3.93e6,3930.0,273.642805937388
1.95e6,1950.0,1987.9881666086208
1.95e6,1950.0,2108.24714637562
1.95e6,1950.0,2191.767459774004
1.95e6,1950.0,2112.895353660716
1.95e6,1950.0,2023.1528692278139
514000.0,514.0,5010.318331571472
514000.0,514.0,4995.559324435413
514000.0,514.0,5388.2915888636535
505000.0,505.0,5088.153873439882
514000.0,514.0,5458.166053013034
122000.0,122.0,72168.827431311
122000.0,122.0,67451.73146309365
121000.0,121.0,67573.27853264583
122000.0,122.0,70346.62593807197
121000.0,121.0,67813.04323662446
460000.0,460.0,2357.50218406465
460000.0,460.0,2442.2802627923743
460000.0,460.0,2601.4322283624097
460000.0,460.0,2448.5893191582095
460000.0,460.0,2359.64763383295
50000.0,50.0,12773.996580554227
50000.0,50.0,12496.9474778052
50000.0,50.0,12588.93639652574
50000.0,50.0,12585.169737160073
50000.0,50.0,12442.510521684604
15000.0,15.0,63431.294787388026
15000.0,15.0,63428.46740406143
15000.0,15.0,63570.426568990246
13000.0,13.0,63446.97280684298
14000.0,14.0,63578.23886383227
100000.0,100.0,22157.731468968446
100000.0,100.0,20575.123874626468
100000.0,100.0,21602.882737009884
100000.0,100.0,21153.08139856702
100000.0,100.0,21268.61111109354
110000.0,110.0,41064.28861748291
110000.0,110.0,48357.81550335175
110000.0,110.0,34640.058415878986
110000.0,110.0,41506.16228618018
110000.0,110.0,37352.476639006105
13000.0,13.0,26682.235737684827
17000.0,17.0,26579.09881489338
15000.0,15.0,26797.43269316393
11000.0,11.0,26271.046554392567
11000.0,11.0,26725.405369077413
1.14e6,1140.0,4156.790124696671
1.14e6,1140.0,4097.415573745431
713000.0,713.0,4076.2538385484672
877000.0,877.0,4125.575299735
781000.0,781.0,4220.144954481601
110000.0,110.0,10819.377161683022
110000.0,110.0,10359.360280161356
110000.0,110.0,10461.631099979502
110000.0,110.0,10392.15107370317
110000.0,110.0,10360.683502495056
78000.0,78.0,11961.884669293502
78000.0,78.0,11481.60757354748
78000.0,78.0,11625.376768545726
78000.0,78.0,11578.198153764948
78000.0,78.0,11504.231341451083
38000.0,38.0,48086.34869119286
38000.0,38.0,49001.68933797649
38000.0,38.0,48741.441376791874
38000.0,38.0,49469.78843774672
39000.0,39.0,48993.04315450123
60000.0,60.0,38841.66596319371
61000.0,61.0,38881.08260251625
60000.0,60.0,38676.945704263875
60000.0,60.0,38335.777332304795
60000.0,60.0,38732.83348901503
105000.0,105.0,36237.242380716234
105000.0,105.0,36363.168051629014
105000.0,105.0,39107.53503853647
105000.0,105.0,37353.73118570149
105000.0,105.0,39692.5696000887
115000.0,115.0,105389.01947351711
115000.0,115.0,103484.01813260319
115000.0,115.0,100912.60447229168
115000.0,115.0,102743.26359196707
115000.0,115.0,101060.06075882431
152000.0,152.0,22978.50761549781
179000.0,179.0,23357.584989093175
181000.0,181.0,23323.488798872993
159000.0,159.0,23205.150155907137
169000.0,169.0,23422.208622380687
58000.0,58.0,50907.4225641064
58000.0,58.0,49086.33924789746
58000.0,58.0,48605.58826054456
58000.0,58.0,49323.71144629965
58000.0,58.0,48292.712772495695
59000.0,59.0,7129.051912383313
59000.0,59.0,7253.114831754365
58000.0,58.0,7161.396869646097
58000.0,58.0,7201.169355302318
58000.0,58.0,7178.710780426712
66000.0,66.0,38978.72170390958
68000.0,68.0,38858.210876918805
65000.0,65.0,42663.98291040318
65000.0,65.0,39850.34737549595
72000.0,72.0,43179.509177756794
423000.0,423.0,2834.877218191508
428000.0,428.0,3058.6259986780356
427000.0,427.0,3206.7278545328486
432000.0,432.0,3052.196030642299
430000.0,430.0,2857.247805590033
32000.0,32.0,8338.594508794115
31000.0,31.0,8528.68230644465
31000.0,31.0,8277.168784030102
31000.0,31.0,8476.46976237647
31000.0,31.0,8314.594924976107
28000.0,28.0,79265.8972989179
28000.0,28.0,74732.05112504243
28000.0,28.0,75350.0895838847
28000.0,28.0,52429.86481665862
28000.0,28.0,74335.11108802262
17000.0,17.0,33024.86251126696
17000.0,17.0,33018.27167531009
17000.0,17.0,33091.7533748333
17000.0,17.0,33030.2589442426
17000.0,17.0,33107.99018558016
76000.0,76.0,42877.89215232327
76000.0,76.0,43934.817606621546
76000.0,76.0,43692.89935193056
76000.0,76.0,42394.017238367436
76000.0,76.0,44113.24419080131
14000.0,14.0,87538.35759611908
17000.0,17.0,84870.37128041612
16000.0,16.0,84607.72169449803
17000.0,17.0,88110.86109618534
19000.0,19.0,83435.85674967524
657000.0,657.0,2356.414759383116
667000.0,667.0,2308.6497711855554
665000.0,665.0,2322.3586099083223
794000.0,794.0,2347.5904301149526
681000.0,681.0,2394.59268574894
100000.0,100.0,7495.5285086025615
100000.0,100.0,7405.437620084757
100000.0,100.0,7506.593014735313
100000.0,100.0,5266.292001815621
100000.0,100.0,7464.0633856175855
59000.0,59.0,25642.65633123252
59000.0,59.0,25874.917698316647
59000.0,59.0,25241.86874471609
59000.0,59.0,25626.930446580314
59000.0,59.0,25373.97909255677
10000.0,10.0,14440.254553615203
10000.0,10.0,14435.863514574328
10000.0,10.0,14703.58552310061
10000.0,10.0,14431.910156489223
10000.0,10.0,14667.68377437093
89000.0,89.0,9993.779988337279
90000.0,90.0,11760.594627004037
90000.0,90.0,8411.401965727982
90000.0,90.0,10086.851531360326
90000.0,90.0,9066.648147203045
3.18e6,3180.0,2058.035132792376
3.17e6,3170.0,2186.7598275458613
2.83e6,2830.0,2278.607384107199
2.69e6,2690.0,2197.8624513398886
3.15e6,3150.0,2095.653134253189
205000.0,205.0,30876.07358714382
242000.0,242.0,33152.896956658304
210000.0,210.0,34160.88684020166
233000.0,233.0,32913.34129337136
240000.0,240.0,31560.58338499338
31000.0,31.0,9288.929355668903
31000.0,31.0,8518.54359026186
32000.0,32.0,8825.713649227235
31000.0,31.0,8639.410898853981
30000.0,30.0,8594.439276477045
11000.0,11.0,15335.131205349266
13000.0,13.0,15250.335890017757
11000.0,11.0,15518.841222966414
11000.0,11.0,15222.530732211339
14000.0,14.0,15474.629966040451
1500.0,1.5,6108.135049901058
1600.0,1.6,5994.350473216509
1500.0,1.5,6103.500456233801
1500.0,1.5,6116.445578189844
1500.0,1.5,6022.827470228337
54000.0,54.0,30824.729743859672
55000.0,55.0,30930.7571686991
54000.0,54.0,33321.04701115838
55000.0,55.0,31753.598045702496
55000.0,55.0,33820.738907128325
65000.0,65.0,17467.803278328454
65000.0,65.0,17412.599277756563
65000.0,65.0,18779.1443404328
65000.0,65.0,17726.464807600194
65000.0,65.0,19023.9586496746
280000.0,280.0,2509.1957187845705
280000.0,280.0,2687.557717936409
280000.0,280.0,2819.7147803235307
280000.0,280.0,2685.2095716760937
281000.0,281.0,2525.866587916705
3.3e6,3300.0,4626.241974245075
3.36e6,3360.0,4617.244581015085
3.31e6,3310.0,4654.465153373416
3.27e6,3270.0,4715.166794709076
3.47e6,3470.0,4720.429655039032
290000.0,290.0,16706.672285491626
290000.0,290.0,16945.940123681376
290000.0,290.0,17496.38388344831
290000.0,290.0,17491.764181569564
290000.0,290.0,17864.241927656298
617000.0,617.0,2578.1674883978462
617000.0,617.0,2761.4322309352124
618000.0,618.0,2897.2219738627555
619000.0,619.0,2759.019539768466
618000.0,618.0,2595.2965997214646
48000.0,48.0,66234.33704409769
48000.0,48.0,62669.6208632909
48000.0,48.0,62209.22353785303
48000.0,48.0,63917.910845945786
48000.0,48.0,61861.47564527247
14000.0,14.0,15890.83859971317
20000.0,20.0,15721.258083503728
20000.0,20.0,16243.101426940424
16000.0,16.0,16248.144439218444
29000.0,29.0,16975.45119140503
103000.0,103.0,25883.83422498866
103000.0,103.0,25549.078982897925
103000.0,103.0,25229.370096476225
103000.0,103.0,26050.45863866326
103000.0,103.0,24874.93127299076
21000.0,21.0,36183.715056257715
18000.0,18.0,35116.96285407922
14000.0,14.0,35280.98971569141
15000.0,15.0,35351.26257136725
14000.0,14.0,34915.79830159047
8800.0,8.8,8761.940403007835
8800.0,8.8,8804.498570187987
8800.0,8.8,8675.964671825575
8800.0,8.8,8805.813165900126
8800.0,8.8,8694.460922025897
15000.0,15.0,9420.712300174848
15000.0,15.0,9584.655708762504
15000.0,15.0,9463.454664865007
15000.0,15.0,9516.01216471702
15000.0,15.0,9486.334196990692
6.88e6,6880.0,3035.667326740107
6.35e6,6350.0,2982.360011709862
5.58e6,5580.0,2534.3866394136526
5.39e6,5390.0,3073.50698213236
5.8e6,5800.0,3000.217282551069
272000.0,272.0,17258.70334315315
272000.0,272.0,18915.543581941816
272000.0,272.0,20519.5131496753
272000.0,272.0,18377.763243723548
272000.0,272.0,17782.621520173496
102000.0,102.0,95299.28878663725
102000.0,102.0,90937.76244020494
100000.0,100.0,92167.29441192804
102000.0,102.0,92199.53968346491
101000.0,101.0,91359.14897279783
140000.0,140.0,29096.23959691368
138000.0,138.0,28283.403664171685
207000.0,207.0,28781.82001749342
203000.0,203.0,28655.413459726584
180000.0,180.0,28452.872290095318
61000.0,61.0,17285.789372678493
61000.0,61.0,17552.68740112295
61000.0,61.0,17295.714206173456
61000.0,61.0,17644.407610530823
61000.0,61.0,17352.012709133178
46000.0,46.0,12257.344425341422
49000.0,49.0,11449.27863068631
48000.0,48.0,11456.210864893963
47000.0,47.0,11934.15867579114
44000.0,44.0,11490.032293008888
140000.0,140.0,38070.79516104461
140000.0,140.0,37954.075446889736
140000.0,140.0,40947.22093123431
140000.0,140.0,38645.59653337569
140000.0,140.0,41471.90108783318
60000.0,60.0,44190.80102995587
60000.0,60.0,42145.171191319016
60000.0,60.0,43572.45995640939
60000.0,60.0,42452.18008281676
60000.0,60.0,43004.534343863146
42000.0,42.0,13524.27933377393
42000.0,42.0,13873.363063596797
42000.0,42.0,13681.945674159731
42000.0,42.0,13747.236439265162
42000.0,42.0,13760.135602208093
28000.0,28.0,116812.80162398082
28000.0,28.0,107661.41534538896
28000.0,28.0,108344.79124867465
28000.0,28.0,111707.21667951356
28000.0,28.0,106090.87035821374
188000.0,188.0,5897.122708703104
189000.0,189.0,6016.078360289119
189000.0,189.0,5947.505979856446
188000.0,188.0,6004.299158753848
188000.0,188.0,5192.5319882861395
7000.0,7.0,8421.449161809707
7000.0,7.0,8417.727409483654
7500.0,7.5,8438.812167381398
7000.0,7.0,8410.17608707181
7000.0,7.0,8439.090323874787
11000.0,11.0,24800.694974698054
10000.0,10.0,24712.510312659135
10000.0,10.0,24841.366774249644
11000.0,11.0,24621.497546111445
10000.0,10.0,24795.848490702832
129000.0,129.0,49300.03746298313
128000.0,128.0,49464.04147343443
114000.0,114.0,53187.34038278932
115000.0,115.0,50783.77858317339
119000.0,119.0,53972.555095432595
11000.0,11.0,16613.368468196197
16000.0,16.0,16003.88134103453
13000.0,13.0,16387.492441225604
18000.0,18.0,16332.612567548125
19000.0,19.0,16123.429246449528
19000.0,19.0,11336.038449915575
19000.0,19.0,11420.986750679773
19000.0,19.0,11411.591323048762
18000.0,18.0,11531.384689291075
19000.0,19.0,11441.844690368967
21000.0,21.0,33611.945163652366
21000.0,21.0,34554.441652552625
21000.0,21.0,34087.1542702447
21000.0,21.0,34453.889493650626
22000.0,22.0,34256.571923748364
67000.0,67.0,33704.24469555253
67000.0,67.0,33792.11990266064
67000.0,67.0,36420.789702711976
66000.0,66.0,34681.10920306239
66000.0,66.0,36971.80158860571
156000.0,156.0,7713.66711369758
156000.0,156.0,7738.806311943034
156000.0,156.0,8321.812623205631
156000.0,156.0,7945.635983999539
156000.0,156.0,8446.876483277678
48000.0,48.0,60373.831779173255
49000.0,49.0,98281.88159931077
49000.0,49.0,65252.22328813223
49000.0,49.0,62187.92076510518
49000.0,49.0,66255.1187702174
24000.0,24.0,33137.47932197568
25000.0,25.0,33223.876833172355
25000.0,25.0,35808.3433278331
25000.0,25.0,34097.91702679247
24000.0,24.0,36350.08948295097
133000.0,133.0,41288.50355123381
133000.0,133.0,41304.222637681196
133000.0,133.0,41675.39087455647
133000.0,133.0,42477.371892832365
132000.0,132.0,36601.79225745856
61000.0,61.0,9724.085669955017
61000.0,61.0,9760.418418836824
61000.0,61.0,9686.88798250933
61000.0,61.0,9656.760053641367
61000.0,61.0,9717.191935972303
24000.0,24.0,49310.812832988086
24000.0,24.0,49265.88108754337
25000.0,25.0,49558.654852380736
24000.0,24.0,49397.258959322025
24000.0,24.0,49370.18488650195
27000.0,27.0,41605.09491212394
26000.0,26.0,41827.57164023283
27000.0,27.0,41820.82733003101
26000.0,26.0,42080.04401160502
26000.0,26.0,42066.507516011116
29000.0,29.0,52337.612309168115
29000.0,29.0,51597.582322053895
29000.0,29.0,52050.64372935181
29000.0,29.0,52004.78568192005
29000.0,29.0,51489.67100892922
1.7e6,1700.0,3262.260514490592
1.71e6,1710.0,3447.613329445666
1.71e6,1710.0,3550.6565562142614
1.71e6,1710.0,3425.6662092040838
1.71e6,1710.0,3322.903654477006
36000.0,36.0,11923.263217716367
37000.0,37.0,11841.799880665536
37000.0,37.0,12342.332501857813
37000.0,37.0,12191.037300236474
39000.0,39.0,12739.140688012354
265000.0,265.0,14708.154334132916
264000.0,264.0,10587.329169726321
264000.0,264.0,15789.527351710349
265000.0,265.0,15182.823518815487
265000.0,265.0,14821.411003453682
121000.0,121.0,36776.731456350186
121000.0,121.0,43286.32737076583
121000.0,121.0,31021.955884863924
120000.0,120.0,37139.34962651187
120000.0,120.0,33452.53212867304
42000.0,42.0,45750.683549814006
42000.0,42.0,45448.69193909258
42000.0,42.0,44893.67411853325
42000.0,42.0,46666.11430720873
42000.0,42.0,45571.53919172093
185000.0,185.0,9297.535072972307
185000.0,185.0,10872.28194227171
185000.0,185.0,7801.567539140685
185000.0,185.0,9247.704955842551
185000.0,185.0,8390.958027554967
120000.0,120.0,43584.28579658296
120000.0,120.0,43768.453831852865
120000.0,120.0,47118.07944960455
120000.0,120.0,44973.62041773112
120000.0,120.0,47842.03561811611
175000.0,175.0,11763.431260278798
175000.0,175.0,11801.768827371083
175000.0,175.0,12690.860172091925
175000.0,175.0,12117.18646128768
175000.0,175.0,12881.58400025534
63000.0,63.0,24053.54865999854
74000.0,74.0,27976.362128355944
59000.0,59.0,20049.053374948726
69000.0,69.0,24007.097490795775
74000.0,74.0,26385.443802280948
15000.0,15.0,11980.920735108642
14000.0,14.0,12039.525079496854
15000.0,15.0,11859.525623733844
15000.0,15.0,12048.852955093456
14000.0,14.0,11889.725593274638
140000.0,140.0,15219.81704690073
140000.0,140.0,14794.634468091046
140000.0,140.0,15055.34876711493
140000.0,140.0,14989.227346979804
140000.0,140.0,14883.281025772712
277000.0,277.0,18296.187341209778
276000.0,276.0,19675.566851205433
277000.0,277.0,20418.427145308684
277000.0,277.0,19645.57575429504
276000.0,276.0,18674.44207347595
212000.0,212.0,33160.50358924316
212000.0,212.0,33283.707467179316
212000.0,212.0,35827.34389867772
212000.0,212.0,34173.22830428769
212000.0,212.0,36380.339619590864
14000.0,14.0,8999.075097570782
38000.0,38.0,9116.175002850026
13000.0,13.0,9122.222390543384
17000.0,17.0,9228.170831764754
13000.0,13.0,9146.221886529698
129000.0,129.0,2893.908404922772
132000.0,132.0,2883.4644349833925
136000.0,136.0,3111.057291868448
128000.0,128.0,2934.212085696165
138000.0,138.0,3150.9290858656273
15000.0,15.0,9450.579084431807
15000.0,15.0,9496.482081499264
14000.0,14.0,9357.846149772626
14000.0,14.0,9497.899996957505
15000.0,15.0,9377.796100039754
4.13e6,4130.0,228.29518944495123
4.73e6,4730.0,230.3319535697605
4.39e6,4390.0,232.14368552158606
3.8e6,3800.0,236.83598580531546
4.41e6,4410.0,229.58241286622308
100000.0,100.0,12621.288958001938
100000.0,100.0,12469.590097119564
101000.0,101.0,12639.919842924695
101000.0,101.0,12744.212906488776
100000.0,100.0,12568.306648770946
42000.0,42.0,17573.92088025191
41000.0,41.0,17605.644137744715
41000.0,41.0,17669.619397535935
41000.0,41.0,17713.549501296282
42000.0,42.0,17632.01082956499
39000.0,39.0,42959.49937478237
39000.0,39.0,40970.86753906651
39000.0,39.0,42358.387325593336
39000.0,39.0,41269.32214896168
39000.0,39.0,41806.28599616585
17000.0,17.0,9003.651494209918
16000.0,16.0,9026.986182898627
18000.0,18.0,9709.864608895547
22000.0,22.0,9259.728472820481
25000.0,25.0,9854.312963070144
305000.0,305.0,1836.239595168508
305000.0,305.0,1899.9919187795913
305000.0,305.0,1726.6763083835187
305000.0,305.0,1789.12766235986
305000.0,305.0,1781.7521375998601
230000.0,230.0,16731.232732683187
230000.0,230.0,16970.85231806735
230000.0,230.0,17522.105284159912
230000.0,230.0,17517.478790866222
230000.0,230.0,17890.504115779935
36000.0,36.0,55622.053444866106
39000.0,39.0,55675.359538708435
39000.0,39.0,55578.714811713224
36000.0,36.0,55645.58582733243
37000.0,37.0,55602.57563832999
83000.0,83.0,42509.56887650176
76000.0,76.0,38683.999511844195
82000.0,82.0,39356.66135003456
75000.0,75.0,41177.55398478742
75000.0,75.0,39398.68674656319
125000.0,125.0,60637.31456639873
125000.0,125.0,60861.367301203376
125000.0,125.0,65582.1724155659
125000.0,125.0,62543.61375024535
125000.0,125.0,66576.15529076164
71000.0,71.0,27038.646721304733
68000.0,68.0,25462.751498679372
73000.0,73.0,26278.00418889481
60000.0,60.0,25726.95764124739
59000.0,59.0,25458.990575039366
3000.0,3.0,32256.364151044345
3000.0,3.0,32394.01390693908
3000.0,3.0,31946.43655215647
3000.0,3.0,32397.774991037888
3000.0,3.0,32003.493788462794
83000.0,83.0,9547.367724864305
97000.0,97.0,9518.096835536575
127000.0,127.0,10268.715793511361
119000.0,119.0,9691.516016151292
127000.0,127.0,10400.294720922746
14000.0,14.0,3646.4991434775625
14000.0,14.0,3775.3795341658197
14000.0,14.0,3741.174937915807
14000.0,14.0,3639.5276698140506
14000.0,14.0,3804.675280106222
2.59e6,2590.0,23676.87818048176
2.59e6,2590.0,25944.279500619985
2.58e6,2580.0,28140.71100297873
2.58e6,2580.0,25194.04216691986
2.58e6,2580.0,24388.95755136818
3.55e6,3550.0,238.346358210274
4.75e6,4750.0,236.26510194160917
4.75e6,4750.0,238.11658044280148
4.75e6,4750.0,242.9446092606732
5.15e6,5150.0,239.75519800985663
282000.0,282.0,38057.94566636608
237000.0,237.0,39906.18799778554
278000.0,278.0,40947.63586095608
272000.0,272.0,39383.6841545061
195000.0,195.0,39210.28525268604
210000.0,210.0,37210.76325763989
210000.0,210.0,37359.956487421034
210000.0,210.0,40214.06379148397
210000.0,210.0,38369.436251765546
210000.0,210.0,40834.709592435065
255000.0,255.0,26587.671775908715
255000.0,255.0,26690.401792193457
256000.0,256.0,28735.455207964907
255000.0,255.0,27418.66373994383
255000.0,255.0,29184.636304115033
90000.0,90.0,9465.37196091844
90000.0,90.0,9707.541992278533
90000.0,90.0,9558.618020496831
90000.0,90.0,9741.333316963954
90000.0,90.0,9605.993108069008
180000.0,180.0,27421.72846034637
184000.0,184.0,27527.681122731807
185000.0,185.0,29636.887973442274
184000.0,184.0,28278.788686700933
178000.0,178.0,30100.15990458257
70000.0,70.0,17586.76746363751
83000.0,83.0,17892.82018153802
75000.0,75.0,17666.559734614493
76000.0,76.0,17764.675089262397
64000.0,64.0,17709.271686572087
147000.0,147.0,66352.96702274012
147000.0,147.0,69582.65257645222
147000.0,147.0,75438.3315848046
147000.0,147.0,68655.40049431662
147000.0,147.0,76617.55328941182
15000.0,15.0,57059.64999203147
14000.0,14.0,57450.003569718654
14000.0,14.0,57398.96598130977
14000.0,14.0,57533.19033329186
14000.0,14.0,57425.47987745854
82000.0,82.0,36453.59887938153
81000.0,81.0,36548.64232510467
81000.0,81.0,39391.74043761214
81000.0,81.0,37510.14909250551
81000.0,81.0,39987.69998061869
14000.0,14.0,15908.277217379102
14000.0,14.0,15988.987777802933
15000.0,15.0,15757.557211037862
12000.0,12.0,15999.38903088703
16000.0,16.0,15790.080300752421
1.22e6,1220.0,5427.535496753521
1.21e6,1210.0,5889.984069043334
1.21e6,1210.0,6175.760352170016
1.22e6,1220.0,5893.1795967226835
1.21e6,1210.0,5543.547599913929
43000.0,43.0,27635.372108640568
44000.0,44.0,27711.526746611995
44000.0,44.0,29866.149236831276
43000.0,43.0,28442.34201869305
44000.0,44.0,30310.238217622056
22000.0,22.0,8852.111904657972
24000.0,24.0,8948.64604087306
24000.0,24.0,8925.488717291328
24000.0,24.0,8938.315416739113
24000.0,24.0,8948.898948457776
652000.0,652.0,3690.7777779755797
602000.0,602.0,3929.041975068914
627000.0,627.0,4043.5715416263747
652000.0,652.0,3899.229719288246
576000.0,576.0,3764.04485926849
51000.0,51.0,59339.4254708723
51000.0,51.0,56184.794145612526
51000.0,51.0,58222.707368009396
51000.0,51.0,56402.91319778209
51000.0,51.0,56860.938476626354
2.52e6,2520.0,265.22028284062804
2.51e6,2510.0,266.2366251607492
2.42e6,2420.0,267.7136456907943
2.59e6,2590.0,273.5369138963537
2.59e6,2590.0,267.5427899875734
113000.0,113.0,61727.50592826277
113000.0,113.0,58606.89882758811
113000.0,113.0,58989.72714634087
112000.0,112.0,59678.65818503361
112000.0,112.0,58344.20414235552
42000.0,42.0,33019.78911725152
24000.0,24.0,33035.081045075196
35000.0,35.0,33651.45524445355
13000.0,13.0,33058.29094796626
25000.0,25.0,33563.17638651754
65000.0,65.0,35858.08959304702
66000.0,66.0,35825.415896120045
66000.0,66.0,36038.316622895494
65000.0,65.0,35920.951930229596
66000.0,66.0,35901.264067202115
76000.0,76.0,75213.50148968045
77000.0,77.0,73510.34469810275
76000.0,76.0,72415.471916331
76000.0,76.0,74124.03113347296
76000.0,76.0,71898.35840555256
84000.0,84.0,47962.314829242074
83000.0,83.0,46584.625051105926
89000.0,89.0,47645.58975889617
85000.0,85.0,47449.11545017437
86000.0,86.0,47032.033484974716
1.71e6,1710.0,2382.4697816365574
1.61e6,1610.0,2398.5761174932763
1.63e6,1630.0,2408.7968542622166
1.7e6,1700.0,2435.8121660325874
1.65e6,1650.0,2415.9882109345513
83000.0,83.0,17598.75680755587
83000.0,83.0,17644.7542355842
83000.0,83.0,17388.400202395194
83000.0,83.0,17581.38569014795
83000.0,83.0,17482.984996573607
450000.0,450.0,10667.060912576144
450000.0,450.0,12477.421904549885
450000.0,450.0,8953.12630869083
450000.0,450.0,10616.047777762387
450000.0,450.0,9629.500495548484
65000.0,65.0,42758.53661476614
65000.0,65.0,40866.34590127421
65000.0,65.0,40464.98936699144
65000.0,65.0,41121.52812187015
65000.0,65.0,40048.90976000034
194000.0,194.0,38592.03953314202
195000.0,195.0,37410.577502721
194000.0,194.0,37947.35543159346
194000.0,194.0,38221.430677496224
194000.0,194.0,37676.16406185384
841000.0,841.0,2233.873949130404
841000.0,841.0,2231.8856160531177
842000.0,842.0,2250.3560965732645
841000.0,841.0,2275.9618425154317
841000.0,841.0,2270.767333537131
28000.0,28.0,45329.62633125901
103000.0,103.0,43318.73618360473
56000.0,56.0,43452.02246201146
76000.0,76.0,43866.08808632464
97000.0,97.0,42836.34703019216
20000.0,20.0,73104.97299828895
20000.0,20.0,70977.7855377192
19000.0,19.0,72634.78167304459
20000.0,20.0,71408.79357575072
20000.0,20.0,71373.70176692845
97000.0,97.0,10571.913061178275
98000.0,98.0,10667.66940360108
97000.0,97.0,10406.677000377102
98000.0,98.0,10565.429618776448
98000.0,98.0,10461.143241854303
245000.0,245.0,51924.65164046539
238000.0,238.0,52759.683703797586
183000.0,183.0,48089.8972096372
243000.0,243.0,49982.0227854214
191000.0,191.0,50900.86705616038
120000.0,120.0,46024.60683529107
119000.0,119.0,46188.482429810814
120000.0,120.0,49746.52339668688
120000.0,120.0,47431.908735106495
120000.0,120.0,50500.226889968035
75000.0,75.0,16293.727978610565
49000.0,49.0,16233.85720120604
50000.0,50.0,17829.406798168973
51000.0,51.0,16634.833248282415
80000.0,80.0,18042.243275231533
600000.0,600.0,3394.3465373471327
512000.0,512.0,3359.161851811724
581000.0,581.0,3099.766743904213
577000.0,577.0,3457.5679739834786
581000.0,581.0,3358.864577840858
32000.0,32.0,41370.226647156036
32000.0,32.0,40913.3879186101
31000.0,31.0,41345.450258775
31000.0,31.0,40302.606298291714
31000.0,31.0,40801.70347552458
22000.0,22.0,47552.442083548696
22000.0,22.0,47542.74929347288
22000.0,22.0,47582.529552707194
22000.0,22.0,47182.40162068917
22000.0,22.0,47482.87199215425
70000.0,70.0,23733.496158022077
70000.0,70.0,22870.704110527055
70000.0,70.0,22619.66039453294
70000.0,70.0,22968.79188500923
70000.0,70.0,22460.71023854102
68000.0,68.0,26291.598881498434
68000.0,68.0,25721.372967155785
68000.0,68.0,25910.705705527183
68000.0,68.0,25902.953120301332
68000.0,68.0,25609.33014597394
73000.0,73.0,63661.44121549742
66000.0,66.0,61715.19623524906
58000.0,58.0,62947.237508695
72000.0,72.0,62311.763410025786
60000.0,60.0,62123.38784847983
458000.0,458.0,2822.0981969091304
459000.0,459.0,2789.8006480222584
474000.0,474.0,2878.8719988666276
463000.0,463.0,2860.4386582266566
430000.0,430.0,2984.571819343443
120000.0,120.0,43571.48650591732
120000.0,120.0,43746.18248710898
120000.0,120.0,47088.16440305061
120000.0,120.0,44928.22042665871
120000.0,120.0,47814.90198577254
229000.0,229.0,12404.738755596414
228000.0,228.0,12443.073011229952
229000.0,229.0,13392.224748220018
229000.0,229.0,12780.046358511156
229000.0,229.0,13587.12742691355
44000.0,44.0,31298.43772709457
44000.0,44.0,31330.199475738842
44000.0,44.0,31165.706891826267
44000.0,44.0,30890.794969811046
44000.0,44.0,31210.741014523188
80000.0,80.0,12014.379781727996
86000.0,86.0,11932.29390877995
81000.0,81.0,12436.651557717236
79000.0,79.0,12284.200171025455
80000.0,80.0,12836.492118300983
429000.0,429.0,14075.785829233575
450000.0,450.0,7761.32308764451
428000.0,428.0,6992.5691114068295
379000.0,379.0,7223.24844040699
395000.0,395.0,6327.869149832016
141000.0,141.0,27421.72846034637
141000.0,141.0,27527.681122731807
141000.0,141.0,29636.887973442274
141000.0,141.0,28278.788686700933
141000.0,141.0,30100.15990458257
150000.0,150.0,23949.38113278054
150000.0,150.0,28183.86363015776
150000.0,150.0,20197.757794269564
150000.0,150.0,24185.158839887103
150000.0,150.0,21776.576907670235
90000.0,90.0,9592.677446500713
91000.0,91.0,8960.705038353632
97000.0,97.0,9333.798847877548
93000.0,93.0,8964.157052209428
110000.0,110.0,9121.95347976262
35000.0,35.0,66352.96702274012
34000.0,34.0,66672.00329176552
35000.0,35.0,71264.38247070745
35000.0,35.0,68482.89392172289
34000.0,34.0,72490.01842480668
48000.0,48.0,25528.215029000858
48000.0,48.0,24311.88211318766
48000.0,48.0,24485.81404482169
48000.0,48.0,24841.451181844124
48000.0,48.0,24253.0219485069
79000.0,79.0,70257.52522550899
79000.0,79.0,65665.3557144606
79000.0,79.0,65783.68376008778
78000.0,78.0,68483.58248687917
80000.0,80.0,66017.09859219099
9.4e6,9400.0,242.1229627399708
7.1e6,7100.0,246.07204029176657
9.4e6,9400.0,247.82967177458013
9.41e6,9410.0,252.7094202301425
8.97e6,8970.0,243.78984930885602
220000.0,220.0,9322.69831282344
175000.0,175.0,9465.221708789406
160000.0,160.0,8616.878760453601
150000.0,150.0,8895.80859901064
204000.0,204.0,9047.500635827793
140000.0,140.0,57957.11744945651
140000.0,140.0,54273.6965993907
140000.0,140.0,55126.49415864727
140000.0,140.0,56574.10574723614
140000.0,140.0,54317.67552253883
118000.0,118.0,52238.240207220435
118000.0,118.0,50369.550281116055
118000.0,118.0,49876.23154109198
118000.0,118.0,50613.12784395644
118000.0,118.0,49555.17688783258
2.93e6,2930.0,258.1971281131195
3.08e6,3080.0,252.673847239667
3.04e6,3040.0,259.8169415082678
2.79e6,2790.0,257.0421793179451
3.17e6,3170.0,257.54219275250534
1.64e6,1640.0,424.45173106229254
1.64e6,1640.0,418.5579742529309
1.64e6,1640.0,414.8739394079477
1.64e6,1640.0,420.28380690661515
1.64e6,1640.0,431.25394047724313
174000.0,174.0,2977.090782611717
174000.0,174.0,3242.710958355442
174000.0,174.0,3522.155202664405
174000.0,174.0,3123.763899102169
174000.0,174.0,3044.0929943370693
32000.0,32.0,8264.069200074951
31000.0,31.0,8452.458108087829
33000.0,33.0,8203.192461245744
35000.0,35.0,8400.712208123952
34000.0,34.0,8240.28411000542
587000.0,587.0,1984.8146899628457
430000.0,430.0,2104.8816972271184
569000.0,569.0,2188.2686850008986
374000.0,374.0,2109.5224844593627
356000.0,356.0,2019.9232582627353
119000.0,119.0,16611.02308352368
119000.0,119.0,16848.921063168975
119000.0,119.0,17396.213416991606
119000.0,119.0,17391.620163874806
119000.0,119.0,17761.96539676231
124000.0,124.0,15992.098123935648
107000.0,107.0,17072.04459752555
91000.0,91.0,17589.463902650114
144000.0,144.0,16903.884514936184
137000.0,137.0,16130.838622730267
150000.0,150.0,23808.597994341326
150000.0,150.0,23900.590165761612
150000.0,150.0,25731.884574066095
150000.0,150.0,24552.730604935958
150000.0,150.0,26134.11506024903
14000.0,14.0,9293.98999522454
13000.0,13.0,9360.127375259015
13000.0,13.0,9233.869227542844
14000.0,14.0,9427.358951420514
14000.0,14.0,9233.554965254374
14000.0,14.0,30460.587940412035
14000.0,14.0,30453.314642288977
14000.0,14.0,30386.79713941355
14000.0,14.0,30423.534416329017
14000.0,14.0,30374.697544468698
19000.0,19.0,14440.254553615203
20000.0,20.0,14435.863514574328
20000.0,20.0,14703.58552310061
20000.0,20.0,14431.910156489223
19000.0,19.0,14667.68377437093
38000.0,38.0,39679.17960607805
40000.0,40.0,37569.7358096027
40000.0,40.0,38932.45080273622
38000.0,38.0,37715.58799771989
38000.0,38.0,38021.86105579503
138000.0,138.0,32182.94162667382
132000.0,132.0,33885.835963956386
135000.0,135.0,34835.15702762099
126000.0,126.0,33545.93695612082
129000.0,129.0,32886.27131656619
36000.0,36.0,80287.13053104834
41000.0,41.0,74971.14474575833
30000.0,30.0,75188.98029537837
48000.0,48.0,78316.65315340752
42000.0,42.0,74531.03512564603
221000.0,221.0,55377.22158194322
222000.0,222.0,65212.902853203894
221000.0,221.0,46713.829828550704
222000.0,222.0,55973.11005064683
223000.0,223.0,50371.659783044575
80000.0,80.0,106860.59149062833
80000.0,80.0,108451.43256784228
80000.0,80.0,105371.69106064334
80000.0,80.0,108054.17994770134
80000.0,80.0,105145.01383753876
122000.0,122.0,45770.38249811865
122000.0,122.0,43368.68279842026
121000.0,121.0,44191.855490931026
121000.0,121.0,43604.923633752944
122000.0,122.0,43788.35079538272
43000.0,43.0,40909.377480324445
43000.0,43.0,41112.44930590428
43000.0,43.0,43944.83498620323
43000.0,43.0,49538.31613179165
44000.0,44.0,44684.18602789277
116000.0,116.0,32194.41063287105
115000.0,115.0,32100.408540762484
116000.0,116.0,35251.441962850564
116000.0,116.0,32919.262601206625
115000.0,115.0,35671.91474842473
3100.0,3.1,40759.91699628556
3200.0,3.2,40513.563514555055
3900.0,3.9,41246.4732007698
3600.0,3.6,40424.5825582357
3400.0,3.4,41130.76967295676
105000.0,105.0,32422.17919961742
105000.0,105.0,32392.6362856222
105000.0,105.0,32585.136934529626
105000.0,105.0,32479.018088252342
105000.0,105.0,32461.216709808064
661000.0,661.0,15761.51856281173
667000.0,667.0,17288.75454304485
665000.0,665.0,18746.26420559655
661000.0,661.0,16806.075774831934
666000.0,666.0,16243.337611507592
12000.0,12.0,71397.364308202
13000.0,13.0,71132.46671747963
13000.0,13.0,71502.46720241045
13000.0,13.0,70875.54705136614
13000.0,13.0,71397.69400202864
111000.0,111.0,14077.534560698972
111000.0,111.0,13365.8509498114
111000.0,111.0,13453.158525372923
111000.0,111.0,13610.275686698158
111000.0,111.0,13305.940972003913
43000.0,43.0,54225.297963067176
42000.0,42.0,53232.45524942252
43000.0,43.0,52823.051082550366
42000.0,42.0,54665.62264104441
43000.0,43.0,52701.28458680051
116000.0,116.0,66352.96702274012
116000.0,116.0,69582.65257645222
116000.0,116.0,75438.3315848046
116000.0,116.0,68655.40049431662
116000.0,116.0,76617.55328941182
112000.0,112.0,21244.676744232172
112000.0,112.0,19866.26157855155
112000.0,112.0,20452.41016609264
112000.0,112.0,20458.317818589392
112000.0,112.0,20201.2530528907
92000.0,92.0,36416.780589083166
96000.0,96.0,36560.95302861797
99000.0,99.0,39376.244976072885
105000.0,105.0,37565.723135066466
95000.0,95.0,39982.95807613927
15000.0,15.0,26168.957267307072
17000.0,17.0,26102.69828108372
13000.0,13.0,26210.34442285586
15000.0,15.0,26002.68710084791
14000.0,14.0,26173.29106738305
370000.0,370.0,2855.9230423078807
319000.0,319.0,3059.1837992767014
319000.0,319.0,2802.8778498896872
319000.0,319.0,2873.443071843596
318000.0,318.0,2811.425091664296
40000.0,40.0,10399.056472955966
40000.0,40.0,10431.192586181407
40000.0,40.0,11226.879033823116
40000.0,40.0,10713.681797546478
40000.0,40.0,11390.26852572596
1.02e6,1020.0,2652.9785468092155
1.02e6,1020.0,2667.227038109938
1.02e6,1020.0,2698.0427441365973
1.01e6,1010.0,2755.741975042706
1.02e6,1020.0,2675.69416811323
16000.0,16.0,71433.82583339732
16000.0,16.0,71179.82618557729
16000.0,16.0,71550.97344754534
16000.0,16.0,70917.6807045407
16000.0,16.0,71419.86643048655
751000.0,751.0,3394.3465373471327
751000.0,751.0,3359.161851811724
750000.0,750.0,3099.766743904213
751000.0,751.0,3457.5679739834786
751000.0,751.0,3358.864577840858
33000.0,33.0,50535.89464120836
31000.0,31.0,50767.95009268029
31000.0,31.0,54258.01172161351
33000.0,33.0,52120.74790904258
32000.0,32.0,55194.90598029111
1.64e6,1640.0,13860.388612492765
1.63e6,1630.0,14688.810833803853
1.62e6,1620.0,15144.863270960892
1.63e6,1630.0,14562.031211087191
1.67e6,1670.0,13963.333918552049
182000.0,182.0,66352.96702274012
175000.0,175.0,69582.65257645222
186000.0,186.0,75438.3315848046
182000.0,182.0,68655.40049431662
194000.0,194.0,76617.55328941182
225000.0,225.0,52117.07020332419
225000.0,225.0,52303.33803608018
225000.0,225.0,56373.18165362144
225000.0,225.0,53732.38971076555
225000.0,225.0,57218.87536411977
465000.0,465.0,18227.23217427932
465000.0,465.0,19601.413041377502
465000.0,465.0,20341.473623462585
465000.0,465.0,19571.53497572632
465000.0,465.0,18604.06132985462
71000.0,71.0,50619.47893014912
72000.0,72.0,50792.19458044059
71000.0,71.0,54706.7812080755
72000.0,72.0,52156.270233025156
72000.0,72.0,55549.85044158408
378000.0,378.0,37511.11510623666
377000.0,377.0,38941.12962605056
378000.0,378.0,40359.2851693524
378000.0,378.0,38817.80489620444
376000.0,376.0,38278.76099331115
5.29e6,5290.0,2381.269637166952
5.3e6,5300.0,2359.523117559672
5.3e6,5300.0,2386.7392110641554
5.3e6,5300.0,2432.87274479405
5.3e6,5300.0,2003.3979459628638
4.16e6,4160.0,495.2158888160768
4.14e6,4140.0,484.86133316175017
4.1e6,4100.0,485.85390476516676
4.11e6,4110.0,492.39711149179345
4.18e6,4180.0,505.5326327686118
15000.0,15.0,28087.991432147184
15000.0,15.0,27918.227237466497
15000.0,15.0,28423.281283303084
17000.0,17.0,27856.90973431873
15000.0,15.0,28343.54903806377
89000.0,89.0,36691.25360630976
89000.0,89.0,38092.51267710452
89000.0,89.0,35026.905988315615
89000.0,89.0,35945.41862280719
89000.0,89.0,35963.91613329432
29000.0,29.0,13489.874171674988
29000.0,29.0,12759.9509102463
29000.0,29.0,13207.49149632103
29000.0,29.0,12877.92822441153
29000.0,29.0,12992.609095518983
575000.0,575.0,998.0969328657609
575000.0,575.0,1015.5230756281252
575000.0,575.0,1018.3868244381789
575000.0,575.0,1033.2237283292263
575000.0,575.0,1013.3367211136795
118000.0,118.0,10621.331058603813
118000.0,118.0,9921.119493656566
118000.0,118.0,9927.126468082692
118000.0,118.0,10341.281586199357
118000.0,118.0,9956.433679532245
52000.0,52.0,19599.140942532595
52000.0,52.0,18812.223265992878
52000.0,52.0,19047.784199229285
52000.0,52.0,18970.483644498505
52000.0,52.0,18849.291539768496
51000.0,51.0,17789.37376332056
49000.0,49.0,17245.52054970219
51000.0,51.0,17589.798691803564
51000.0,51.0,17412.223600157908
47000.0,47.0,17359.58446399899
129000.0,129.0,39183.148394965094
129000.0,129.0,39756.939552688724
129000.0,129.0,39344.50758837654
128000.0,128.0,39336.37515535988
129000.0,129.0,39373.445742119104
51000.0,51.0,57483.441710858446
51000.0,51.0,55810.805070932554
51000.0,51.0,57113.72383081398
51000.0,51.0,56149.71259548188
52000.0,52.0,56122.11942549315
116000.0,116.0,3161.6779108157652
117000.0,117.0,10742.620465819222
115000.0,115.0,9741.2552937308
116000.0,116.0,3283.185443271978
117000.0,117.0,3390.3157404315734
130000.0,130.0,37662.16526819348
130000.0,130.0,39165.31902646988
130000.0,130.0,38589.85389007768
130000.0,130.0,37699.92813466804
130000.0,130.0,39311.431950929466
20000.0,20.0,42067.90377740261
21000.0,21.0,42211.44111739259
21000.0,21.0,45464.70363727939
20000.0,20.0,43345.07197473923
21000.0,21.0,46165.34608051488
101000.0,101.0,53972.540619004416
101000.0,101.0,52402.063168413944
101000.0,101.0,53625.40390094492
99000.0,99.0,52720.271326979535
101000.0,101.0,52694.36345779673
18000.0,18.0,25428.492493500133
20000.0,20.0,25635.810055879472
17000.0,17.0,25608.51927047581
17000.0,17.0,25913.24438519025
18000.0,18.0,25683.7141103999
45000.0,45.0,30292.05709977842
45000.0,45.0,29601.919965038538
45000.0,45.0,29609.641314720928
45000.0,45.0,30022.682665251912
45000.0,45.0,29332.668767290746
86000.0,86.0,11666.374530659901
85000.0,85.0,11772.044086200685
86000.0,86.0,11484.032341491109
85000.0,85.0,11659.2198873262
86000.0,86.0,11544.137222100062
39000.0,39.0,53418.98568754875
39000.0,39.0,49881.99829366246
40000.0,40.0,50026.935023004095
39000.0,39.0,52107.92995373936
39000.0,39.0,49589.171668246585
17000.0,17.0,15462.849573927473
17000.0,17.0,15631.475190404091
17000.0,17.0,15591.024028586911
17000.0,17.0,15613.429678925191
17000.0,17.0,15631.916968815924
260000.0,260.0,13184.525294175712
260000.0,260.0,13137.048711491443
260000.0,260.0,14176.308182578954
260000.0,260.0,13369.950559503779
260000.0,260.0,14353.361702907492
118000.0,118.0,53138.58245294165
118000.0,118.0,50099.164910856656
119000.0,119.0,50513.487951702744
119000.0,119.0,50555.469588249034
119000.0,119.0,49833.06269534137
19000.0,19.0,12221.463198129826
19000.0,19.0,11560.172354087646
19000.0,19.0,11965.632088757857
19000.0,19.0,11667.056627798082
20000.0,20.0,11770.954412753857
2.06e6,2060.0,601.8990680227766
2.06e6,2060.0,644.1339502637938
2.06e6,2060.0,676.5975595995782
2.06e6,2060.0,646.8903988336996
2.06e6,2060.0,612.9663683067579
112000.0,112.0,78471.29376851517
113000.0,113.0,76701.04914524607
112000.0,112.0,78140.96796482358
112000.0,112.0,77291.97611812344
112000.0,112.0,77371.92112131027
61000.0,61.0,7807.511668161225
61000.0,61.0,7899.709445067645
61000.0,61.0,7818.790920857633
61000.0,61.0,7899.594106607045
61000.0,61.0,7863.113650540513
145000.0,145.0,1283.215806728872
145000.0,145.0,1340.3457383586426
145000.0,145.0,1375.7529548403975
145000.0,145.0,1373.203589598988
145000.0,145.0,1377.267235845711
1.21e6,1210.0,10625.943839278578
1.21e6,1210.0,15454.417399399745
1.19e6,1190.0,15933.776892538883
1.13e6,1130.0,15321.530351026806
1.25e6,1250.0,14956.816052892837
178000.0,178.0,7166.255142361633
178000.0,178.0,7746.786886473457
178000.0,178.0,8051.931247855152
178000.0,178.0,7781.273788559297
178000.0,178.0,7318.2439466673
32000.0,32.0,19181.2979203141
32000.0,32.0,19244.42618082597
32000.0,32.0,20732.33403220285
32000.0,32.0,19755.134834062428
32000.0,32.0,21048.62769847054
46000.0,46.0,9629.765828091164
46000.0,46.0,9851.541390540902
46000.0,46.0,9737.966500885066
46000.0,46.0,9728.385170314572
46000.0,46.0,9777.182526366552
156000.0,156.0,106467.63953812228
195000.0,195.0,103103.57879639129
157000.0,157.0,101624.6120561971
166000.0,166.0,104821.60281795346
159000.0,159.0,101436.94715793649
45000.0,45.0,55040.38663191765
45000.0,45.0,50751.8423785938
45000.0,45.0,51106.525214720765
45000.0,45.0,52745.63382040606
45000.0,45.0,51324.22340462378
81000.0,81.0,97447.33799401112
95000.0,95.0,97087.59836287529
78000.0,78.0,95686.42488661232
83000.0,83.0,98538.1086484188
92000.0,92.0,95557.86781446282
181000.0,181.0,43484.56665041753
182000.0,182.0,43661.981070645415
181000.0,181.0,47013.348116488334
181000.0,181.0,44875.79954292487
181000.0,181.0,47745.00536236926
473000.0,473.0,1769.1368293602807
465000.0,465.0,1863.1602190915191
473000.0,473.0,1693.25358591499
446000.0,446.0,1754.3877698019153
456000.0,456.0,1716.1755433927792
160000.0,160.0,7312.888941326153
160000.0,160.0,7905.299354752362
160000.0,160.0,8216.687490051274
160000.0,160.0,7940.491917656424
160000.0,160.0,7467.987695714911
118000.0,118.0,14500.285757447546
118000.0,118.0,13412.662785397899
118000.0,118.0,14033.5086109176
118000.0,118.0,13897.780015106582
118000.0,118.0,13835.065043044198
152000.0,152.0,2794.974635867018
152000.0,152.0,3015.5740192381854
152000.0,152.0,3161.5912534177687
152000.0,152.0,3009.2345568254946
152000.0,152.0,2817.0303439474587
43000.0,43.0,76878.93581565692
44000.0,44.0,72844.88350968846
44000.0,44.0,74227.5383432009
43000.0,43.0,73241.6891080975
43000.0,43.0,73549.78539692282
9000.0,9.0,54699.71533423878
9000.0,9.0,56531.64270359498
9000.0,9.0,54815.72429355093
9000.0,9.0,56426.17228570612
9000.0,9.0,55203.78828459347
29000.0,29.0,14064.023842782277
27000.0,27.0,14292.767674041454
27000.0,27.0,14012.566762623796
27000.0,27.0,14291.219473594696
28000.0,28.0,14078.807265898486
102000.0,102.0,68883.29539071704
118000.0,118.0,66291.37755372467
198000.0,198.0,66380.73194074092
127000.0,127.0,67739.62984583594
158000.0,158.0,65607.81596391802
5.32e6,5320.0,295.74439765405873
5.07e6,5070.0,291.68306752482744
5.73e6,5730.0,293.2927331101994
5.31e6,5310.0,299.6908962266656
5.34e6,5340.0,298.4150345677542
397000.0,397.0,18667.446010152293
397000.0,397.0,19786.121165612152
397000.0,397.0,20608.92516239056
397000.0,397.0,19814.01799121421
397000.0,397.0,18918.480947529064
184000.0,184.0,7351.961269792956
185000.0,185.0,7947.536896645245
184000.0,184.0,8260.588760137038
185000.0,185.0,7982.917491309184
184000.0,184.0,7507.888707554986
28000.0,28.0,10711.843044647356
28000.0,28.0,10667.299724752129
28000.0,28.0,10513.791598084736
28000.0,28.0,10820.97974591877
27000.0,27.0,10535.227082913887
14000.0,14.0,21778.454189620574
12000.0,12.0,21771.831727236586
28000.0,28.0,22175.60379902344
29000.0,29.0,21765.869365033614
21000.0,21.0,22121.45762125811
67000.0,67.0,24215.69373064231
67000.0,67.0,22531.619080922148
67000.0,67.0,23368.094014012935
67000.0,67.0,23460.355705550322
67000.0,67.0,22964.431267803237
137000.0,137.0,16049.83157697134
107000.0,107.0,32693.81771705298
134000.0,134.0,5188.533630012362
130000.0,130.0,15853.657739745633
161000.0,161.0,5288.914658184133
94000.0,94.0,44755.27907008439
90000.0,90.0,43435.82382805365
96000.0,96.0,43638.70702993131
85000.0,85.0,43725.62682967922
97000.0,97.0,43187.00538385452
2.01e6,2010.0,186.83958164035332
2.0e6,2000.0,187.3325909636957
2.01e6,2010.0,188.19431327286222
2.01e6,2010.0,190.11715960983497
2.0e6,2000.0,189.37471065953852
172000.0,172.0,7204.512436212636
172000.0,172.0,7148.173121198617
172000.0,172.0,7220.834145934646
172000.0,172.0,7365.514163066738
172000.0,172.0,7240.168442101657
517000.0,517.0,804.5879046559402
517000.0,517.0,857.7167935602567
517000.0,517.0,893.100401646782
517000.0,517.0,864.75276639238
517000.0,517.0,819.249118269044
73000.0,73.0,14231.493016096372
73000.0,73.0,14284.667091224554
74000.0,74.0,14177.05307726142
73000.0,73.0,14132.959943590391
73000.0,73.0,14221.403828242659
11000.0,11.0,8322.479801423226
9600.0,9.6,8512.200245890836
9800.0,9.8,8261.172784623555
9600.0,9.6,8460.088604902654
9700.0,9.7,8298.52659787588
23000.0,23.0,13564.440087624327
21000.0,21.0,12894.731397219246
21000.0,21.0,12733.72379089029
21000.0,21.0,13216.047954969323
21000.0,21.0,12604.59802530165
155000.0,155.0,6915.526503981348
155000.0,155.0,7578.505678445161
155000.0,155.0,8223.010650784048
156000.0,156.0,7360.763929715655
155000.0,155.0,7125.140679534574
52000.0,52.0,41552.29981438615
52000.0,52.0,40586.911019127954
52000.0,52.0,39934.65081259799
52000.0,52.0,40903.4635181446
52000.0,52.0,39625.93358411417
81000.0,81.0,53293.26561699387
81000.0,81.0,50245.07353395018
81000.0,81.0,51577.70780868063
81000.0,81.0,51078.86108045921
81000.0,81.0,50848.363163370486
245000.0,245.0,38056.05403955555
245000.0,245.0,38212.257366016376
245000.0,245.0,41146.046787523854
245000.0,245.0,39252.27405233028
245000.0,245.0,41771.882091336025
446000.0,446.0,45640.0048449732
446000.0,446.0,45791.833204884955
446000.0,446.0,49238.714566584415
446000.0,446.0,47013.5930895058
446000.0,446.0,49965.63497341559
135000.0,135.0,22234.71995888688
135000.0,135.0,22950.7412802675
135000.0,135.0,20770.276148871682
135000.0,135.0,21450.937404070333
135000.0,135.0,21895.872356268304
21000.0,21.0,16156.535287547607
21000.0,21.0,16874.138974847323
21000.0,21.0,16143.068222491383
21000.0,21.0,16165.428580670492
20000.0,20.0,16151.803624963244
431000.0,431.0,4287.273810952568
431000.0,431.0,5014.765828763023
431000.0,431.0,3598.262408012396
431000.0,431.0,4269.089857540229
431000.0,431.0,3871.4416454797442
271000.0,271.0,66352.96702274012
271000.0,271.0,69582.65257645222
270000.0,270.0,75438.3315848046
271000.0,271.0,68655.40049431662
270000.0,270.0,76617.55328941182
221000.0,221.0,1574.1199523747703
221000.0,221.0,1625.9506192538174
221000.0,221.0,1673.7766075150341
221000.0,221.0,1668.2196398032643
221000.0,221.0,1666.0913649258912
413000.0,413.0,2578.1674883978462
412000.0,412.0,2761.4322309352124
414000.0,414.0,2897.2219738627555
411000.0,411.0,2759.019539768466
413000.0,413.0,2595.2965997214646
34000.0,34.0,7637.1109842462865
29000.0,29.0,7706.285012664468
28000.0,28.0,7517.7450636569265
27000.0,27.0,7632.4273693795985
30000.0,30.0,7557.091275515555
87000.0,87.0,22911.34354107553
81000.0,81.0,21850.757923740537
57000.0,57.0,22590.755897688457
79000.0,79.0,22009.93100997858
88000.0,88.0,22296.306860523393
242000.0,242.0,66352.96702274012
242000.0,242.0,69582.65257645222
242000.0,242.0,75438.3315848046
242000.0,242.0,65281.8857461982
242000.0,242.0,76617.55328941182
25000.0,25.0,31845.38998364875
25000.0,25.0,31877.706781086337
25000.0,25.0,31710.339625901503
25000.0,25.0,31430.62351214319
25000.0,25.0,31756.160737241313
50000.0,50.0,9625.768658084999
50000.0,50.0,9782.326640798812
50000.0,50.0,9590.550149145944
50000.0,50.0,9781.267013802762
50000.0,50.0,9635.886801546787
272000.0,272.0,43790.56482268998
291000.0,291.0,50949.93153191297
283000.0,283.0,36451.679213601965
279000.0,279.0,45139.775529035905
273000.0,273.0,47966.12346464822
77000.0,77.0,10326.20163191404
75000.0,75.0,10769.325528810452
76000.0,76.0,9765.47106464633
77000.0,77.0,3291.3471087011408
78000.0,78.0,10161.087728323151
3.02e6,3020.0,268.0630378221857
3.02e6,3020.0,269.09027377443243
3.02e6,3020.0,270.5831257010234
3.02e6,3020.0,276.46881041757894
3.02e6,3020.0,270.4104386865006
32000.0,32.0,14499.19625035546
33000.0,33.0,14735.017928245114
32000.0,32.0,14446.146972849358
32000.0,32.0,14733.421823007859
33000.0,33.0,14514.437105704548
8.7e6,8700.0,224.91751080121796
8.2e6,8200.0,227.36377725042925
8.13e6,8130.0,229.67801144668476
8.2e6,8200.0,234.45404594967638
8.09e6,8090.0,226.31682234597693
195000.0,195.0,21801.52296927305
149000.0,149.0,22364.25587104974
113000.0,113.0,22055.685594620372
135000.0,135.0,22160.93616509422
141000.0,141.0,22181.72998266071
133000.0,133.0,7535.768327470591
134000.0,134.0,7898.1789307068275
134000.0,134.0,7132.198683498831
133000.0,133.0,7371.684062411716
133000.0,133.0,7321.294477800839
4.33e6,4330.0,220.86524748752663
4.32e6,4320.0,220.7577968237427
4.32e6,4320.0,221.7709679373247
4.32e6,4320.0,224.5027303062016
4.32e6,4320.0,224.68643686012285
28000.0,28.0,32104.5160618183
27000.0,27.0,32366.624016005375
27000.0,27.0,32357.13479739468
28000.0,28.0,32218.00682562309
26000.0,26.0,32387.56156000585
46000.0,46.0,62719.84528369617
46000.0,46.0,58357.92378243723
46000.0,46.0,59448.24561286786
46000.0,46.0,60315.92153715249
47000.0,47.0,58461.065660915636
29000.0,29.0,73341.41318409677
27000.0,27.0,75193.5082446591
32000.0,32.0,74347.298785271
27000.0,27.0,74716.69356232356
31000.0,31.0,74591.43175730121
3600.0,3.6,26777.640704340985
3600.0,3.6,25795.26152360474
3600.0,3.6,26413.570822575508
3600.0,3.6,26325.11473722181
3600.0,3.6,25987.950373207237
277000.0,277.0,35688.77666800358
277000.0,277.0,35805.64347448622
277000.0,277.0,38579.71035664808
278000.0,278.0,36781.39849318726
278000.0,278.0,39169.24968516435
40000.0,40.0,66295.68420899083
39000.0,39.0,64794.46511166793
47000.0,47.0,63829.40779148298
41000.0,41.0,65335.38876655493
40000.0,40.0,63373.606727421684
27000.0,27.0,6993.186012669717
27000.0,27.0,6964.106075599049
27000.0,27.0,6863.88887863611
27000.0,27.0,7064.4354932324
27000.0,27.0,6877.88295342391
326000.0,326.0,3109.744269471929
326000.0,326.0,3266.4558801427374
326000.0,326.0,2985.8453698572785
326000.0,326.0,3059.461948979482
326000.0,326.0,3060.346739577479
298000.0,298.0,1940.6191098190543
303000.0,303.0,2038.4244460948532
326000.0,326.0,2122.7788688827436
348000.0,348.0,2045.5536925059926
298000.0,298.0,1978.563804980756
406000.0,406.0,20217.39748394637
314000.0,314.0,20716.741309797006
373000.0,373.0,40947.63586095608
324000.0,324.0,39383.6841545061
412000.0,412.0,19884.654733543637
71000.0,71.0,13107.333386147777
75000.0,75.0,13057.127702253923
71000.0,71.0,14085.28627500123
70000.0,70.0,13282.055137717127
73000.0,73.0,14268.366999360644
70000.0,70.0,25497.002878922867
70000.0,70.0,25591.73393817771
70000.0,70.0,27547.527680643252
70000.0,70.0,26275.683603886977
70000.0,70.0,27972.72428389171
43000.0,43.0,14680.36768192588
43000.0,43.0,14730.45767305756
43000.0,43.0,15865.743381860133
43000.0,43.0,15126.058982062292
43000.0,43.0,16110.245431087147
5.58e6,5580.0,188.88351087102558
5.58e6,5580.0,189.38191346359994
5.58e6,5580.0,190.25306257302452
5.58e6,5580.0,192.19694386308234
5.58e6,5580.0,191.4463729019225
200000.0,200.0,52306.670691336956
200000.0,200.0,52520.07876619161
200000.0,200.0,56551.367702378375
200000.0,200.0,53980.15547844218
200000.0,200.0,57431.46281582149
130000.0,130.0,66352.96702274012
130000.0,130.0,69582.65257645222
130000.0,130.0,75374.1862876493
130000.0,130.0,68655.40049431662
130000.0,130.0,76552.40529873098
137000.0,137.0,45654.11520488675
137000.0,137.0,45834.857847630534
137000.0,137.0,49364.26546756239
137000.0,137.0,47094.493912439
137000.0,137.0,50124.87498105269
144000.0,144.0,8667.372638429277
143000.0,143.0,8642.052855531849
143000.0,143.0,9321.623641131602
144000.0,144.0,8797.23918072058
143000.0,143.0,9439.225933279638
24000.0,24.0,42094.58958287432
24000.0,24.0,42309.3061953278
24000.0,24.0,41680.03079973934
24000.0,24.0,42368.994160188515
24000.0,24.0,41788.00520901404
19000.0,19.0,5082.796484619108
17000.0,17.0,3116.1481419350794
15000.0,15.0,5208.996712711295
17000.0,17.0,2978.3352785213206
16000.0,16.0,3126.7145389211787
97000.0,97.0,21048.956955602407
97000.0,97.0,20047.49972860517
97000.0,97.0,19882.438502152676
97000.0,97.0,20941.923045066353
97000.0,97.0,19876.17860991446
342000.0,342.0,594.657954818769
342000.0,342.0,635.1542020475172
342000.0,342.0,665.6377636718694
342000.0,342.0,636.0492360644749
342000.0,342.0,605.2412173386139
76000.0,76.0,82127.28087747279
80000.0,80.0,79037.0227386513
76000.0,76.0,79143.55702680485
82000.0,82.0,80763.7261738022
96000.0,96.0,78222.03480340992
2.02e6,2020.0,702.3315989448624
2.08e6,2080.0,713.5314262083307
1.78e6,1780.0,724.0041558237575
1.66e6,1660.0,726.1083719768869
1.91e6,1910.0,712.7015278019529
4200.0,4.2,92056.81522539073
4200.0,4.2,91703.37211923015
4200.0,4.2,92163.2409164721
4200.0,4.2,91289.53303373005
4200.0,4.2,91987.70996111381
97000.0,97.0,9065.49723432257
97000.0,97.0,8922.843582442196
97000.0,97.0,9038.220815779674
97000.0,97.0,9096.632132052713
97000.0,97.0,9039.528916616327
117000.0,117.0,38052.55530920742
117000.0,117.0,44811.16101181674
117000.0,117.0,32099.49041277726
117000.0,117.0,38462.02111962028
117000.0,117.0,34612.97470611783
83000.0,83.0,21946.51434878939
83000.0,83.0,20972.96456534226
83000.0,83.0,21418.33571069195
83000.0,83.0,21395.528016741388
83000.0,83.0,21100.506110522325
1.64e6,1640.0,3018.589659217866
1.62e6,1620.0,3051.1152340663953
1.66e6,1660.0,3077.0909920684135
1.68e6,1680.0,3139.495622499038
1.69e6,1690.0,3046.441795971887
57000.0,57.0,20789.223628521144
58000.0,58.0,20860.001533605973
57000.0,57.0,22426.779997085087
57000.0,57.0,21411.983806547058
57000.0,57.0,22759.38058021258
6400.0,6.4,11862.52634062827
6400.0,6.4,11920.560029613676
6400.0,6.4,11747.817706002907
6400.0,6.4,11927.97595231609
6500.0,6.5,11771.528724901185
484000.0,484.0,3308.0930311878988
484000.0,484.0,3502.8230785239994
484000.0,484.0,3615.794813106659
484000.0,484.0,3490.5000672174074
484000.0,484.0,3371.5417100952227
6900.0,6.9,90742.95839934914
6900.0,6.9,90829.92305376919
6800.0,6.8,90672.25486465897
6900.0,6.9,90781.3496105851
6800.0,6.8,90711.18190641596
104000.0,104.0,83298.70810136468
104000.0,104.0,78284.41141987199
104000.0,104.0,78681.04198143691
104000.0,104.0,80068.65303816852
104000.0,104.0,77024.33808756224
17000.0,17.0,63246.97653903581
26000.0,26.0,64487.15120146811
23000.0,23.0,62853.48987194584
20000.0,20.0,64142.62219569467
18000.0,18.0,63343.33280714227
39000.0,39.0,37512.75769359056
39000.0,39.0,37272.234798192796
39000.0,39.0,36959.83700163422
39000.0,39.0,37409.185378971735
38000.0,38.0,36984.781327331075
45000.0,45.0,19176.477173264073
45000.0,45.0,19096.735157475385
45000.0,45.0,18821.922963656063
45000.0,45.0,19371.855079005738
45000.0,45.0,18860.297040256202
23000.0,23.0,70244.9509206023
23000.0,23.0,70021.04480132803
23000.0,23.0,70355.14446843186
24000.0,24.0,69784.85482265297
22000.0,22.0,70241.12347655978
23000.0,23.0,12699.04594528999
22000.0,22.0,12695.27467725043
23000.0,23.0,12724.396552284768
23000.0,23.0,12680.612036194763
23000.0,23.0,12722.334637489794
97000.0,97.0,7242.277391002233
92000.0,92.0,7407.373386229965
97000.0,97.0,7188.927616383121
74000.0,74.0,7362.025488927505
75000.0,75.0,7221.43315363162
240000.0,240.0,14341.616520047157
240000.0,240.0,14399.117949783864
240000.0,240.0,15499.13603268444
240000.0,240.0,14788.187412421237
240000.0,240.0,15738.342737754934
26000.0,26.0,9217.992057690735
35000.0,35.0,9428.126728126934
29000.0,29.0,9150.088306954885
27000.0,27.0,9370.407790478073
30000.0,30.0,9191.461450789426
36000.0,36.0,46819.11913626905
36000.0,36.0,44791.3603014358
36000.0,36.0,45088.73644494639
36000.0,36.0,46870.67975659065
36000.0,36.0,45430.37499962139
5.88e6,5880.0,579.1047210665897
6.26e6,6260.0,580.7101766924534
8.44e6,8440.0,583.8075882438524
5.94e6,5940.0,597.4873525944257
7.36e6,7360.0,586.3849755059556
20000.0,20.0,45341.511908915934
20000.0,20.0,43751.55865193168
18000.0,18.0,43689.01073719231
18000.0,18.0,43742.39952798033
19000.0,19.0,43703.032546826
2.06e6,2060.0,232.50735333088585
2.07e6,2070.0,227.88639990501403
2.04e6,2040.0,228.40150637513872
2.07e6,2070.0,231.09748354978385
2.04e6,2040.0,236.45696245368683
55000.0,55.0,32848.53272630109
55000.0,55.0,32961.52140012448
55000.0,55.0,35508.74613713972
55000.0,55.0,33838.386037750985
55000.0,55.0,36041.24539128504
113000.0,113.0,84624.94590952007
118000.0,118.0,84701.90658176036
111000.0,111.0,83926.55762699312
107000.0,107.0,87191.60602769257
116000.0,116.0,80822.08615793147
68000.0,68.0,61714.76433642287
68000.0,68.0,60212.556156327046
68000.0,68.0,60795.31866219485
68000.0,68.0,60428.95964595179
68000.0,68.0,59987.35471587626
436000.0,436.0,2006.5990155553307
435000.0,435.0,2070.8494966093704
436000.0,436.0,2156.483049122758
435000.0,435.0,2078.1600403165658
435000.0,435.0,2046.3881234581395
19000.0,19.0,17632.061853534164
19000.0,19.0,18457.98630644943
19000.0,19.0,18187.80532607113
19000.0,19.0,18478.58024573869
18000.0,18.0,18227.028083877292
211000.0,211.0,50848.707532059554
211000.0,211.0,40463.398894508624
211000.0,211.0,51612.10990748961
211000.0,211.0,41365.35262109948
211000.0,211.0,44426.3841558431
217000.0,217.0,2431.0199743068456
217000.0,217.0,2553.0891923757667
217000.0,217.0,2317.6571140400865
217000.0,217.0,2409.531168349387
217000.0,217.0,2384.373054621171
106000.0,106.0,1741.407053715468
107000.0,107.0,1837.5097618015752
106000.0,106.0,1673.7743796635636
106000.0,106.0,3552.5045844848696
106000.0,106.0,1690.255263291382
12000.0,12.0,67763.66788740986
13000.0,13.0,67997.53470254182
11000.0,11.0,68320.3345965679
13000.0,13.0,67892.40907914036
12000.0,12.0,68236.36574872797
118000.0,118.0,38057.94566636608
114000.0,114.0,39906.18799778554
121000.0,121.0,40947.63586095608
120000.0,120.0,39383.6841545061
116000.0,116.0,39210.28525268604
360000.0,360.0,2166.5169474638938
360000.0,360.0,2257.373609115216
360000.0,360.0,2346.7334963099443
360000.0,360.0,2262.424519294039
360000.0,360.0,2205.436969880597
420000.0,420.0,15683.224897675227
420000.0,420.0,18344.45472102768
420000.0,420.0,13162.760549965995
420000.0,420.0,15616.706395832394
420000.0,420.0,14162.074241485021
24000.0,24.0,12958.477839632682
24000.0,24.0,13183.987011279669
24000.0,24.0,13017.271269259085
24000.0,24.0,13089.565717432204
24000.0,24.0,13048.742765318504
151000.0,151.0,66352.96702274012
151000.0,151.0,69582.65257645222
151000.0,151.0,75438.3315848046
151000.0,151.0,68655.40049431662
151000.0,151.0,76617.55328941182
170000.0,170.0,19058.19058832411
170000.0,170.0,18644.84660711835
170000.0,170.0,18782.08966444457
170000.0,170.0,18776.469989222373
170000.0,170.0,18563.62927797221
269000.0,269.0,42183.89637236972
269000.0,269.0,42172.18560387538
269000.0,269.0,45692.68019221545
269000.0,269.0,43169.84250935191
269000.0,269.0,46310.6970099863
22000.0,22.0,13767.688263687147
22000.0,22.0,13074.252170576143
22000.0,22.0,13218.750352007
22000.0,22.0,13141.17480888906
22000.0,22.0,13048.280024255213
120000.0,120.0,10630.740485574617
120000.0,120.0,10669.229798007385
120000.0,120.0,11472.03412899108
120000.0,120.0,10957.039518825435
120000.0,120.0,11641.381100488528
42000.0,42.0,44193.403231873286
42000.0,42.0,43560.05535961811
42000.0,42.0,44045.78269541117
42000.0,42.0,43524.07526897966
42000.0,42.0,43909.38600745631
3.14e6,3140.0,240.1213844753166
3.18e6,3180.0,238.02462855912663
3.12e6,3120.0,239.8898954940649
3.34e6,3340.0,244.75387987687358
3.24e6,3240.0,241.54071626506965
149000.0,149.0,58513.20471752588
149000.0,149.0,54827.47282908268
149000.0,149.0,55755.56405170003
149000.0,149.0,57182.483066595814
149000.0,149.0,54970.161097079384
32000.0,32.0,27987.357409603486
33000.0,33.0,27692.99006023904
33000.0,33.0,27572.503634689947
31000.0,31.0,28261.929626300185
32000.0,32.0,27634.373532583653
163000.0,163.0,20285.432127727014
117000.0,117.0,20341.332577835234
122000.0,122.0,21922.908831427696
139000.0,139.0,20877.779257164413
131000.0,131.0,22248.887321715003
60000.0,60.0,8870.7775564535
60000.0,60.0,8614.064730275883
60000.0,60.0,8796.460416422298
60000.0,60.0,8885.239177678512
60000.0,60.0,8676.634711611243
90000.0,90.0,41640.06584964514
90000.0,90.0,40802.33637142479
90000.0,90.0,41407.99985415428
90000.0,90.0,41782.14131408177
90000.0,90.0,41038.413590133525
17000.0,17.0,12776.597912677344
17000.0,17.0,12023.9919576445
17000.0,17.0,12102.20173335053
17000.0,17.0,12261.040312194998
17000.0,17.0,11923.440524497244
1.1e6,1100.0,18495.1854392291
1.22e6,1220.0,19120.498777913177
1.24e6,1240.0,19929.340286680454
1.08e6,1080.0,19171.656256034777
1.04e6,1040.0,18725.780130230607
140000.0,140.0,15294.732247265589
140000.0,140.0,15357.133836224819
140000.0,140.0,16535.90289331475
140000.0,140.0,15784.06757295831
140000.0,140.0,16793.247108389573
204000.0,204.0,10295.483891546768
190000.0,190.0,12106.394479884351
204000.0,204.0,8702.794912416182
190000.0,190.0,10391.822176860907
197000.0,197.0,9386.477669467307
115000.0,115.0,30078.629698188382
115000.0,115.0,35417.61085247321
115000.0,115.0,25361.64288004198
115000.0,115.0,30393.59667330199
115000.0,115.0,27353.55333684044
98000.0,98.0,10025.39700372768
97000.0,97.0,10020.966407057045
96000.0,96.0,10046.066964525347
98000.0,98.0,10011.976861003004
97000.0,97.0,10046.398098659367
28000.0,28.0,47266.68570913176
28000.0,28.0,46784.77499866867
27000.0,27.0,46370.78533626819
37000.0,37.0,47950.984199667095
41000.0,41.0,46416.06368457192
180000.0,180.0,5262.6874079144
180000.0,180.0,5246.552747019091
180000.0,180.0,5660.307936105187
180000.0,180.0,5342.1446383563325
180000.0,180.0,5732.836698418532
274000.0,274.0,36004.82090206729
274000.0,274.0,36146.372657380765
274000.0,274.0,38913.68976859334
274000.0,274.0,37130.997974814505
274000.0,274.0,39511.64488536398
33000.0,33.0,12679.74114666026
35000.0,35.0,11843.828835628685
35000.0,35.0,11850.999959509267
52000.0,52.0,12345.418188571994
42000.0,42.0,11885.986897856295
20000.0,20.0,18746.27153664856
18000.0,18.0,18668.31845551964
19000.0,19.0,18399.671406305526
19000.0,19.0,18937.266328872523
18000.0,18.0,18437.1845977752
124000.0,124.0,37001.64375453293
146000.0,146.0,38414.7567950871
153000.0,153.0,35323.21656571281
148000.0,148.0,11818.817520375856
124000.0,124.0,36268.15336048405
79000.0,79.0,16378.537466191034
79000.0,79.0,16990.576959936654
79000.0,79.0,16583.36954751271
79000.0,79.0,16251.86688759765
79000.0,79.0,16528.980894338685
170000.0,170.0,39334.50980788526
170000.0,170.0,40250.03896947242
170000.0,170.0,39061.4070350678
170000.0,170.0,40024.67026318014
170000.0,170.0,39105.58194558984
30000.0,30.0,16670.368678705603
30000.0,30.0,16651.079686714485
30000.0,30.0,16749.326796636768
30000.0,30.0,16514.924823997586
30000.0,30.0,16732.38597239579
378000.0,378.0,14799.853113386207
378000.0,378.0,21571.012319028483
378000.0,378.0,16022.5516125253
377000.0,377.0,21737.20161048714
377000.0,377.0,16237.119402684011
77000.0,77.0,13990.336829242482
77000.0,77.0,13711.90582140461
76000.0,76.0,13689.944727805758
77000.0,77.0,13865.25968320624
77000.0,77.0,13533.482203765223
1.95e6,1950.0,231.9679936172482
2.14e6,2140.0,234.03752512447045
2.33e6,2330.0,235.87840414981932
1.99e6,1990.0,240.64619397891173
2.09e6,2090.0,233.2759258391033
19000.0,19.0,67629.05955708423
26000.0,26.0,64550.8005803781
16000.0,16.0,64713.323531795366
28000.0,28.0,66089.46393463117
25000.0,25.0,63750.13533402674
30000.0,30.0,33737.62503574529
30000.0,30.0,33727.60588725366
30000.0,30.0,33804.97413243358
30000.0,30.0,33688.651568314985
30000.0,30.0,33799.49623208514
155000.0,155.0,50428.776652937566
164000.0,164.0,50611.35743767508
162000.0,162.0,54419.60018032534
161000.0,161.0,51976.63318204794
164000.0,164.0,55222.92715590945
38000.0,38.0,47402.884822698776
38000.0,38.0,47789.89184499804
38000.0,38.0,47775.880846171785
38000.0,38.0,47570.45593932051
38000.0,38.0,47820.806498401114
646000.0,646.0,15949.401090180036
646000.0,646.0,17026.464232847386
646000.0,646.0,17542.502088873436
645000.0,645.0,16858.753118033677
646000.0,646.0,16087.771168050875
12000.0,12.0,25556.75146603167
12000.0,12.0,25684.60922596477
12000.0,12.0,25304.32409418772
12000.0,12.0,25681.81332310916
12000.0,12.0,25353.325423030856
43000.0,43.0,88638.72553853154
43000.0,43.0,89512.88859587038
43000.0,43.0,89592.87804659618
42000.0,42.0,91026.9314393187
42000.0,42.0,89628.59453878562
46000.0,46.0,63390.76776703773
46000.0,46.0,58982.186214362395
46000.0,46.0,60084.17136167153
46000.0,46.0,60961.12893011875
46000.0,46.0,59086.43141516138
108000.0,108.0,15923.787557947157
107000.0,107.0,16876.928636353277
107000.0,107.0,15195.792439930981
109000.0,109.0,15729.154331210268
111000.0,111.0,15687.879239322498
265000.0,265.0,50318.88589273188
266000.0,266.0,50524.18392499562
265000.0,265.0,54402.27376133097
279000.0,279.0,51928.774056757524
266000.0,266.0,55248.92305104442
109000.0,109.0,56491.2770987881
108000.0,108.0,56676.80287087799
108000.0,108.0,61055.94623453184
108000.0,108.0,58188.704619389704
108000.0,108.0,61994.34694407801
12000.0,12.0,12433.932904307352
11000.0,11.0,12527.108441484972
11000.0,11.0,12516.803067408533
11000.0,11.0,12648.198411983176
12000.0,12.0,12549.986471033246
161000.0,161.0,37488.50148450402
161000.0,161.0,37359.237565113675
161000.0,161.0,40335.77160601345
161000.0,161.0,38034.00919094264
160000.0,160.0,40836.26646905241
5.96e6,5960.0,3394.3465373471327
5.19e6,5190.0,3359.161851811724
5.9e6,5900.0,3099.766743904213
5.53e6,5530.0,3457.5679739834786
6.8e6,6800.0,3358.864577840858
13000.0,13.0,23072.13746116348
13000.0,13.0,23064.753453649442
13000.0,13.0,23121.35625132311
13000.0,13.0,23065.981616679554
13000.0,13.0,23129.178194797725
44000.0,44.0,44611.480614696535
44000.0,44.0,44753.75011478182
44000.0,44.0,48194.583830290736
44000.0,44.0,45938.806332525346
44000.0,44.0,48946.08257591764
46000.0,46.0,12555.228244711037
46000.0,46.0,12692.145640993474
46000.0,46.0,12659.3008818855
46000.0,46.0,12677.49339243302
46000.0,46.0,12692.504347761436
14000.0,14.0,53172.27556594989
14000.0,14.0,52891.4490337158
14000.0,14.0,51948.15298607021
16000.0,16.0,53030.87506597944
12000.0,12.0,51993.6571613658
18000.0,18.0,19494.786892874065
18000.0,18.0,17978.351004809876
18000.0,18.0,18114.102528286632
18000.0,18.0,18664.11869341135
18000.0,18.0,17747.81079580167
46000.0,46.0,42734.62274300223
46000.0,46.0,43360.421068635005
46000.0,46.0,42910.60717863377
46000.0,46.0,42901.73763978388
47000.0,47.0,42942.16822295314
87000.0,87.0,94572.16097079805
86000.0,86.0,56716.405714832974
87000.0,87.0,93915.53859216384
86000.0,86.0,58254.888867449845
86000.0,86.0,94021.74855306494
679000.0,679.0,9209.202154326427
680000.0,680.0,9622.206622667569
678000.0,678.0,10014.36948997999
686000.0,686.0,9621.752046857304
680000.0,680.0,9271.909270093545
106000.0,106.0,15055.076685167807
106000.0,106.0,15159.672738736293
106000.0,106.0,15663.330428710193
106000.0,106.0,15667.226115309317
106000.0,106.0,16078.288833040373
112000.0,112.0,12758.205519421048
112000.0,112.0,12192.250123351901
112000.0,112.0,12451.158509188796
112000.0,112.0,12437.899672627293
112000.0,112.0,12266.394072582798
48000.0,48.0,20747.089674546245
48000.0,48.0,20344.075442947316
48000.0,48.0,20381.911476641995
48000.0,48.0,20913.429115276125
49000.0,49.0,20330.842796643323
905000.0,905.0,277.5489674825778
1.14e6,1140.0,279.15233061354326
1.21e6,1210.0,281.3451459182443
1.29e6,1290.0,234.29188762896993
1.32e6,1320.0,234.4836044745927
1.85e6,1850.0,2503.254490216978
1.85e6,1850.0,2681.1941670299093
1.85e6,1850.0,2813.038310297735
1.85e6,1850.0,2678.851580668145
1.85e6,1850.0,2519.8858863645255
21000.0,21.0,23540.198536383457
21000.0,21.0,22698.107920602022
21000.0,21.0,22475.802937972076
21000.0,21.0,22807.871652410864
21000.0,21.0,22331.12558573404
28000.0,28.0,13754.194161349518
28000.0,28.0,13455.886022044182
28000.0,28.0,13554.933602086676
28000.0,28.0,13550.877912551425
28000.0,28.0,13397.27191021834
48000.0,48.0,34655.7963220622
49000.0,49.0,40792.15382048476
49000.0,49.0,29223.088192033894
50000.0,50.0,34994.87760786051
51000.0,51.0,31511.594089192877
174000.0,174.0,41012.409173617605
186000.0,186.0,48284.69844608283
178000.0,178.0,34595.03465202404
188000.0,188.0,41443.359611755935
175000.0,175.0,37301.69750429948
29000.0,29.0,39573.46189383656
28000.0,28.0,40326.756730963694
24000.0,24.0,40112.58133492714
31000.0,31.0,40711.9866848173
22000.0,22.0,40319.641210205766
120000.0,120.0,14964.12459411811
120000.0,120.0,15068.088752546731
120000.0,120.0,15568.703700126536
120000.0,120.0,15572.575851751399
120000.0,120.0,15981.155220210174
130000.0,130.0,84395.81350759203
130000.0,130.0,80185.70900494115
130000.0,130.0,81023.07750171669
130000.0,130.0,83317.61156443483
130000.0,130.0,77034.49552192139
45000.0,45.0,45636.32665658703
45000.0,45.0,44796.405846165835
45000.0,45.0,45480.03793972304
45000.0,45.0,45511.740374042114
45000.0,45.0,45410.28878384732
38000.0,38.0,13293.902168092765
38000.0,38.0,13258.359673706389
38000.0,38.0,13292.513947387939
38000.0,38.0,13196.922781992833
38000.0,38.0,13336.82683306287
86000.0,86.0,6318.682327813385
86000.0,86.0,6291.769447761834
87000.0,87.0,6915.641676363391
86000.0,86.0,6446.962017440574
86000.0,86.0,6995.78104899144
7400.0,7.4,15596.18017172483
7400.0,7.4,15212.574268878423
7400.0,7.4,15505.40018676233
7400.0,7.4,15621.95541462248
7400.0,7.4,15434.155830772455
3.69e6,3690.0,163.53306131533225
3.74e6,3740.0,173.05024512853203
3.75e6,3750.0,180.37947489573847
3.69e6,3690.0,173.81583080344393
3.82e6,3820.0,166.44006239143036
36000.0,36.0,52598.41670321818
36000.0,36.0,51390.31505543469
36000.0,36.0,50378.50685128959
36000.0,36.0,50753.8225154297
36000.0,36.0,50675.89593984935
30000.0,30.0,20214.75792043939
30000.0,30.0,20267.59272477947
30000.0,30.0,19973.132452414142
30000.0,30.0,20194.804639815753
31000.0,31.0,20081.776985558106
59000.0,59.0,29643.663598886364
80000.0,80.0,29623.385275943834
79000.0,79.0,32116.30119000115
55000.0,55.0,30286.07995049954
49000.0,49.0,32532.311023925573
19000.0,19.0,10877.212647997556
19000.0,19.0,10857.99922603406
19000.0,19.0,11621.640748739756
19000.0,19.0,11055.517364898336
18000.0,18.0,11792.55629769918
20000.0,20.0,22373.951668141945
20000.0,20.0,21197.07937661056
20000.0,20.0,21387.438438793062
20000.0,20.0,22119.62503660257
20000.0,20.0,21335.92348632913
60000.0,60.0,34297.38413993439
59000.0,59.0,33286.24390728131
63000.0,63.0,33441.71971382121
56000.0,56.0,33508.32910210479
58000.0,58.0,33095.56647348774
43000.0,43.0,28941.51318304001
43000.0,43.0,34046.07149141253
43000.0,43.0,24409.61833840425
43000.0,43.0,29206.561487601615
43000.0,43.0,26312.089590049614
1.01e6,1010.0,3394.3465373471327
1.01e6,1010.0,3359.161851811724
1.01e6,1010.0,3099.766743904213
1.02e6,1020.0,3457.5679739834786
1.01e6,1010.0,3358.864577840858
162000.0,162.0,34019.68000941502
161000.0,161.0,36724.67187913424
163000.0,163.0,37727.537981106456
164000.0,164.0,36310.40715726811
164000.0,164.0,11015.8418036524
1.18e6,1180.0,38057.94566636608
1.18e6,1180.0,39906.18799778554
1.18e6,1180.0,40947.63586095608
1.18e6,1180.0,39383.6841545061
1.19e6,1190.0,39210.28525268604
23000.0,23.0,42922.59781121647
23000.0,23.0,43222.63646495748
23000.0,23.0,43182.73245316605
23000.0,23.0,43287.94914850961
23000.0,23.0,43191.625322397056
542000.0,542.0,9019.381797842378
542000.0,542.0,9139.56141681067
542000.0,542.0,8301.356924984773
542000.0,542.0,8565.190743282545
542000.0,542.0,8748.065993649072
3.93e6,3930.0,233.30852857947286
3.83e6,3830.0,233.1950242751629
3.29e6,3290.0,234.26527622470235
4.15e6,4150.0,237.15094278366368
4.51e6,4510.0,237.3449991427936
200000.0,200.0,3364.6234506097144
200000.0,200.0,3589.8609278956965
200000.0,200.0,3733.5944254962988
200000.0,200.0,3600.7381675363354
200000.0,200.0,3386.4279896972707
92000.0,92.0,40430.02680622582
92000.0,92.0,39867.81172804664
97000.0,97.0,41220.76997125916
93000.0,93.0,41076.19893072596
93000.0,93.0,43191.93617445583
131000.0,131.0,12241.352189494864
131000.0,131.0,12246.012636271791
131000.0,131.0,12356.057823632633
131000.0,131.0,12593.831810326597
131000.0,131.0,12429.892420632059
78000.0,78.0,73678.28640064575
78000.0,78.0,70112.165964394
78000.0,78.0,70142.50671050776
78000.0,78.0,72157.74637590643
78000.0,78.0,69469.49533354542
38000.0,38.0,18867.791580745372
38000.0,38.0,18811.04481053672
40000.0,40.0,18897.571254414554
30000.0,30.0,18724.660494425236
32000.0,32.0,18862.801978990552
53000.0,53.0,41082.94052664091
53000.0,53.0,41250.55645652671
53000.0,53.0,44416.82954219829
53000.0,53.0,42397.33647408303
53000.0,53.0,45108.07780414051
301000.0,301.0,14521.269901694986
301000.0,301.0,15419.00697407138
301000.0,301.0,15934.21172593407
301000.0,301.0,15329.73615482564
301000.0,301.0,14637.605119734577
50000.0,50.0,50153.83516952281
50000.0,50.0,48266.66326184748
50000.0,50.0,48331.72207142777
50000.0,50.0,49321.133817160364
50000.0,50.0,47768.962983297795
19000.0,19.0,10483.545790411956
17000.0,17.0,10474.206535722415
15000.0,15.0,10676.923426467016
8900.0,8.9,10470.990452431828
22000.0,22.0,10647.177634141288
301000.0,301.0,5946.779555622547
301000.0,301.0,5930.121907538474
301000.0,301.0,6394.980452843971
301000.0,301.0,6038.479829164718
301000.0,301.0,6476.646301659177
127000.0,127.0,41451.92878429164
127000.0,127.0,41590.568968598454
127000.0,127.0,44788.76927111085
127000.0,127.0,42688.82307397409
126000.0,126.0,45470.440573140135
2500.0,2.5,47300.68326107608
2500.0,2.5,47247.184490861444
2500.0,2.5,47375.12686320225
2500.0,2.5,47196.38040578997
2400.0,2.4,47364.38037985022
350000.0,350.0,9493.953973968259
350000.0,350.0,9619.81242637954
350000.0,350.0,10265.290682486258
350000.0,350.0,9634.837841190996
350000.0,350.0,9389.374285585649
245000.0,245.0,48984.66959817602
246000.0,246.0,57645.63352468731
245000.0,245.0,41311.317678354215
246000.0,246.0,49466.91559097216
246000.0,246.0,44540.54235837574
234000.0,234.0,40473.278880910606
235000.0,235.0,47636.390497791755
235000.0,235.0,34144.560852323906
235000.0,235.0,40900.076851705046
234000.0,234.0,36820.70100912745
208000.0,208.0,66352.96702274012
208000.0,208.0,69582.65257645222
208000.0,208.0,75438.3315848046
208000.0,208.0,68655.40049431662
208000.0,208.0,76617.55328941182
80000.0,80.0,67602.14156119945
79000.0,79.0,64054.86853823153
80000.0,80.0,65270.68177489637
79000.0,79.0,64403.79256990967
80000.0,80.0,64674.711628695695
500000.0,500.0,37382.922471476624
500000.0,500.0,39906.18799778554
500000.0,500.0,40947.63586095608
500000.0,500.0,39383.6841545061
500000.0,500.0,38523.969940088595
577000.0,577.0,37764.78044229888
573000.0,573.0,39204.46529883071
575000.0,575.0,40632.21098365358
577000.0,577.0,39080.3065972684
578000.0,578.0,38537.61746142503
19000.0,19.0,50847.92053632183
19000.0,19.0,50687.245801704245
18000.0,18.0,50919.066905928055
20000.0,20.0,50469.83255526486
20000.0,20.0,50828.446832830625
25000.0,25.0,12918.90400401068
26000.0,26.0,12869.43877298995
25000.0,25.0,14134.137607192928
26000.0,26.0,13188.25367644244
25000.0,25.0,14308.121730517434
288000.0,288.0,43503.808865698935
288000.0,288.0,43681.30179300948
287000.0,287.0,47034.15184147034
288000.0,288.0,44895.6573881846
288000.0,288.0,47766.13285063838
49000.0,49.0,17632.464988214822
49000.0,49.0,17705.432110384183
49000.0,49.0,17506.05032340472
49000.0,49.0,17579.047548188417
49000.0,49.0,17525.049793222155
22000.0,22.0,50687.468348179886
21000.0,21.0,46738.08745894634
22000.0,22.0,46229.56948013484
21000.0,21.0,48574.198118480264
21000.0,21.0,46274.28790743705
6.0e6,6000.0,319.33907453051467
5.81e6,5810.0,308.3663464980161
5.88e6,5880.0,317.37710291659135
5.73e6,5730.0,316.93327098142356
5.73e6,5730.0,264.44683976062294
51000.0,51.0,32918.54341432487
54000.0,54.0,34660.36061121475
55000.0,55.0,35631.38019702152
56000.0,56.0,34312.69257093072
54000.0,54.0,33637.9490298798
10000.0,10.0,22888.407650897407
11000.0,11.0,23000.205491152068
10000.0,10.0,22655.260972649103
10000.0,10.0,23021.11625066683
11000.0,11.0,22715.490400948493
90000.0,90.0,24929.044938653104
90000.0,90.0,25497.331026305186
89000.0,89.0,25192.439573971868
91000.0,91.0,25341.23651228797
91000.0,91.0,24857.29583238862
1.36e6,1360.0,399.0855879246795
1.29e6,1290.0,400.5527605712367
797000.0,797.0,397.0387443973695
992000.0,992.0,402.19121273393984
1.15e6,1150.0,405.3714479979575
76000.0,76.0,48914.647209849725
72000.0,72.0,48322.98544062987
83000.0,83.0,48565.72975138002
77000.0,77.0,48799.36330464554
75000.0,75.0,48481.32494597442
505000.0,505.0,14075.785829233575
505000.0,505.0,14917.08213696067
505000.0,505.0,15380.221851999866
505000.0,505.0,14788.332296912007
506000.0,506.0,14180.330955689069
137000.0,137.0,29846.267759334423
137000.0,137.0,29162.01151192889
137000.0,137.0,28924.122062884795
137000.0,137.0,29148.952289005036
137000.0,137.0,28478.047341478137
53000.0,53.0,20345.996818144256
59000.0,59.0,20888.908236968648
67000.0,67.0,18961.3130166165
69000.0,69.0,19603.90526894083
66000.0,66.0,20022.73915926384
36000.0,36.0,14423.217907069366
35000.0,35.0,14216.514786140071
36000.0,36.0,14375.039604217693
35000.0,35.0,14204.772113034052
35000.0,35.0,14330.524382299762
131000.0,131.0,38719.463921782684
131000.0,131.0,38846.25504548393
131000.0,131.0,41855.89540272193
131000.0,131.0,39904.871080282486
131000.0,131.0,42495.498350542315
59000.0,59.0,15347.460490567368
59000.0,59.0,14636.99219456046
59000.0,59.0,14863.61397963068
60000.0,60.0,9888.529500633342
60000.0,60.0,14679.858514236666
6000.0,6.0,30959.590046374706
6000.0,6.0,30440.969909180007
6000.0,6.0,30942.214613930937
6000.0,6.0,31595.251941590126
6000.0,6.0,30878.041361404947
150000.0,150.0,47706.77464344562
150000.0,150.0,46318.61664757111
150000.0,150.0,47399.93762986433
150000.0,150.0,46599.88346837087
150000.0,150.0,46576.983288716176
60000.0,60.0,26711.196632430703
60000.0,60.0,27200.70405784485
60000.0,60.0,27330.421032175793
60000.0,60.0,26758.023673924392
60000.0,60.0,27316.037694052633
1.47e6,1470.0,8527.203304617697
1.36e6,1360.0,9068.295486921848
1.55e6,1550.0,9438.157499787047
1.45e6,1450.0,9067.570834281829
1.34e6,1340.0,8582.941032946104
32000.0,32.0,21087.953943896715
32000.0,32.0,19926.886785403825
32000.0,32.0,20331.44552569622
32000.0,32.0,20474.17640326024
32000.0,32.0,20071.264114569098
14000.0,14.0,26298.096155480693
14000.0,14.0,26440.41266306029
14000.0,14.0,26032.728947769
14000.0,14.0,26470.791591021618
14000.0,14.0,26097.876809756726
79000.0,79.0,25799.859778245303
81000.0,81.0,26081.21265821205
68000.0,68.0,26013.719645506928
66000.0,66.0,26051.103611133993
65000.0,65.0,26081.949768213915
114000.0,114.0,51361.7642694678
114000.0,114.0,50525.749690328295
115000.0,115.0,50955.229511118916
115000.0,115.0,50608.79516319687
115000.0,115.0,50443.41396740221
11000.0,11.0,21903.287438456697
10000.0,10.0,21996.75681259563
11000.0,11.0,21692.834913436698
11000.0,11.0,21999.310730505003
12000.0,12.0,21731.578928149866
76000.0,76.0,10425.898332093184
76000.0,76.0,9748.993822689228
77000.0,77.0,10019.254897707662
77000.0,77.0,9930.070576790127
77000.0,77.0,9845.192852750904
415000.0,415.0,18970.963813567054
415000.0,415.0,20107.827736024563
414000.0,414.0,20944.00987042325
415000.0,415.0,20136.178141790937
414000.0,414.0,19226.080379075036
97000.0,97.0,7020.673623258395
98000.0,98.0,6995.539279311913
99000.0,99.0,7685.8197088130055
97000.0,97.0,7169.7002880093705
98000.0,98.0,7775.856766407798
22000.0,22.0,15998.450414705556
22000.0,22.0,16040.265162165433
21000.0,21.0,15807.222150466812
22000.0,22.0,15982.658903774562
21000.0,21.0,15893.206072865172
40000.0,40.0,19356.12489756417
40000.0,40.0,18578.96446610112
40000.0,40.0,18811.604603649987
40000.0,40.0,18735.26252333091
40000.0,40.0,18615.57311844163
39000.0,39.0,29122.815454796844
26000.0,26.0,29330.057631127736
31000.0,31.0,28934.426396588857
32000.0,32.0,29540.728482537354
37000.0,37.0,28933.441652400827
746000.0,746.0,17851.099346056835
859000.0,859.0,18325.926003457225
746000.0,746.0,19048.789134373696
702000.0,702.0,18294.314538528244
705000.0,705.0,17964.094815153247
338000.0,338.0,1331.0443290690162
331000.0,331.0,1409.9508720860938
329000.0,329.0,2849.672422805654
331000.0,331.0,1326.260371194356
351000.0,351.0,2543.406889315551
121000.0,121.0,6896.448768325207
121000.0,121.0,6931.104655584451
121000.0,121.0,7110.1375637657575
121000.0,121.0,7067.353973001765
121000.0,121.0,7400.806065644656
1.36e6,1360.0,8299.401308185026
1.36e6,1360.0,8489.309632827071
1.36e6,1360.0,8529.75548756152
1.36e6,1360.0,8613.638891252996
1.35e6,1350.0,8445.746074882825
42000.0,42.0,41277.86040068225
42000.0,42.0,42683.91892089533
42000.0,42.0,42210.66969653525
43000.0,43.0,40894.76840718771
42000.0,42.0,42816.01577578648
113000.0,113.0,23576.4573693358
86000.0,86.0,22453.11909033697
57000.0,57.0,22613.7530699034
74000.0,74.0,22942.19999776094
75000.0,75.0,22398.75907488853
220000.0,220.0,15791.155639129918
220000.0,220.0,15842.619746445616
220000.0,220.0,17036.130337976658
220000.0,220.0,16266.034381027754
220000.0,220.0,17292.156797262294
2.49e6,2490.0,359.5561572834291
2.49e6,2490.0,373.48714938332256
2.49e6,2490.0,383.23263197650056
2.49e6,2490.0,370.10834492416546
2.49e6,2490.0,366.62239654168303
125000.0,125.0,6911.880117828643
116000.0,116.0,6946.6135503762835
121000.0,121.0,7126.047058847907
121000.0,121.0,7083.167736416177
125000.0,125.0,7417.365954486382
30000.0,30.0,6671.706191458436
30000.0,30.0,6650.2778211177365
30000.0,30.0,7303.271248231061
30000.0,30.0,6817.962096725401
30000.0,30.0,7390.3940210196515
378000.0,378.0,401.3423204143278
377000.0,377.0,413.1404619529794
374000.0,374.0,429.3360842801761
378000.0,378.0,422.7507791720746
374000.0,374.0,424.33480585215943
1.82e6,1820.0,3394.3465373471327
1.65e6,1650.0,3359.161851811724
2.54e6,2540.0,3099.766743904213
1.67e6,1670.0,3457.5679739834786
1.91e6,1910.0,3358.864577840858
74000.0,74.0,59645.853302052674
74000.0,74.0,56120.619518009466
74000.0,74.0,57284.57379164777
72000.0,72.0,55917.67535558917
74000.0,74.0,56616.48815203703
54000.0,54.0,9065.49723432257
54000.0,54.0,8922.843582442196
54000.0,54.0,9038.220815779674
54000.0,54.0,9096.632132052713
54000.0,54.0,9039.528916616327
253000.0,253.0,49114.96817993443
253000.0,253.0,48609.50527661192
253000.0,253.0,49293.739969870025
253000.0,253.0,49289.75423487391
253000.0,253.0,49380.030386896615
27000.0,27.0,64777.305139785894
27000.0,27.0,62339.88614477747
27000.0,27.0,62423.91430226472
27000.0,27.0,63701.81112402472
27000.0,27.0,61697.070242408336
179000.0,179.0,5488.919320368124
179000.0,179.0,5956.5980494407395
180000.0,180.0,6245.606377934453
180000.0,180.0,5959.829717594441
185000.0,185.0,5606.243486154707
120000.0,120.0,40665.217901473334
120000.0,120.0,42291.56407766162
120000.0,120.0,40544.17818850511
120000.0,120.0,41957.997135423175
120000.0,120.0,40660.89506714267
115000.0,115.0,17187.960138682505
116000.0,116.0,18832.774869985158
115000.0,115.0,20434.611764183748
115000.0,115.0,18291.956981540367
115000.0,115.0,17701.378174413625
1.52e6,1520.0,2270.0542115367243
1.58e6,1580.0,2055.364816585927
2.0e6,2000.0,2286.8033070854667
1.7e6,1700.0,2068.464816573089
1.64e6,1640.0,2307.5451284628716
180000.0,180.0,28931.913484899167
180000.0,180.0,29030.863904651025
180000.0,180.0,31273.469921381205
180000.0,180.0,29814.298647698186
180000.0,180.0,31745.17056931304
90000.0,90.0,30450.470639122093
90000.0,90.0,31229.54107185871
90000.0,90.0,30750.446848311673
90000.0,90.0,31338.249080845464
90000.0,90.0,30902.85435211593
15000.0,15.0,112004.62451325762
15000.0,15.0,110420.93016461877
15000.0,15.0,111390.50005072841
15000.0,15.0,111292.36195927011
15000.0,15.0,110189.99555423067
81000.0,81.0,54173.59768509149
80000.0,80.0,52235.67527703592
80000.0,80.0,51724.07973234363
81000.0,81.0,52488.277065344366
80000.0,80.0,51391.13043023072
305000.0,305.0,37675.15718323663
305000.0,305.0,39111.425384160946
305000.0,305.0,40535.78274738131
305000.0,305.0,38987.5613356416
305000.0,305.0,38446.16010796143
32000.0,32.0,52849.138954168375
32000.0,32.0,52651.62768280058
32000.0,32.0,52946.92640997587
32000.0,32.0,52421.6315910353
33000.0,33.0,52841.57442510404
16000.0,16.0,10328.041195750564
16000.0,16.0,10054.781689750715
16000.0,16.0,10265.89588731061
16000.0,16.0,10150.769723049894
16000.0,16.0,10104.616775906152
13000.0,13.0,27302.25188428313
14000.0,14.0,27233.78968619821
14000.0,14.0,27351.721285749187
14000.0,14.0,27148.02012936108
13000.0,13.0,27310.81032987552
70000.0,70.0,19412.7759551237
70000.0,70.0,19491.83754798251
70000.0,70.0,19188.921695146364
70000.0,70.0,19734.223768636573
70000.0,70.0,19291.28890355741
100000.0,100.0,27046.751877337727
100000.0,100.0,25327.81597824953
100000.0,100.0,25725.789600849486
100000.0,100.0,26401.34410000944
100000.0,100.0,25348.33954937532
215000.0,215.0,15000.59505333749
215000.0,215.0,15134.076248869034
215000.0,215.0,15672.76642415462
215000.0,215.0,15685.60082583918
215000.0,215.0,16029.392157355249
37000.0,37.0,6028.554139224289
37000.0,37.0,5897.803711618212
37000.0,37.0,5941.216920101429
37000.0,37.0,5939.4392845927
37000.0,37.0,5872.11275929346
141000.0,141.0,81348.5111950655
141000.0,141.0,69582.65257645222
141000.0,141.0,75985.80321546034
141000.0,141.0,79205.25366505231
141000.0,141.0,76617.55328941182
109000.0,109.0,99010.20887491248
109000.0,109.0,99953.82608622994
109000.0,109.0,97504.2741874008
109000.0,109.0,99047.93229106227
109000.0,109.0,97683.74762028607
155000.0,155.0,30292.362702090595
155000.0,155.0,30391.558360230967
155000.0,155.0,32746.16527029755
155000.0,155.0,31219.77181259559
155000.0,155.0,33246.561776815346
91000.0,91.0,15585.306679151601
91000.0,91.0,17090.929797755674
91000.0,91.0,18539.88904185791
91000.0,91.0,16612.91716214452
90000.0,90.0,16065.203139879493
40000.0,40.0,43622.693752927196
40000.0,40.0,42022.3277377255
40000.0,40.0,43029.597851302635
40000.0,40.0,42885.49655557713
40000.0,40.0,42336.23166856924
1.16e6,1160.0,4081.2612490939714
1.53e6,1530.0,3645.7403200827744
1.32e6,1320.0,3754.5960750388635
879000.0,879.0,3622.6502966740422
1.26e6,1260.0,3577.411991930896
8200.0,8.2,10253.551146744468
8200.0,8.2,9761.185068683584
8200.0,8.2,9894.958193149787
8200.0,8.2,9862.468901030734
8200.0,8.2,9759.743312804161
42000.0,42.0,37295.85287587861
38000.0,38.0,36279.88078061923
36000.0,36.0,37063.301239237604
36000.0,36.0,37127.99133881555
40000.0,40.0,36831.09198479993
26000.0,26.0,40283.84906474025
26000.0,26.0,38065.8883137262
28000.0,28.0,38838.70787104876
26000.0,26.0,39111.363489700205
27000.0,27.0,38341.689112226515
31000.0,31.0,16124.364460352523
31000.0,31.0,15827.49312497004
31000.0,31.0,16140.95640359724
31000.0,31.0,15947.537885308684
31000.0,31.0,15939.635789859132
1.57e6,1570.0,5251.918617822813
1.43e6,1430.0,5269.880980010534
1.56e6,1560.0,5296.397813073769
1.36e6,1360.0,5359.665572308276
1.46e6,1460.0,5362.375773734509
180000.0,180.0,34084.66997468068
180000.0,180.0,40146.48367476551
180000.0,180.0,28747.118436667894
180000.0,180.0,34461.57257463847
180000.0,180.0,31004.88026638438
22000.0,22.0,42942.670247040616
22000.0,22.0,44051.09067584344
22000.0,22.0,43443.29682366991
23000.0,23.0,43650.609888337065
23000.0,23.0,43691.56767152465
137000.0,137.0,20324.29485161804
144000.0,144.0,20826.278905548912
141000.0,141.0,18861.181141117788
146000.0,146.0,19489.27024293648
146000.0,146.0,6686.310013022801
32000.0,32.0,75082.63596165569
32000.0,32.0,71041.70644903828
33000.0,33.0,70519.80427070809
32000.0,32.0,72456.75650502145
33000.0,33.0,70125.60045452623
348000.0,348.0,11470.965742684812
308000.0,308.0,31484.27828436522
334000.0,334.0,13566.9504842209
329000.0,329.0,26778.06351262286
348000.0,348.0,24309.56618858205
70000.0,70.0,66352.96702274012
70000.0,70.0,69582.65257645222
70000.0,70.0,75438.3315848046
70000.0,70.0,68655.40049431662
70000.0,70.0,76617.55328941182
110000.0,110.0,38057.94566636608
110000.0,110.0,39906.18799778554
109000.0,109.0,40947.63586095608
110000.0,110.0,39383.6841545061
110000.0,110.0,39210.28525268604
536000.0,536.0,4726.94213884993
577000.0,577.0,4593.971606231648
764000.0,764.0,4607.6010136382565
454000.0,454.0,4657.614241459562
975000.0,975.0,4792.460658926708
738000.0,738.0,14429.486458605064
755000.0,755.0,15291.923115946815
739000.0,739.0,15766.70074667212
806000.0,806.0,15159.938010740725
778000.0,778.0,14536.658626809676
32000.0,32.0,55502.82715223089
32000.0,32.0,52590.4389214923
32000.0,32.0,53588.648007263844
32000.0,32.0,52876.91313328867
32000.0,32.0,53099.34356736645
75000.0,75.0,59956.69711398112
73000.0,73.0,58656.324984203784
75000.0,75.0,59088.088974650316
60000.0,60.0,59070.40958564352
75000.0,75.0,58400.8168455138
555000.0,555.0,10315.157622660832
555000.0,555.0,11304.841769424627
555000.0,555.0,12248.613032989946
555000.0,555.0,10982.676993440431
555000.0,555.0,10607.377175647356
57000.0,57.0,9253.31180844
55000.0,55.0,9286.814047509435
56000.0,56.0,9985.59874701729
51000.0,51.0,9537.33216445936
54000.0,54.0,10133.003373553627
227000.0,227.0,23555.106308354618
227000.0,227.0,25816.582741871607
227000.0,227.0,28007.064436259898
227000.0,227.0,25079.23404321561
227000.0,227.0,24268.77131186672
1.98e6,1980.0,2334.328887810473
1.98e6,1980.0,2350.1097742489537
1.98e6,1980.0,2360.1239877673543
1.98e6,1980.0,2386.5934201038535
1.98e6,1980.0,2367.1700337454245
170000.0,170.0,31100.844886562347
170000.0,170.0,36605.188232631794
170000.0,170.0,26237.673846800095
170000.0,170.0,31428.80886315625
170000.0,170.0,28294.09779397635
160000.0,160.0,38057.94566636608
160000.0,160.0,39906.18799778554
160000.0,160.0,40947.63586095608
160000.0,160.0,39383.6841545061
160000.0,160.0,39210.28525268604
95000.0,95.0,31356.746638187058
95000.0,95.0,53249.62448893055
95000.0,95.0,33722.26732581246
95000.0,95.0,54694.83790278133
95000.0,95.0,34159.57204854934
325000.0,325.0,7525.354242520905
317000.0,317.0,7588.804316289942
348000.0,348.0,6318.272656754534
320000.0,320.0,7728.26443679724
355000.0,355.0,6795.233688448598
26000.0,26.0,39059.39764120736
30000.0,30.0,36016.03320387701
28000.0,28.0,36267.73379648804
28000.0,28.0,37430.926839348314
26000.0,26.0,36422.22326659402
202000.0,202.0,26740.064840700048
202000.0,202.0,26823.661111513804
202000.0,202.0,28896.51573484778
201000.0,201.0,27539.620186076623
202000.0,202.0,29332.406959850334
1.39e6,1390.0,4360.537613903078
1.39e6,1390.0,4406.839023068821
1.39e6,1390.0,4381.061662789094
1.4e6,1400.0,4431.524587005732
1.39e6,1390.0,4431.282483845142
40000.0,40.0,79461.00781169963
40000.0,40.0,80591.86124132224
40000.0,40.0,79913.60177491268
40000.0,40.0,80077.42430836633
40000.0,40.0,80367.72015850841
99000.0,99.0,17580.203390540824
99000.0,99.0,17866.136002915606
99000.0,99.0,17515.881405226955
100000.0,100.0,17864.2007332483
99000.0,99.0,17598.682851902435
2.19e6,2190.0,2260.8338287417637
2.16e6,2160.0,2254.4537812054546
2.18e6,2180.0,2267.9067286875693
2.13e6,2130.0,2292.405406056019
2.19e6,2190.0,2296.8408560469225
39000.0,39.0,61561.38231488399
39000.0,39.0,59841.5963800681
39000.0,39.0,60896.13813886242
39000.0,39.0,60628.68906167583
39000.0,39.0,60200.15552775843
28000.0,28.0,21149.632158003555
28000.0,28.0,21096.598059850716
28000.0,28.0,21187.95352609136
28000.0,28.0,21030.156852541197
28000.0,28.0,21156.26193993108
22000.0,22.0,11779.68204942142
22000.0,22.0,11707.670738236073
22000.0,22.0,11923.25660659
22000.0,22.0,11685.93675122404
22000.0,22.0,11885.185356437305
156000.0,156.0,53192.18844094925
156000.0,156.0,53409.20937503768
155000.0,155.0,57508.745398252286
156000.0,156.0,54894.00423178883
156000.0,156.0,47847.20578221252
75000.0,75.0,31810.20840652017
75000.0,75.0,31354.32752075638
75000.0,75.0,31703.951823262632
75000.0,75.0,31328.429216982622
75000.0,75.0,31605.77411454355
286000.0,286.0,5496.566698224701
287000.0,287.0,5953.363130553955
286000.0,286.0,6227.922917158853
287000.0,287.0,5939.569580566188
286000.0,286.0,5610.801419609741
114000.0,114.0,32362.528337951146
86000.0,86.0,31090.729297198806
92000.0,92.0,31909.21139537331
94000.0,94.0,31620.167576255622
110000.0,110.0,31342.35155124437
8.16e6,8160.0,279.16019790681906
8.15e6,8150.0,280.2299589378658
8.67e6,8670.0,281.78461131612147
8.67e6,8670.0,287.9139491153172
8.15e6,8150.0,281.604775477724
50000.0,50.0,11018.372164371836
50000.0,50.0,11096.780497883148
50000.0,50.0,10947.096749456921
50000.0,50.0,11176.48604175885
50000.0,50.0,10946.72417977981
557000.0,557.0,8011.093162248771
560000.0,560.0,8780.987971637722
531000.0,531.0,9512.05690171995
540000.0,540.0,8528.545836709609
510000.0,510.0,8235.895767235432
343000.0,343.0,25935.625905058845
343000.0,343.0,30405.362101715167
343000.0,343.0,21928.868332876656
343000.0,343.0,25981.6710443219
343000.0,343.0,23593.36274585996
116000.0,116.0,67455.33884901258
116000.0,116.0,61764.250435507885
116000.0,116.0,62303.28435048442
115000.0,115.0,63612.02655363254
116000.0,116.0,62408.80448743839
7100.0,7.1,73351.52325890108
7100.0,7.1,73165.79948246518
7100.0,7.1,73467.53135474712
7100.0,7.1,72885.46838870848
7100.0,7.1,73363.67088992152
29000.0,29.0,45718.87541743256
29000.0,29.0,44877.43532561455
29000.0,29.0,45562.30399946496
29000.0,29.0,45594.06377837901
28000.0,28.0,45492.42867860599
1.46e6,1460.0,219.125822759506
1.43e6,1430.0,219.01921832365406
1.37e6,1370.0,220.0244102059684
1.37e6,1370.0,222.73465857447846
1.5e6,1500.0,222.9169183470421
28000.0,28.0,10289.94798408572
29000.0,29.0,10147.735644768072
28000.0,28.0,10194.522293453196
28000.0,28.0,10328.92044100538
28000.0,28.0,10101.46368003107
5.45e6,5450.0,301.3250134043119
5.45e6,5450.0,296.7269874405157
5.52e6,5520.0,306.1073432723715
5.8e6,5800.0,305.83463882924536
5.7e6,5700.0,298.20912312722845
212000.0,212.0,29569.625841582296
144000.0,144.0,29685.877841647063
282000.0,282.0,31958.588259680728
144000.0,144.0,30494.519615198926
140000.0,140.0,32449.669971239866
9500.0,9.5,7770.654396516344
9500.0,9.5,7825.951499612329
9500.0,9.5,7720.387750226884
9500.0,9.5,7882.163454128366
9500.0,9.5,7720.124997239758
20000.0,20.0,18002.92554087299
20000.0,20.0,17342.46036251874
17000.0,17.0,17758.157039963357
17000.0,17.0,17698.686964319168
21000.0,21.0,17472.007362205975
80000.0,80.0,10762.390828217342
80000.0,80.0,11027.837120005535
80000.0,80.0,10799.026935940989
93000.0,93.0,11005.213605352423
80000.0,80.0,10885.764404213603
7.84e6,7840.0,476.4017955954152
7.91e6,7910.0,482.0816802099133
7.86e6,7860.0,480.5059557326398
7.96e6,7960.0,491.83785876049836
7.79e6,7790.0,480.3977598359451
12000.0,12.0,10856.503737341152
13000.0,13.0,10915.255507328171
12000.0,12.0,10746.953598606511
12000.0,12.0,10927.796679244138
12000.0,12.0,10773.848245388852
1.95e6,1950.0,226.6563077559919
1.97e6,1970.0,228.67845039255604
1.55e6,1550.0,230.47717631333742
1.97e6,1970.0,235.13579159024397
1.76e6,1760.0,227.93429047928907
21000.0,21.0,11861.28111503603
21000.0,21.0,11857.674298531683
21000.0,21.0,12077.582195031842
21000.0,21.0,11854.426994862511
21000.0,21.0,12048.092359335176
70000.0,70.0,22015.803201133967
60000.0,60.0,21551.867204170383
57000.0,57.0,22029.265309802176
68000.0,68.0,21640.601696708345
71000.0,71.0,21717.995427192207
207000.0,207.0,13456.25302959589
207000.0,207.0,13498.320712643845
207000.0,207.0,14541.431732430718
207000.0,207.0,13858.60878687054
207000.0,207.0,14760.782831687868
201000.0,201.0,14976.65345902219
201000.0,201.0,15080.704662495617
200000.0,200.0,15581.738755011545
201000.0,201.0,15585.614148634582
201000.0,201.0,15994.535604308541
355000.0,355.0,2248.802765838029
355000.0,355.0,2448.726737859735
355000.0,355.0,2659.817803311583
356000.0,356.0,2358.2266383074693
356000.0,356.0,2298.803993169502
361000.0,361.0,19898.390813211063
376000.0,376.0,20429.35833892544
377000.0,377.0,18544.16965207577
362000.0,362.0,19172.625061981675
366000.0,366.0,19582.244728688427
23000.0,23.0,33039.89069051474
23000.0,23.0,32235.66183866006
24000.0,24.0,32547.652165438947
23000.0,23.0,32351.516573246292
23000.0,23.0,32115.09699399371
124000.0,124.0,37366.76079944299
122000.0,122.0,44008.86361457801
121000.0,121.0,31517.593502817876
122000.0,122.0,37785.10010865805
122000.0,122.0,33990.68987028034
851000.0,851.0,599.2925065933018
851000.0,851.0,640.104367113582
851000.0,851.0,670.8255067329401
851000.0,851.0,641.0063767060916
852000.0,852.0,609.9582512824242
1.5e6,1500.0,258.57808640781684
1.5e6,1500.0,252.55735836881271
1.51e6,1510.0,259.10258132255376
1.51e6,1510.0,256.18940936743354
1.5e6,1500.0,257.77273900252527
4.68e6,4680.0,586.2585153271217
4.68e6,4680.0,626.1827601543542
4.68e6,4680.0,656.2357468082066
4.68e6,4680.0,627.0651519725362
4.68e6,4680.0,596.6922911169239
61000.0,61.0,41473.017306226706
60000.0,60.0,42412.75437661232
61000.0,61.0,41111.0946899978
61000.0,61.0,42152.31671026426
60000.0,60.0,41133.14513301317
17000.0,17.0,7872.75734733896
17000.0,17.0,7843.411178311557
17000.0,17.0,8617.6553178674
17000.0,17.0,8038.174413977155
17000.0,17.0,8720.839940267344
77000.0,77.0,62446.40874963443
91000.0,91.0,76114.31499318295
88000.0,88.0,51484.70671742754
79000.0,79.0,65281.8857461982
75000.0,75.0,56780.8590101158
130000.0,130.0,41267.21412553959
130000.0,130.0,41924.47106891137
130000.0,130.0,34819.0587511383
130000.0,130.0,41758.16083133559
130000.0,130.0,37558.4813558795
239000.0,239.0,17447.122071537353
238000.0,238.0,18132.75897709098
240000.0,240.0,16288.674441023517
238000.0,238.0,16851.83046994622
236000.0,236.0,17183.340863691832
5000.0,5.0,37409.511409305494
5000.0,5.0,36557.21891127551
5000.0,5.0,36566.75447758213
5000.0,5.0,37076.84446798153
5000.0,5.0,36224.7041625763
22000.0,22.0,59153.31629047124
22000.0,22.0,58977.599416595825
22000.0,22.0,59238.11149127249
22000.0,22.0,58762.34398089207
22000.0,22.0,59149.98057251176
100000.0,100.0,18903.60213950666
100000.0,100.0,17677.082565272005
100000.0,100.0,18198.640027732286
100000.0,100.0,18203.896681609465
100000.0,100.0,17975.159378926208
85000.0,85.0,7705.575119611477
85000.0,85.0,7516.047679676647
85000.0,85.0,7660.723624836241
85000.0,85.0,7718.3098449215995
85000.0,85.0,7625.524061168492
75000.0,75.0,77024.68213833898
75000.0,75.0,72783.72734634516
75000.0,75.0,72940.95007512814
75000.0,75.0,74232.0104733423
75000.0,75.0,72056.5005122471
77000.0,77.0,16135.76331732019
79000.0,79.0,17068.524409290403
88000.0,88.0,15333.11725014348
73000.0,73.0,15862.256984175956
84000.0,84.0,15887.503710567473
31000.0,31.0,75284.47571852137
31000.0,31.0,72305.31742983268
31000.0,31.0,73298.2471167127
31000.0,31.0,72953.31015909865
31000.0,31.0,72577.52463504797
25000.0,25.0,9822.882879262563
25000.0,25.0,9710.320672627093
25000.0,25.0,9773.10004429355
25000.0,25.0,9820.748972165522
25000.0,25.0,9684.021877200677
13000.0,13.0,16644.078261422146
13000.0,13.0,16882.44964719056
13000.0,13.0,17430.83108782182
13000.0,13.0,17426.228694340924
12000.0,12.0,17797.310897341315
145000.0,145.0,42636.96936895625
161000.0,161.0,50149.288660711056
126000.0,126.0,35954.50333980868
154000.0,154.0,43023.83847612274
142000.0,142.0,38771.027881761416
828000.0,828.0,221.26052166961657
104000.0,104.0,223.23452512483135
185000.0,185.0,224.9904305285372
274000.0,274.0,229.53814268634767
109000.0,109.0,222.50808070223738
32000.0,32.0,26867.793850293452
32000.0,32.0,26723.304840735047
32000.0,32.0,26853.782937540604
32000.0,32.0,26507.939171362937
32000.0,32.0,26898.090865532668
110000.0,110.0,50989.50583966043
110000.0,110.0,49565.05707537305
110000.0,110.0,50438.503400752365
110000.0,110.0,50216.98309418645
110000.0,110.0,49862.04120840475
54000.0,54.0,46834.98274569487
56000.0,56.0,46994.45827067082
59000.0,59.0,50613.94907788694
54000.0,54.0,48263.0217813813
58000.0,58.0,51399.68874061224
49000.0,49.0,40454.28147129414
49000.0,49.0,40586.753444992784
49000.0,49.0,43731.24011415292
49000.0,49.0,41692.80055164379
49000.0,49.0,44399.500339378785
58000.0,58.0,36951.96061753157
58000.0,58.0,37041.4642912373
58000.0,58.0,37239.83736334427
58000.0,58.0,36616.0339204906
58000.0,58.0,36724.048832034416
280000.0,280.0,3195.887104885995
280000.0,280.0,3747.11660713549
280000.0,280.0,2701.868462084562
280000.0,280.0,3202.938686347645
280000.0,280.0,2907.394530490622
355000.0,355.0,16621.11255782096
355000.0,355.0,16859.15503582371
355000.0,355.0,17406.779813008186
355000.0,355.0,17402.183769966345
355000.0,355.0,17772.753949185542
70000.0,70.0,43025.17704315038
71000.0,71.0,34762.94115109393
57000.0,57.0,43428.3375878539
64000.0,64.0,36049.7028684063
39000.0,39.0,43687.84704061977
300000.0,300.0,454.1847056837976
300000.0,300.0,470.9601259813099
300000.0,300.0,489.07126483517266
300000.0,300.0,481.322856782882
300000.0,300.0,480.799478684564
19000.0,19.0,40888.56381444371
19000.0,19.0,38425.427071150036
19000.0,19.0,39200.51628685841
19000.0,19.0,38709.96890577827
19000.0,19.0,38715.244043574385
35000.0,35.0,63746.34201756084
41000.0,41.0,64273.004761198405
41000.0,41.0,62801.58376601007
43000.0,43.0,64667.6975781998
52000.0,52.0,62812.06371874777
55000.0,55.0,24264.47813207683
56000.0,56.0,24331.343616661212
55000.0,55.0,26223.150612828285
56000.0,56.0,24973.01585897035
56000.0,56.0,26613.07072393564
13000.0,13.0,98977.0377895094
13000.0,13.0,98719.49082888597
13000.0,13.0,99111.86972185892
12000.0,12.0,98389.76387483094
12000.0,12.0,98985.40715927152
94000.0,94.0,12095.08106769883
96000.0,96.0,11832.756638820883
94000.0,94.0,11919.856507858634
95000.0,95.0,11916.29003983158
96000.0,96.0,11781.21291143648
250000.0,250.0,31210.121409059313
250000.0,250.0,31329.047604210547
250000.0,250.0,26020.498951947186
250000.0,250.0,32172.482697756615
250000.0,250.0,34248.415607374
17000.0,17.0,55856.31827579807
17000.0,17.0,55649.08087591298
17000.0,17.0,55938.54344989935
18000.0,18.0,55448.08484782713
17000.0,17.0,54447.07099430868
50000.0,50.0,11819.39348898647
50000.0,50.0,11854.490312321079
50000.0,50.0,12761.655361975823
50000.0,50.0,12171.753512295074
50000.0,50.0,12945.409392996084
63000.0,63.0,62446.40874963443
43000.0,43.0,76114.31499318295
47000.0,47.0,51484.70671742754
46000.0,46.0,65281.8857461982
62000.0,62.0,56780.8590101158
125000.0,125.0,52439.48480287138
125000.0,125.0,51252.029586455246
125000.0,125.0,50488.675089408265
125000.0,125.0,51679.89692229176
125000.0,125.0,50128.13920751549
74000.0,74.0,12020.380928091045
74000.0,74.0,11741.110199044731
74000.0,74.0,11552.422300137847
74000.0,74.0,11832.683508799346
74000.0,74.0,11463.115602265125
23000.0,23.0,63984.00981955462
23000.0,23.0,64377.37268999151
27000.0,27.0,64345.3752639279
27000.0,27.0,64464.774606932326
23000.0,23.0,64374.23821078869
42000.0,42.0,47861.744313932315
42000.0,42.0,47157.9023875906
42000.0,42.0,47115.15959810194
42000.0,42.0,47735.25796895959
42000.0,42.0,46827.95968475358
210000.0,210.0,33518.455716280725
210000.0,210.0,39191.04943783028
210000.0,210.0,28142.029653858644
210000.0,210.0,33358.30958923665
210000.0,210.0,36944.137131097224
165000.0,165.0,9492.066711585501
184000.0,184.0,9460.683253705212
156000.0,156.0,10385.952306743467
174000.0,174.0,9697.375767433976
191000.0,191.0,10512.16254375244
115000.0,115.0,23027.523800661365
115000.0,115.0,23105.922105620957
115000.0,115.0,24841.38991350155
115000.0,115.0,23717.334304307195
115000.0,115.0,25209.80039293738
71000.0,71.0,88533.70007950175
71000.0,71.0,89377.47087976521
71000.0,71.0,87187.1119702703
71000.0,71.0,88567.43189008301
72000.0,72.0,87347.59488672767
42000.0,42.0,88477.00863602814
42000.0,42.0,84552.15882941612
42000.0,42.0,86347.66521585583
42000.0,42.0,86255.71637593705
42000.0,42.0,85066.34045365982
342000.0,342.0,2511.3937268888026
341000.0,341.0,2451.9280344327904
371000.0,371.0,2524.7018875086887
343000.0,343.0,2493.999331356638
344000.0,344.0,2501.6386481915506
5000.0,5.0,31454.359001413177
5000.0,5.0,31443.437715672102
5000.0,5.0,31533.3640408369
5000.0,5.0,31421.240298161603
5000.0,5.0,31527.46399900978
6000.0,6.0,6359.3646094793485
6000.0,6.0,6353.744569627061
6000.0,6.0,6373.373278350949
6000.0,6.0,6346.195492860159
6000.0,6.0,6370.141214401607
19000.0,19.0,72828.67558835511
19000.0,19.0,69303.67736909
19000.0,19.0,69333.66824515104
18000.0,18.0,71325.66945736724
18000.0,18.0,68668.41760436472
173000.0,173.0,38923.704630702705
173000.0,173.0,39045.390070613445
173000.0,173.0,42062.704410787876
173000.0,173.0,40087.56329315322
173000.0,173.0,42697.20179866596
26000.0,26.0,15881.12847441827
32000.0,32.0,15931.774634951691
34000.0,34.0,17156.66835159524
38000.0,38.0,16353.639809208951
27000.0,27.0,17424.19249478033
145000.0,145.0,114074.22082599686
145000.0,145.0,110574.29959802935
145000.0,145.0,111717.91353864399
145000.0,145.0,111546.86609519094
145000.0,145.0,110573.38450473918
201000.0,201.0,10190.559393247782
201000.0,201.0,10153.863879011393
201000.0,201.0,10957.126425732815
201000.0,201.0,10333.87795323941
201000.0,201.0,11093.974311753302
220000.0,220.0,37844.75740929908
220000.0,220.0,37976.26925054872
220000.0,220.0,40842.378701439804
220000.0,220.0,39010.77461146208
220000.0,220.0,41453.36589592296
170000.0,170.0,31020.53106483995
169000.0,169.0,31127.23198495463
170000.0,170.0,33532.705153028386
170000.0,170.0,31955.299617618584
170000.0,170.0,34035.57113467977
280000.0,280.0,47867.864579688656
280000.0,280.0,47726.85913688717
280000.0,280.0,51478.96700821061
280000.0,280.0,48611.4942117953
280000.0,280.0,52146.537642676034
34000.0,34.0,4206.877387625864
34000.0,34.0,4193.3595286368
34000.0,34.0,4523.223640272088
34000.0,34.0,4267.434226880543
34000.0,34.0,4580.295584142386
850000.0,850.0,56128.65589654276
850000.0,850.0,66110.89880908243
850000.0,850.0,47339.08586902812
850000.0,850.0,56749.31721892782
851000.0,851.0,51057.036986954205
55000.0,55.0,46509.27443238575
55000.0,55.0,46259.15791610387
55000.0,55.0,46485.020956648186
55000.0,55.0,45886.35093850262
55000.0,55.0,46561.719832409835
59000.0,59.0,8496.457214051694
59000.0,59.0,8331.412707610141
59000.0,59.0,8346.90751900196
59000.0,59.0,8564.577416130189
59000.0,59.0,8325.993604742496
22000.0,22.0,62515.30101026337
23000.0,23.0,59549.24914970996
22000.0,22.0,60437.531898882175
22000.0,22.0,60199.91472373185
22000.0,22.0,59647.07426537889
32000.0,32.0,114074.22082599686
32000.0,32.0,110574.29959802935
32000.0,32.0,111717.91353864399
32000.0,32.0,111546.86609519094
32000.0,32.0,110573.38450473918
34000.0,34.0,13349.689058121905
33000.0,33.0,13060.154036548354
33000.0,33.0,13156.288668647881
34000.0,34.0,13152.352255247226
34000.0,34.0,13003.26374125997
30000.0,30.0,19833.167414473628
30000.0,30.0,19726.509058670737
30000.0,30.0,19822.82489138426
30000.0,30.0,19567.53123563893
30000.0,30.0,19855.531951686706
153000.0,153.0,72114.28242229532
153000.0,153.0,71247.52035597908
153000.0,153.0,72220.73374446758
153000.0,153.0,72816.6332176175
153000.0,153.0,71811.55730254068
85000.0,85.0,64646.327082742144
84000.0,84.0,62333.76946786158
85000.0,85.0,61723.27331605525
85000.0,85.0,62635.20371861224
84000.0,84.0,61325.95893402954
60000.0,60.0,7461.260744092139
60000.0,60.0,7453.585927155438
60000.0,60.0,7478.185521353062
60000.0,60.0,7446.652271485349
60000.0,60.0,7475.850971310557
32000.0,32.0,66762.75294767538
31000.0,31.0,67951.78246327091
31000.0,31.0,66840.52346432145
30000.0,30.0,67702.56620334035
32000.0,32.0,66865.66090135055
25000.0,25.0,65344.12766826968
25000.0,25.0,65856.96675238924
25000.0,25.0,65826.4471288753
25000.0,25.0,66578.14752009581
25000.0,25.0,66018.15295504405
3000.0,3.0,15193.185954025339
5000.0,5.0,15256.456617778707
6800.0,6.8,15036.778972393544
9000.0,9.0,15256.012866432888
10000.0,10.0,15064.92106469763
74000.0,74.0,66352.96702274012
74000.0,74.0,69582.65257645222
74000.0,74.0,75438.3315848046
74000.0,74.0,68655.40049431662
74000.0,74.0,76617.55328941182
192000.0,192.0,14653.205043746193
257000.0,257.0,14335.398687359075
138000.0,138.0,14440.920281894072
108000.0,108.0,14436.599501653754
204000.0,204.0,14272.953400563963
36000.0,36.0,63146.18325886731
36000.0,36.0,62955.2505492587
36000.0,36.0,63257.938439137775
35000.0,35.0,62733.52462945806
36000.0,36.0,63166.08952981634
47000.0,47.0,86488.26483128457
47000.0,47.0,41724.75102946843
47000.0,47.0,80362.88394720311
47000.0,47.0,42851.06461190411
47000.0,47.0,78737.83738789709
267000.0,267.0,43718.2914718646
274000.0,274.0,51478.32364779427
268000.0,268.0,36862.30745085423
280000.0,280.0,44176.085532305355
273000.0,273.0,39757.483288648946
960000.0,960.0,522.8621585961747
928000.0,928.0,524.8623561308314
1.05e6,1050.0,638.9011274870218
962000.0,962.0,476.1024754418859
962000.0,962.0,461.28279494371105
30000.0,30.0,23696.357398821878
30000.0,30.0,23672.791067526676
30000.0,30.0,23742.434690943755
30000.0,30.0,23665.56002676174
30000.0,30.0,23744.841833852464
1.26e6,1260.0,170.9924687151607
1.27e6,1270.0,177.43393525219318
1.27e6,1270.0,184.5200228335076
1.26e6,1260.0,177.7153852754507
1.27e6,1270.0,173.97835835577033
36000.0,36.0,114074.22082599686
36000.0,36.0,110574.29959802935
36000.0,36.0,111717.91353864399
36000.0,36.0,111546.86609519094
36000.0,36.0,110573.38450473918
240000.0,240.0,2952.6409649341144
240000.0,240.0,3048.414213506607
240000.0,240.0,3162.8661818677397
240000.0,240.0,3050.8226602518216
240000.0,240.0,3013.5163289848138
52000.0,52.0,37646.63209671466
52000.0,52.0,44279.690795667615
51000.0,51.0,31746.29856406728
53000.0,53.0,37988.22107835758
51000.0,51.0,34233.17004652926
7.23e6,7230.0,830.7867155137179
7.27e6,7270.0,849.3240417318823
7.27e6,7270.0,864.5913753419389
7.23e6,7230.0,875.6837273248362
7.26e6,7260.0,836.4573165553568
9.08e6,9080.0,273.59736826479894
7.69e6,7690.0,275.1779035374892
7.25e6,7250.0,277.33949866752573
7.93e6,7930.0,283.5336812495988
8.93e6,8930.0,276.1532418875757
631000.0,631.0,10049.774067995198
629000.0,629.0,11005.797457794704
636000.0,636.0,11947.583841378611
633000.0,633.0,10685.7502968725
645000.0,645.0,10349.987131696707
24000.0,24.0,17179.93013196448
25000.0,25.0,17261.606012129672
25000.0,25.0,16999.565739611488
24000.0,24.0,17261.677031569852
25000.0,25.0,17037.261382910037
18000.0,18.0,40616.10320265241
19000.0,19.0,40900.018938105524
18000.0,18.0,40862.25921376992
18000.0,18.0,40961.82197032793
18000.0,18.0,40870.67421455905
87000.0,87.0,3292.982219039888
77000.0,77.0,3237.819767351735
94000.0,94.0,3291.1341005732115
96000.0,96.0,3360.5936866055154
89000.0,89.0,3284.308384238158
52000.0,52.0,15286.7259307933
52000.0,52.0,15238.414851627853
52000.0,52.0,16434.329387208156
52000.0,52.0,15513.090279178341
52000.0,52.0,16648.575517055462
50000.0,50.0,33238.609352709565
50000.0,50.0,33367.03740420899
50000.0,50.0,35923.66335345226
50000.0,50.0,34277.474940512984
50000.0,50.0,36485.207632672835
34000.0,34.0,44922.744743982075
34000.0,34.0,44735.94139171461
33000.0,33.0,44092.167359397
33000.0,33.0,45380.43630583388
33000.0,33.0,44182.06232979842
55000.0,55.0,44324.74389949922
55000.0,55.0,44488.52226206712
55000.0,55.0,47939.34258928385
55000.0,55.0,45718.212982423436
55000.0,55.0,48665.92549782107
123000.0,123.0,40358.74414268989
123000.0,123.0,47494.56091978522
123000.0,123.0,34036.626439553664
124000.0,124.0,40756.06932211339
124000.0,124.0,36697.20277311541
65000.0,65.0,48325.448558638614
65000.0,65.0,48458.61872277905
65000.0,65.0,52226.36601074926
65000.0,65.0,49736.58146190851
65000.0,65.0,53002.93594844707
194000.0,194.0,41548.7969993591
194000.0,194.0,41707.11872696413
194000.0,194.0,44910.40020178875
193000.0,193.0,42829.95042071425
194000.0,194.0,45593.557582490466
138000.0,138.0,19623.2927363103
138000.0,138.0,19684.334804473354
138000.0,138.0,21163.361251217095
138000.0,138.0,20199.404612144757
138000.0,138.0,21477.255733701448
824000.0,824.0,17729.14626549005
939000.0,939.0,18235.990658342722
776000.0,776.0,18998.804178175254
886000.0,886.0,18256.710536199425
869000.0,869.0,17851.713455764533
50000.0,50.0,14137.800073911529
50000.0,50.0,13483.349260397852
49000.0,49.0,13939.976493629249
49000.0,49.0,13581.569483334431
50000.0,50.0,13758.282145939327
1.0e6,1000.0,36509.44996672752
1.0e6,1000.0,42790.88120956985
1.0e6,1000.0,30849.78339121896
1.0e6,1000.0,36569.34610062236
1.0e6,1000.0,33200.720882275076
286000.0,286.0,3771.4928230066707
260000.0,260.0,4024.2990901695593
250000.0,250.0,3655.0303341556773
277000.0,277.0,3794.729369020324
341000.0,341.0,3712.126854626782
97000.0,97.0,9337.187670843361
94000.0,94.0,9499.677546832067
91000.0,91.0,9379.5510790328
80000.0,80.0,9431.64260077681
90000.0,90.0,9402.22775978386
65000.0,65.0,75301.26506608799
65000.0,65.0,75063.32002028778
65000.0,65.0,75406.62653573517
65000.0,65.0,74741.35026564825
65000.0,65.0,75272.42623663456
5.68e6,5680.0,477.0968203387518
5.67e6,5670.0,476.36127924974693
5.68e6,5680.0,478.4457307088153
5.68e6,5680.0,485.1356226807187
5.68e6,5680.0,487.18645347292727
35000.0,35.0,54344.544020812085
35000.0,35.0,55716.91001677136
35000.0,35.0,55089.88545833928
35000.0,35.0,55363.59971950578
35000.0,35.0,55270.78318677719
875000.0,875.0,2501.156137331944
504000.0,504.0,2441.932854238336
724000.0,724.0,2514.410047801913
1.28e6,1280.0,2483.8326493122654
542000.0,542.0,2491.4408247974907
1.17e6,1170.0,3394.3465373471327
1.16e6,1160.0,3359.161851811724
1.52e6,1520.0,3099.766743904213
1.46e6,1460.0,3457.5679739834786
1.46e6,1460.0,3358.864577840858
401000.0,401.0,4058.1059459596167
221000.0,221.0,4258.130451058385
436000.0,436.0,4433.397672244749
269000.0,269.0,4279.138697010613
338000.0,338.0,4153.099617184781
147000.0,147.0,36457.59522506146
147000.0,147.0,36581.716849830584
147000.0,147.0,39329.341102161976
147000.0,147.0,37549.71578225281
147000.0,147.0,39912.615285361666
25000.0,25.0,15173.046012161281
23000.0,23.0,15290.285761708239
23000.0,23.0,15286.685816097242
23000.0,23.0,15452.938216718725
23000.0,23.0,15328.870377284544
13000.0,13.0,9484.62725698743
12000.0,12.0,9531.924291942383
13000.0,13.0,9392.741431225333
13000.0,13.0,9541.134200219763
13000.0,13.0,9414.587578561623
1.3e6,1300.0,2037.6659334641438
997000.0,997.0,2165.1165882733526
1.17e6,1170.0,2256.055092721051
1.1e6,1100.0,2176.1093249456676
1.28e6,1280.0,2074.91161447334
25000.0,25.0,6573.125626528784
25000.0,25.0,6632.662482785508
25000.0,25.0,6470.3895011564255
25000.0,25.0,6569.09452249369
24000.0,24.0,6504.254086077119
146000.0,146.0,16906.329013620987
147000.0,147.0,16856.52766088372
147000.0,147.0,18181.725070966382
146000.0,146.0,17168.969666908193
147000.0,147.0,15088.520694980072
47000.0,47.0,15101.670848779833
47000.0,47.0,8104.549145728513
47000.0,47.0,14398.879764778516
47000.0,47.0,14256.975446369883
47000.0,47.0,8843.256884425824
42000.0,42.0,22108.406258688243
42000.0,42.0,22502.151969039038
42000.0,42.0,22134.15987280757
42000.0,42.0,22419.624300877505
42000.0,42.0,22142.48410519172
20000.0,20.0,39738.22154419015
20000.0,20.0,39527.422594354764
20000.0,20.0,39537.43669572867
20000.0,20.0,38828.2193134722
20000.0,20.0,40913.97973909952
231000.0,231.0,37668.67225278246
205000.0,205.0,39180.45361007789
230000.0,230.0,40700.50889299249
219000.0,219.0,39168.31082953151
206000.0,206.0,19540.203795265566
24000.0,24.0,73254.16732553895
24000.0,24.0,68928.14933987238
25000.0,25.0,68148.88545748097
24000.0,24.0,71905.19982126547
25000.0,25.0,68943.30401995633
1.64e6,1640.0,2229.065123990999
1.59e6,1590.0,2222.7747273807763
1.54e6,1540.0,2236.038637211758
1.18e6,1180.0,2260.193064932929
1.12e6,1120.0,2264.566189024685
35000.0,35.0,65094.66987188756
35000.0,35.0,64888.976724628694
35000.0,35.0,65185.75028173033
35000.0,35.0,64610.647869614106
35000.0,35.0,65069.739957614336
373000.0,373.0,19265.862056400434
373000.0,373.0,21127.046305713677
373000.0,373.0,22918.185196779727
373000.0,373.0,20536.148372904936
373000.0,373.0,19859.088689926106
55000.0,55.0,92053.45452198837
51000.0,51.0,94196.04184419833
51000.0,51.0,91414.31973169431
51000.0,51.0,93668.61775637612
52000.0,52.0,91517.70104079449
41000.0,41.0,36240.83781616001
41000.0,41.0,34535.10859800804
41000.0,41.0,35048.90941071469
41000.0,41.0,34708.0065719943
41000.0,41.0,34319.78317891403
91000.0,91.0,55471.49790758502
91000.0,91.0,53276.3790440993
92000.0,92.0,54007.9946464192
92000.0,92.0,53753.836408085
91000.0,91.0,53476.94816901409
134000.0,134.0,16937.42972835628
131000.0,131.0,16876.18586799727
131000.0,131.0,18207.365096847894
136000.0,136.0,17175.505015346946
132000.0,132.0,18442.774456102925
110000.0,110.0,72869.94210484187
110000.0,110.0,68279.88297850621
110000.0,110.0,69435.68967182653
110000.0,110.0,71212.71601153426
110000.0,110.0,68457.58108747422
423000.0,423.0,2486.980588827949
426000.0,426.0,2668.924165924816
426000.0,426.0,2806.5906540619435
421000.0,421.0,2674.235048330221
426000.0,426.0,2504.9552881596646
572000.0,572.0,14741.098899235287
572000.0,572.0,15348.810258067455
572000.0,572.0,15824.894067340121
572000.0,572.0,15216.831288008701
572000.0,572.0,14854.60925040021
62000.0,62.0,36548.931950333696
69000.0,69.0,35471.41258603758
68000.0,68.0,35637.09503721124
68000.0,68.0,35708.07718528696
72000.0,72.0,35268.217598228846
9.09e6,9090.0,301.2394380246287
510000.0,510.0,8814.868879841419
400000.0,400.0,9664.086644568295
325000.0,325.0,10477.758423927746
362000.0,362.0,9386.876207477862
318000.0,318.0,9079.438373197272
1.3e6,1300.0,5713.628231760928
1.27e6,1270.0,6080.180561250333
1.2e6,1200.0,6360.404071673296
1.46e6,1460.0,6066.291367824495
1.31e6,1310.0,5833.954398899078
67000.0,67.0,42855.053185265206
67000.0,67.0,43911.41566679544
66000.0,66.0,43669.6262701889
67000.0,67.0,42371.4360079346
67000.0,67.0,44089.747211814574
250000.0,250.0,18989.191475550102
250000.0,250.0,20795.466487177186
250000.0,250.0,22573.90166159286
250000.0,250.0,20193.448239102145
250000.0,250.0,19557.56966511599
292000.0,292.0,65485.922656035335
292000.0,292.0,65269.407669586784
292000.0,292.0,71652.85391837166
292000.0,292.0,66902.35317221226
292000.0,292.0,72523.58039662971
38000.0,38.0,6276.996550572147
38000.0,38.0,6876.511237225498
38000.0,38.0,7450.798775299067
37000.0,37.0,6676.8949425297
38000.0,38.0,6450.8048395159
1.94e6,1940.0,2664.3785683918027
1.94e6,1940.0,2803.8373731210563
1.94e6,1940.0,2941.6268189343323
1.94e6,1940.0,2801.479155763105
1.94e6,1940.0,2682.8071638339015
13000.0,13.0,84320.74228639794
13000.0,13.0,84426.54632271225
14000.0,14.0,82453.73508043191
13000.0,13.0,83824.28072706622
13000.0,13.0,82334.69007946008
97000.0,97.0,73564.48005890683
97000.0,97.0,74165.07579229052
97000.0,97.0,74143.33214002936
97000.0,97.0,73824.53347365734
97000.0,97.0,74213.05220580004
97000.0,97.0,40039.864113351345
100000.0,100.0,40164.415897156934
93000.0,93.0,43182.25896475248
110000.0,110.0,41215.37739404639
92000.0,92.0,43822.73722665743
15000.0,15.0,65809.46082501225
15000.0,15.0,65821.30334949894
19000.0,19.0,65941.0445089795
15000.0,15.0,65795.52912674157
15000.0,15.0,65958.5097048679
243000.0,243.0,17962.955069622618
243000.0,243.0,17903.56445839303
243000.0,243.0,19654.559993090683
243000.0,243.0,18351.485561205805
243000.0,243.0,19893.402479727596
107000.0,107.0,27260.461050684975
107000.0,107.0,27369.75943301901
116000.0,116.0,39967.557738389434
109000.0,109.0,40910.54598873845
113000.0,113.0,29915.35010054002
101000.0,101.0,14068.182771043532
113000.0,113.0,13263.530947796426
105000.0,105.0,13615.315405491336
107000.0,107.0,13483.631470080218
113000.0,113.0,13422.785380271165
291000.0,291.0,1315.8880703627037
291000.0,291.0,1391.2008499202557
292000.0,292.0,1275.4384377083638
291000.0,291.0,1304.8833547595439
292000.0,292.0,1276.7025550418325
48000.0,48.0,26776.512666543615
48000.0,48.0,27025.227457087825
48000.0,48.0,26851.966753847788
48000.0,48.0,26594.41623960751
48000.0,48.0,26979.21669858138
68000.0,68.0,14492.94477907486
68000.0,68.0,13290.95928331742
68000.0,68.0,13770.217821294502
68000.0,68.0,13479.541106038663
68000.0,68.0,13409.37465145835
146000.0,146.0,27537.52436968175
137000.0,137.0,27639.83674204894
159000.0,159.0,29752.152377771643
177000.0,177.0,28378.522801604344
126000.0,126.0,30211.377404315437
90000.0,90.0,51550.69235341991
90000.0,90.0,51395.30261704956
90000.0,90.0,56420.37049385645
90000.0,90.0,53470.80945681396
90000.0,90.0,57376.17229598894
256000.0,256.0,61256.71590555704
256000.0,256.0,72112.8405855664
256000.0,256.0,51484.70671742754
256000.0,256.0,61907.71906951156
256000.0,256.0,55734.44881562603
75000.0,75.0,17008.245289845163
68000.0,68.0,16253.757663446406
72000.0,72.0,16598.914145461727
69000.0,69.0,16581.238497883165
68000.0,68.0,16352.600598164565
2.65e6,2650.0,20701.49161513917
2.65e6,2650.0,22685.89093592532
2.65e6,2650.0,24619.995522442416
2.65e6,2650.0,22046.44445427933
2.65e6,2650.0,21331.07421867851
75000.0,75.0,6508.685751763873
75000.0,75.0,6525.1001661650125
76000.0,76.0,7020.945389981673
76000.0,76.0,6695.616783435667
75000.0,75.0,7122.620799109568
29000.0,29.0,20025.262988658807
32000.0,32.0,19098.276499584277
44000.0,44.0,19745.05891165954
33000.0,33.0,19237.398978670615
26000.0,26.0,19487.700830697744
1.05e6,1050.0,2201.3846814782014
1.04e6,1040.0,2351.6491374410625
1.04e6,1040.0,2443.0582804145274
1.04e6,1040.0,2353.9360162658772
1.04e6,1040.0,2243.0999626674998
86000.0,86.0,5261.800808419397
85000.0,85.0,5179.001698631324
85000.0,85.0,5245.969014814475
85000.0,85.0,5279.872142601295
85000.0,85.0,5246.7282634096555
52000.0,52.0,61187.02456821931
45000.0,45.0,57187.7207528335
46000.0,46.0,57290.77221972843
47000.0,47.0,59642.10425423497
49000.0,49.0,57494.05235264864
38000.0,38.0,65149.73535111328
38000.0,38.0,62698.30267539608
38000.0,38.0,62782.813943818284
38000.0,38.0,64068.05789714475
38000.0,38.0,62051.790971513634
35000.0,35.0,10284.00596468139
35000.0,35.0,9597.317338056537
34000.0,34.0,9662.597560195527
35000.0,35.0,9727.571696991723
35000.0,35.0,9434.972813644537
862000.0,862.0,2260.8338287417637
861000.0,861.0,2254.4537812054546
862000.0,862.0,2267.9067286875693
861000.0,861.0,2292.405406056019
861000.0,861.0,2296.8408560469225
99000.0,99.0,30456.744241741133
79000.0,79.0,30261.46282923478
76000.0,76.0,30007.825923380413
55000.0,55.0,30372.653503261263
75000.0,75.0,30028.078312027432
16000.0,16.0,8831.276651296364
16000.0,16.0,8751.677836239813
16000.0,16.0,8742.493211062572
16000.0,16.0,8899.684395739252
16000.0,16.0,8724.16468277332
35000.0,35.0,62071.22637626454
35000.0,35.0,59245.94223008155
34000.0,34.0,59395.10886014898
34000.0,34.0,60658.156476504584
34000.0,34.0,58511.07656607017
2.64e6,2640.0,302.1364772676958
2.78e6,2780.0,305.51538615911915
3.16e6,3160.0,306.9899394043139
3.59e6,3590.0,313.5067463686322
2.5e6,2500.0,305.1598992512993
141000.0,141.0,36790.51095863706
118000.0,118.0,38269.55977090238
143000.0,143.0,35270.45661556574
127000.0,127.0,36215.98879121494
129000.0,129.0,36082.11264877075
42000.0,42.0,50652.85938924802
43000.0,43.0,46094.449783289194
42000.0,42.0,46895.969215428224
42000.0,42.0,49065.67878973631
42000.0,42.0,46946.04515262079
33000.0,33.0,26109.576639102273
33000.0,33.0,25675.27165076508
33000.0,33.0,25391.5677882828
33000.0,33.0,25883.123217087577
33000.0,33.0,25049.130569010038
22000.0,22.0,41848.29962564868
22000.0,22.0,43273.72220009144
22000.0,22.0,42560.13557165346
22000.0,22.0,43339.96513427775
22000.0,22.0,42911.757726670054
42000.0,42.0,30237.536352873605
45000.0,45.0,29581.72888783502
42000.0,42.0,29799.477362741323
46000.0,46.0,29790.561241715284
45000.0,45.0,29452.870278138667
21000.0,21.0,9329.962335317685
21000.0,21.0,9446.049165326873
21000.0,21.0,9452.844322206805
20000.0,20.0,9401.558882052253
19000.0,19.0,9436.593222355896
30000.0,30.0,56465.26066945268
30000.0,30.0,57447.89414832123
31000.0,31.0,56721.44711130101
31000.0,31.0,57036.46288024913
31000.0,31.0,56858.58098231925
36000.0,36.0,70737.3483305158
36000.0,36.0,67462.856194633
36000.0,36.0,69747.55391884921
36000.0,36.0,67954.29319944585
36000.0,36.0,68838.46082833756
29000.0,29.0,12319.388174905165
28000.0,28.0,11433.61948244836
28000.0,28.0,11681.71289380812
27000.0,27.0,11904.504257839113
29000.0,29.0,11685.259978550046
55000.0,55.0,15404.106592536245
55000.0,55.0,14973.775679550181
55000.0,55.0,15237.646844360268
55000.0,55.0,15170.724791311099
55000.0,55.0,15063.495616352431
39000.0,39.0,19711.74416617119
37000.0,37.0,19504.418629979085
19000.0,19.0,19419.558971342467
21000.0,21.0,19905.127814775562
37000.0,37.0,19463.134489424403
17000.0,17.0,17971.931155126087
16000.0,16.0,17906.946652772487
16000.0,16.0,19319.43141815483
17000.0,17.0,18224.54756364585
16000.0,16.0,19569.21906986215
35000.0,35.0,22701.493143318177
26000.0,26.0,22795.437048763204
30000.0,30.0,22538.736452843015
30000.0,30.0,22632.71911488238
34000.0,34.0,22563.197941016977
190000.0,190.0,11681.336011328181
189000.0,189.0,11647.211611224817
189000.0,189.0,12563.094084637381
189000.0,189.0,11856.361913688486
190000.0,190.0,12721.591007244891
50000.0,50.0,26243.20804038357
50000.0,50.0,24957.959303544056
50000.0,50.0,24938.93806199565
50000.0,50.0,25672.145344439625
50000.0,50.0,24684.98256071015
579000.0,579.0,1401.2054754580595
581000.0,581.0,1455.4803178216794
580000.0,580.0,1334.3303947413094
579000.0,579.0,1365.2191841800118
580000.0,580.0,1359.8476623845409
93000.0,93.0,36364.93333093579
94000.0,94.0,42819.7384759449
93000.0,93.0,30662.116650589214
93000.0,93.0,36745.7270428296
94000.0,94.0,33070.327785521076
84000.0,84.0,29439.07694653454
65000.0,65.0,29520.202043684058
80000.0,80.0,31815.452385562643
130000.0,130.0,29362.243412487172
151000.0,151.0,26452.342894324385
34000.0,34.0,21200.558084689903
39000.0,39.0,21001.06335270398
41000.0,41.0,21058.113700886784
42000.0,42.0,21281.329835459917
35000.0,35.0,21056.851432467192
190000.0,190.0,6936.968268692576
191000.0,191.0,7548.148184214285
191000.0,191.0,8201.696661898599
190000.0,190.0,7262.8269302287335
191000.0,191.0,7089.281630575648
220000.0,220.0,19436.89057702907
216000.0,216.0,20100.025634020683
207000.0,207.0,20877.880358278202
216000.0,216.0,20040.68146238577
214000.0,214.0,19584.159844648508
119000.0,119.0,38395.488940406256
120000.0,120.0,38535.85021224966
119000.0,119.0,39844.765126983286
120000.0,120.0,39702.56875238615
120000.0,120.0,41007.3014076325
80000.0,80.0,6083.893802719817
80000.0,80.0,5913.933438001017
80000.0,80.0,6018.150072355031
80000.0,80.0,5991.719025454303
80000.0,80.0,5949.368571107414
21000.0,21.0,56755.1265096236
20000.0,20.0,54509.21187778243
20000.0,20.0,55257.75730439515
20000.0,20.0,54997.717761310305
20000.0,20.0,54714.42223783845
36000.0,36.0,13899.911481632553
36000.0,36.0,14051.492930533983
34000.0,34.0,14015.130449873486
35000.0,35.0,14035.271404805602
35000.0,35.0,14051.890055319393
65000.0,65.0,31328.410354101885
66000.0,66.0,31439.958550276813
65000.0,65.0,33861.87532766308
66000.0,66.0,32286.34426035567
66000.0,66.0,34374.912460328545
49000.0,49.0,17258.655858833437
50000.0,50.0,17329.223375457077
58000.0,58.0,18505.838279027575
55000.0,55.0,17782.318437147638
40000.0,40.0,18807.96365843966
60000.0,60.0,1425.4322424010581
60000.0,60.0,1464.4947617424375
60000.0,60.0,1512.115889238579
60000.0,60.0,1508.7281568420658
60000.0,60.0,1507.7227802015075
14000.0,14.0,15267.029102593217
14000.0,14.0,14645.51697571874
14000.0,14.0,14708.911650885568
14000.0,14.0,15378.316194104029
14000.0,14.0,14845.273442856838
34000.0,34.0,92105.35183790665
35000.0,35.0,88334.80530330328
33000.0,33.0,87234.2268937374
35000.0,35.0,90409.24182621457
37000.0,37.0,86685.13349426867
7.16e6,7160.0,275.01348009411714
6.46e6,6460.0,263.91004308837273
7.26e6,7260.0,270.7416093288657
7.78e6,7780.0,267.7141042594837
80000.0,80.0,14885.91650975466
80000.0,80.0,14989.337312798745
80000.0,80.0,15487.335860347413
80000.0,80.0,15491.187774666778
80000.0,80.0,15897.631755284016
32000.0,32.0,11489.087343391207
32000.0,32.0,11137.358836045782
32000.0,32.0,11096.69593600783
32000.0,32.0,11378.754809421553
32000.0,32.0,11216.42558690998
106000.0,106.0,42365.98450463614
106000.0,106.0,42504.716559214765
106000.0,106.0,45797.79874126277
106000.0,106.0,43663.03090512708
105000.0,105.0,46497.63819749123
45000.0,45.0,10779.919373792054
45000.0,45.0,10695.620362748206
44000.0,44.0,10804.341111751908
45000.0,45.0,11020.82195393124
44000.0,44.0,10833.27050227968
2200.0,2.2,30617.484257263724
2100.0,2.1,30850.083688264895
2200.0,2.2,30842.91727798103
2100.0,2.1,31152.810402959592
2200.0,2.2,30922.045387486938
127000.0,127.0,50169.521656582714
129000.0,129.0,50375.445427911254
126000.0,126.0,54243.077415326065
128000.0,128.0,51746.50559124294
126000.0,126.0,55068.1198066214
97000.0,97.0,100300.29581159497
97000.0,97.0,92817.46756792653
97000.0,97.0,94825.8215162835
97000.0,97.0,96203.78334268535
97000.0,97.0,92408.18078931597
63000.0,63.0,59010.84908244979
62000.0,62.0,56393.12134526955
63000.0,63.0,57590.65681838482
62000.0,62.0,57529.33038794373
63000.0,63.0,56736.06121967284
220000.0,220.0,50885.784796084816
220000.0,220.0,59923.73119705499
220000.0,220.0,42925.047948444684
220000.0,220.0,51433.3430071094
220000.0,220.0,46286.205163774175
2.38e6,2380.0,217.86677823025602
2.45e6,2450.0,219.81050397833695
2.46e6,2460.0,221.53947691167255
2.62e6,2620.0,226.01743524180878
2.16e6,2160.0,219.09520192300604
156000.0,156.0,16810.558787589784
156000.0,156.0,16803.71524219781
156000.0,156.0,16847.643643882227
156000.0,156.0,16796.577594720547
156000.0,156.0,16846.28973046092
54000.0,54.0,71904.42574500325
54000.0,54.0,68561.44109931865
54000.0,54.0,69664.67806018562
54000.0,54.0,68942.22077072253
54000.0,54.0,68255.97181238588
33000.0,33.0,43846.30499917481
25000.0,25.0,44009.210691922555
38000.0,38.0,47372.520856448224
26000.0,26.0,45185.37503520553
42000.0,42.0,48103.716598911626
164000.0,164.0,9163.314561240519
151000.0,151.0,13843.415331941538
201000.0,201.0,14016.758364748628
143000.0,143.0,9432.336402359424
231000.0,231.0,10029.043180707145
47000.0,47.0,31840.069224617582
47000.0,47.0,31944.859223348536
47000.0,47.0,34414.717581448414
47000.0,47.0,32792.61201568895
47000.0,47.0,34939.750468748796
25000.0,25.0,79461.00781169963
25000.0,25.0,80591.86124132224
25000.0,25.0,79913.60177491268
25000.0,25.0,80077.42430836633
25000.0,25.0,80367.72015850841
580000.0,580.0,232.9659249034174
579000.0,579.0,235.49189299913567
579000.0,579.0,250.09288285671255
580000.0,580.0,235.7531325548995
579000.0,579.0,233.1325005817768
242000.0,242.0,18850.927214340838
242000.0,242.0,20667.01120721806
242000.0,242.0,22407.078779198113
242000.0,242.0,20074.186306033447
242000.0,242.0,19416.718983948645
27000.0,27.0,44058.99015188382
27000.0,27.0,40631.785011077416
26000.0,26.0,40938.58882836621
27000.0,27.0,42181.64713599332
27000.0,27.0,40110.75501192318
728000.0,728.0,2320.056313584961
728000.0,728.0,2335.7407123887233
727000.0,727.0,2345.6936969147155
727000.0,727.0,2372.0012896151193
727000.0,727.0,2352.6966618964693
56000.0,56.0,126919.99103723672
56000.0,56.0,125020.68480896187
56000.0,56.0,124940.51202269028
56000.0,56.0,125816.71806632902
56000.0,56.0,123931.86938844678
156000.0,156.0,47176.36133896761
91000.0,91.0,47144.21487003194
120000.0,120.0,51089.984485705594
143000.0,143.0,48262.880819674094
138000.0,138.0,51796.947275843166
462000.0,462.0,5545.145166051959
462000.0,462.0,5469.358224901508
463000.0,463.0,5669.092687874515
462000.0,462.0,5711.627604930491
463000.0,463.0,5275.504163315874
91000.0,91.0,71120.32602191299
91000.0,91.0,64719.98493107959
91000.0,91.0,65845.3769427836
90000.0,90.0,68891.80816420467
91000.0,91.0,65915.68722776906
35000.0,35.0,20981.7499436623
35000.0,35.0,21042.05958700674
34000.0,34.0,22644.281822964364
40000.0,40.0,21601.07860771512
34000.0,34.0,22975.390926306056
91000.0,91.0,68847.66302908558
91000.0,91.0,65235.034018858576
91000.0,91.0,66473.24775131002
91000.0,91.0,65590.38672812119
91000.0,91.0,65866.2972782414
251000.0,251.0,39201.07854905881
247000.0,247.0,39361.98169639644
247000.0,247.0,42384.04250804477
252000.0,252.0,40433.29023958242
247000.0,247.0,43028.70784507669
106000.0,106.0,50328.28735676179
102000.0,102.0,47449.681865093255
118000.0,118.0,48708.174846216105
114000.0,114.0,48237.081525244954
104000.0,104.0,48019.407391898596
85000.0,85.0,7722.681388786486
87000.0,87.0,8500.544699143598
85000.0,85.0,9095.600479262857
85000.0,85.0,8263.451942059462
87000.0,87.0,7897.328190442358
22000.0,22.0,67276.59467127471
22000.0,22.0,67375.92989809792
21000.0,21.0,67227.0024940618
21000.0,21.0,67365.07724525739
22000.0,22.0,67252.91661009978
106000.0,106.0,13383.85875835241
106000.0,106.0,14656.947697683241
106000.0,106.0,15910.414714218008
105000.0,105.0,14232.636467130777
106000.0,106.0,13784.45998564913
268000.0,268.0,36113.9302248717
268000.0,268.0,42511.330539587296
268000.0,268.0,30459.592431794495
268000.0,268.0,36485.70727065466
268000.0,268.0,32851.11015784312
330000.0,330.0,30192.587861136682
330000.0,330.0,30073.91821066788
330000.0,330.0,30189.720799526818
330000.0,330.0,30311.371780996233
330000.0,330.0,30236.380049650543
54000.0,54.0,62363.60001690558
51000.0,51.0,58971.65723975184
62000.0,62.0,58468.51073707869
52000.0,52.0,60113.54649385327
71000.0,71.0,58107.1444198216
986000.0,986.0,18911.587909550562
986000.0,986.0,19074.91380358305
986000.0,986.0,19826.74426955371
987000.0,987.0,19042.63248359704
987000.0,987.0,19036.452653007036
84000.0,84.0,52934.74567671725
84000.0,84.0,51728.74525260669
84000.0,84.0,51742.23815209425
84000.0,84.0,52464.019402284895
84000.0,84.0,51258.23433190614
50000.0,50.0,44444.58787273533
50000.0,50.0,44616.31382431235
50000.0,50.0,48034.87401295018
50000.0,50.0,45833.693909487345
50000.0,50.0,48785.73587354774
100000.0,100.0,588.7019006348496
100000.0,100.0,630.0107458704017
100000.0,100.0,661.7625619684461
100000.0,100.0,632.7067568767591
100000.0,100.0,599.5265406089222
134000.0,134.0,33504.34054578981
134000.0,134.0,33628.82190874096
134000.0,134.0,36198.832976161684
134000.0,134.0,34527.566071924346
133000.0,133.0,36757.56263791051
22000.0,22.0,34858.077028314256
23000.0,23.0,40751.92961676675
22000.0,22.0,29248.368705972298
22000.0,22.0,34662.58613802855
23000.0,23.0,31456.13527404951
2.53e6,2530.0,2049.5789388547983
2.53e6,2530.0,2177.7747208768883
2.53e6,2530.0,2269.244887986219
2.53e6,2530.0,2188.8317254594062
2.53e6,2530.0,2087.0423729271206
20000.0,20.0,81098.34464211787
18000.0,18.0,78738.56835439918
20000.0,20.0,80576.74212209096
21000.0,21.0,79216.7032469819
21000.0,21.0,79177.7744643114
6.55e6,6550.0,244.92113918724476
6.59e6,6590.0,248.91585559819234
6.52e6,6520.0,250.69379974760517
7.67e6,7670.0,255.62994267745643
6.53e6,6530.0,246.60728969823828
180000.0,180.0,35633.326962114574
180000.0,180.0,35757.154006055054
179000.0,179.0,38455.78446808344
180000.0,180.0,36731.2088102861
180000.0,180.0,39031.069077130334
115000.0,115.0,79877.86761025734
118000.0,118.0,77188.08063360844
115000.0,115.0,77853.26970146204
115000.0,115.0,78771.94928133013
115000.0,115.0,78086.00330875086
320000.0,320.0,38057.94566636608
322000.0,322.0,39906.18799778554
327000.0,327.0,40947.63586095608
306000.0,306.0,39383.6841545061
325000.0,325.0,39210.28525268604
1.73e6,1730.0,2588.316028230721
1.73e6,1730.0,2520.366612481929
1.73e6,1730.0,2601.7061128001883
1.73e6,1730.0,2412.8875819719624
1.73e6,1730.0,2791.6826952210376
123000.0,123.0,67762.02196369643
123000.0,123.0,64755.99713225047
123000.0,123.0,64955.243154241805
123000.0,123.0,65574.21856171772
123000.0,123.0,64034.88674475873
185000.0,185.0,16727.914535008415
185000.0,185.0,18329.98038172926
185000.0,185.0,19882.73209457273
185000.0,185.0,17797.537816024455
185000.0,185.0,17230.016698151696
14000.0,14.0,28041.0520814496
13000.0,13.0,28219.079953137058
13000.0,13.0,28152.5792456299
13000.0,13.0,28257.10016288914
14000.0,14.0,28156.290451848035
103000.0,103.0,13996.370725064673
96000.0,96.0,15348.073961863307
94000.0,94.0,27720.19883205968
91000.0,91.0,33232.56541803029
110000.0,110.0,29895.324386324308
122000.0,122.0,45016.37186281209
122000.0,122.0,52947.92431119124
123000.0,123.0,37960.983541808644
123000.0,123.0,45424.830621682544
123000.0,123.0,40934.68730213256
140000.0,140.0,35471.33122587475
141000.0,141.0,41745.62031371449
140000.0,140.0,29905.765631779508
140000.0,140.0,35815.39250171886
140000.0,140.0,32259.5913093879
250000.0,250.0,36543.02832158448
250000.0,250.0,36897.39334759819
250000.0,250.0,37008.882370082865
250000.0,250.0,36597.235032674675
250000.0,250.0,36883.25945501033
627000.0,627.0,33166.97648079777
585000.0,585.0,34921.939003773696
607000.0,607.0,35900.28678057211
587000.0,587.0,34571.64714638223
553000.0,553.0,33891.811381022446
85000.0,85.0,30569.60285691205
85000.0,85.0,30541.748000441457
85000.0,85.0,30723.249322439806
85000.0,85.0,30623.19401874299
85000.0,85.0,30606.40979625143
72000.0,72.0,92315.17147940716
72000.0,72.0,94463.85038653243
72000.0,72.0,91674.21956651231
72000.0,72.0,93934.92678054173
72000.0,72.0,91777.8947987663
40000.0,40.0,11360.686779689713
40000.0,40.0,11081.257684802806
40000.0,40.0,11294.560140751952
40000.0,40.0,11379.462175844827
40000.0,40.0,11242.663791497856
35000.0,35.0,13646.483138001297
35000.0,35.0,23323.51847533808
35000.0,35.0,14727.398731537656
35000.0,35.0,14066.938576936862
35000.0,35.0,14947.71528309785
15000.0,15.0,7549.041102949
15000.0,15.0,7580.280739879432
15000.0,15.0,7494.918806304437
15000.0,15.0,7526.171331159112
15000.0,15.0,7503.05310736115
1.24e6,1240.0,2552.632693546183
1.24e6,1240.0,2497.018832558358
1.24e6,1240.0,2577.031119979124
1.23e6,1230.0,2547.143348417416
1.24e6,1240.0,2544.1915890241057
237000.0,237.0,57552.11975911508
236000.0,236.0,57786.928951121874
237000.0,237.0,62222.48603347009
236000.0,236.0,59393.42595600307
236000.0,236.0,63190.83937538296
2.17e6,2170.0,298.2351529447606
2.3e6,2300.0,293.11640045897536
2.22e6,2220.0,301.69030893502105
2.28e6,2280.0,301.2498142735026
2.28e6,2280.0,294.98019674434266
24000.0,24.0,103844.32045360224
24000.0,24.0,103410.46800521183
24000.0,24.0,102919.37834539173
24000.0,24.0,103061.93576580622
24000.0,24.0,102975.07049632665
320000.0,320.0,30241.18065149543
320000.0,320.0,30360.904161328315
320000.0,320.0,32698.77563136174
320000.0,320.0,31195.28418643794
320000.0,320.0,33202.60161943485
139000.0,139.0,12086.847492956582
138000.0,138.0,12108.514789627414
138000.0,138.0,13095.475727514995
139000.0,139.0,12422.968366321946
138000.0,138.0,13292.918903546206
2.27e6,2270.0,2375.1361033250964
2.19e6,2190.0,2326.991629823063
2.02e6,2020.0,2340.809383109258
2.27e6,2270.0,2366.2416661514267
2.46e6,2460.0,2413.6173472998616
69000.0,69.0,108418.28969642633
69000.0,69.0,106679.13553140496
69000.0,69.0,105626.5199788695
69000.0,69.0,107601.32187623512
69000.0,69.0,104263.93332515389
10000.0,10.0,607.1185884474337
11000.0,11.0,1234.6740620957767
8800.0,8.8,596.5079399344277
11000.0,11.0,1266.498722391299
10000.0,10.0,557.4544759949575
43000.0,43.0,7534.675413990953
43000.0,43.0,7602.921620217925
44000.0,44.0,7416.910532874479
44000.0,44.0,7530.054619837581
44000.0,44.0,7455.728999142213
31000.0,31.0,14396.915253357682
28000.0,28.0,13573.461059146288
28000.0,28.0,13933.465695658859
29000.0,29.0,13798.704689976968
29000.0,29.0,13736.43680415719
283000.0,283.0,15616.247098981787
283000.0,283.0,17118.064473255043
283000.0,283.0,18569.848016867505
283000.0,283.0,37053.53532368008
283000.0,283.0,16087.08702977591
123000.0,123.0,59074.877736663075
123000.0,123.0,54667.640848254436
123000.0,123.0,55850.521347171336
123000.0,123.0,56662.11343433115
123000.0,123.0,54426.57908258354
56000.0,56.0,20573.508113582862
56000.0,56.0,19998.764198597604
56000.0,56.0,20351.186815095938
56000.0,56.0,20261.806662270214
56000.0,56.0,20118.592884322592
55000.0,55.0,33759.65689484202
54000.0,54.0,33870.52863880971
55000.0,55.0,36487.54112361775
55000.0,55.0,34774.053694531314
55000.0,55.0,37048.33719003973
6.6e6,6600.0,267.9680932745378
6.49e6,6490.0,269.5161089812022
6.58e6,6580.0,271.63322921924026
6.6e6,6600.0,277.69996628780024
6.52e6,6520.0,270.4713797121591
55000.0,55.0,86419.05751353744
60000.0,60.0,87922.96023386988
54000.0,54.0,86811.14621710127
54000.0,54.0,87293.27213898032
60000.0,60.0,87021.02711990902
3.11e6,3110.0,4862.907938704481
3.12e6,3120.0,4735.268883787413
2.77e6,2770.0,4760.21603491756
3.03e6,3030.0,4814.6288036505075
3.12e6,3120.0,4933.169419523349
274000.0,274.0,9769.220587668518
60000.0,60.0,9803.16896718019
154000.0,154.0,10543.024560686426
104000.0,104.0,10070.215495199554
74000.0,74.0,10700.744390003656
27000.0,27.0,33211.03984580355
29000.0,29.0,33122.24701565031
29000.0,29.0,33207.57177054921
31000.0,31.0,32968.76438632885
26000.0,26.0,33318.274933038614
7000.0,7.0,17750.813625217776
7000.0,7.0,17879.806914663528
7000.0,7.0,17849.108031537795
7000.0,7.0,17908.965560613105
7000.0,7.0,17860.500704806313
245000.0,245.0,37244.66861740061
245000.0,245.0,37219.54890848155
245000.0,245.0,40336.580407205256
245000.0,245.0,38097.60073073725
245000.0,245.0,40890.17199656311
60000.0,60.0,32485.450258456134
66000.0,66.0,32585.839761138443
60000.0,60.0,27051.147209945248
60000.0,60.0,33468.30340081728
60000.0,60.0,29150.421491214922
28000.0,28.0,46167.58865222165
28000.0,28.0,44353.2713544941
28000.0,28.0,45520.897827714216
28000.0,28.0,45108.55500937376
28000.0,28.0,44712.22948654142
1.33e6,1330.0,2276.5308479678733
1.12e6,1120.0,2288.9252570076706
140000.0,140.0,36005.891252591966
140000.0,140.0,36128.47502960586
140000.0,140.0,38842.05664193398
140000.0,140.0,37084.48060480248
140000.0,140.0,39418.10414811441
1.1e6,1100.0,4888.537250790261
1.1e6,1100.0,4784.389346064586
1.1e6,1100.0,4811.775239424748
1.1e6,1100.0,4872.0521395569485
1.1e6,1100.0,4986.525647741589
392000.0,392.0,17363.776916811476
398000.0,398.0,18270.527991800842
397000.0,397.0,19043.967355911816
426000.0,426.0,18318.8128566474
400000.0,400.0,17575.503351892974
361000.0,361.0,66352.96702274012
360000.0,360.0,69582.65257645222
360000.0,360.0,75438.3315848046
361000.0,361.0,68655.40049431662
361000.0,361.0,76617.55328941182
46000.0,46.0,44629.00261703824
46000.0,46.0,42991.718604153015
45000.0,45.0,44022.22489955759
45000.0,45.0,43874.79940721006
46000.0,46.0,43312.863818854115
389000.0,389.0,3687.7088902530713
389000.0,389.0,3963.3885177373654
389000.0,389.0,4119.120620758317
389000.0,389.0,3970.509373491058
389000.0,389.0,3716.206097354311
1.54e6,1540.0,2184.914345724013
1.52e6,1520.0,2178.7485421115275
1.77e6,1770.0,2191.7497355527566
1.24e6,1240.0,2719.770775583853
1.41e6,1410.0,2219.7122461737335
30000.0,30.0,29909.647375307424
32000.0,32.0,28484.554059475384
31000.0,31.0,28688.33809751212
31000.0,31.0,29105.013581866235
32000.0,32.0,28415.591667547324
227000.0,227.0,10723.794641704073
117000.0,117.0,10227.366186292697
144000.0,144.0,10385.714564900545
103000.0,103.0,10226.003204951818
248000.0,248.0,10257.318347403378
86000.0,86.0,87726.5838428441
86000.0,86.0,48651.225868221765
86000.0,86.0,84286.45077778095
86000.0,86.0,82693.67273834281
86000.0,86.0,82640.62163750546
157000.0,157.0,8020.92995490135
175000.0,175.0,9270.07940948421
73000.0,73.0,6651.883292788973
114000.0,114.0,7884.909511298867
385000.0,385.0,3451.027467262619
2.16e6,2160.0,4246.304779912558
2.68e6,2680.0,3888.9981053167617
2.54e6,2540.0,4266.291161089495
2.56e6,2560.0,3859.489689020393
2.43e6,2430.0,3725.6826012314887
1.11e6,1110.0,9094.170464048999
1.06e6,1060.0,9502.016113929078
1.05e6,1050.0,9889.2804941918
1.05e6,1050.0,9501.567216202855
1.06e6,1060.0,9156.094308323298
559000.0,559.0,19340.46868210392
554000.0,554.0,20434.6533819849
558000.0,558.0,21205.55689811322
558000.0,558.0,20404.17182282092
555000.0,555.0,19745.661456933707
644000.0,644.0,16959.92234434564
644000.0,644.0,18584.208043202496
644000.0,644.0,20158.495645806015
645000.0,645.0,18044.38076537422
645000.0,645.0,17468.988413401436
28000.0,28.0,47170.80583400742
28000.0,28.0,46917.131749227556
28000.0,28.0,47146.20738544464
28000.0,28.0,46539.02209758039
28000.0,28.0,47223.99719877528
25000.0,25.0,73868.14456228481
26000.0,26.0,75690.04690427412
25000.0,25.0,74119.59810497118
26000.0,26.0,75534.76941272253
25000.0,25.0,74714.92454754275
21000.0,21.0,20064.838681684105
23000.0,23.0,20169.562278461002
20000.0,20.0,19873.439010189635
24000.0,24.0,20177.473425030083
20000.0,20.0,19910.57384090041
84000.0,84.0,11056.325938310541
85000.0,85.0,11015.020111349962
84000.0,84.0,11886.58613151975
84000.0,84.0,11206.91281223899
84000.0,84.0,12038.43837388815
271000.0,271.0,5278.400058672951
239000.0,239.0,14586.673457034425
189000.0,189.0,10436.363289023047
338000.0,338.0,5616.083539924723
194000.0,194.0,11246.877946396471
106000.0,106.0,43140.033460227576
106000.0,106.0,43252.20886166998
106000.0,106.0,46614.56151895997
105000.0,105.0,44396.03103114885
106000.0,106.0,47325.083938703676
574000.0,574.0,3439.3114713372743
517000.0,517.0,3676.658062262287
351000.0,351.0,3832.6416631032016
224000.0,224.0,3698.3679339087225
220000.0,220.0,3463.6069173831684
13000.0,13.0,17709.90908788261
13000.0,13.0,17795.790887199095
12000.0,12.0,17531.84982970355
14000.0,14.0,17799.268414660273
11000.0,11.0,17566.859187688475
130000.0,130.0,28897.689462799164
130000.0,130.0,28988.031019134767
130000.0,130.0,31228.141862675428
130000.0,130.0,29761.759995786266
130000.0,130.0,31699.204641869248
38000.0,38.0,8076.232232878754
38000.0,38.0,7758.848365357402
37000.0,37.0,7963.1047026337255
37000.0,37.0,7890.972359193332
37000.0,37.0,7821.641968422379
229000.0,229.0,14389.989515970858
227000.0,227.0,15250.065478683697
219000.0,219.0,15723.5435299057
225000.0,225.0,15118.441648159413
233000.0,233.0,14496.86832841456
149000.0,149.0,30297.796552116357
149000.0,149.0,30392.51520073291
149000.0,149.0,32741.160502605802
149000.0,149.0,31203.731722082917
149000.0,149.0,33235.04650223432
575000.0,575.0,9872.3187337203
575000.0,575.0,10479.32828353321
575000.0,575.0,9502.781930088653
575000.0,575.0,9822.734914259425
575000.0,575.0,9711.830921687757
260000.0,260.0,27342.7404636325
260000.0,260.0,27609.22176396441
260000.0,260.0,29760.531864236233
260000.0,260.0,28625.71016549315
260000.0,260.0,30288.32713000613
52000.0,52.0,55702.810432887876
52000.0,52.0,54441.45950493309
52000.0,52.0,53630.6012174815
52000.0,52.0,54895.95315963087
52000.0,52.0,53247.62907428018
83000.0,83.0,80242.2275025942
83000.0,83.0,81006.97638865668
83000.0,83.0,79021.75180445658
83000.0,83.0,80272.80021802695
83000.0,83.0,79167.20496727587
458000.0,458.0,16950.774153252474
457000.0,457.0,17835.957875607393
457000.0,457.0,18591.000747045524
457000.0,457.0,17883.094270123147
457000.0,457.0,17157.464610088795
215000.0,215.0,45479.23595126508
215000.0,215.0,53543.57955829844
215000.0,215.0,38362.91930623033
215000.0,215.0,45957.12293850411
215000.0,215.0,41364.37571855796
54000.0,54.0,50378.13084623193
55000.0,55.0,50789.428396596755
54000.0,54.0,50774.537996259416
54000.0,54.0,50556.2195779788
54000.0,54.0,50822.28341080173
78000.0,78.0,18679.428377096374
89000.0,89.0,20087.701056058493
84000.0,84.0,20846.121671190474
83000.0,83.0,20057.08175072232
94000.0,94.0,19065.606221031634
43000.0,43.0,51040.50042801291
43000.0,43.0,50423.124764327775
43000.0,43.0,50676.41885522835
42000.0,42.0,50920.20623090518
42000.0,42.0,50588.345777895316
49000.0,49.0,126919.99103723672
48000.0,48.0,125020.68480896187
49000.0,49.0,124940.51202269028
49000.0,49.0,125816.71806632902
49000.0,49.0,123931.86938844678
300000.0,300.0,18343.172414547334
289000.0,289.0,19764.31100882764
294000.0,294.0,20557.588600276405
295000.0,295.0,19790.744995807996
291000.0,291.0,18733.25296829242
250000.0,250.0,48227.7244741466
250000.0,250.0,47731.39257092654
250000.0,250.0,48403.2668179221
250000.0,250.0,48399.35308375218
250000.0,250.0,48487.99843053089
257000.0,257.0,33863.61910560413
256000.0,256.0,34149.83503855319
257000.0,257.0,28402.230107497307
257000.0,257.0,33672.493938955595
257000.0,257.0,30554.677116494888
63000.0,63.0,36543.77928322295
63000.0,63.0,43023.694494536
63000.0,63.0,30825.629025282196
62000.0,62.0,36927.7742255017
63000.0,63.0,33237.379318929416
56000.0,56.0,10267.567429035907
56000.0,56.0,10301.724040726223
55000.0,55.0,11077.164072368423
55000.0,55.0,10576.581636382618
56000.0,56.0,11240.698329606857
103000.0,103.0,29306.35694605176
103000.0,103.0,29397.976101293967
103000.0,103.0,31669.766310128365
103000.0,103.0,30182.64705564284
103000.0,103.0,32147.49079979127
203000.0,203.0,38764.82955868606
203000.0,203.0,38914.60993830725
203000.0,203.0,41896.29813458705
203000.0,203.0,39976.41597068803
203000.0,203.0,42551.204242199725
1.33e6,1330.0,2722.229271765878
1.33e6,1330.0,2736.849691574391
1.33e6,1330.0,2768.4697802768774
1.33e6,1330.0,2827.6751347716954
1.34e6,1340.0,2745.537839154976
105000.0,105.0,30623.01262294555
104000.0,104.0,31071.450652702308
104000.0,104.0,30749.120524405113
104000.0,104.0,30742.76474113791
104000.0,104.0,30771.73671232371
4.56e6,4560.0,291.0618065745774
4.56e6,4560.0,287.0647804469935
4.57e6,4570.0,288.6489598159881
4.49e6,4490.0,294.94581930076464
4.49e6,4490.0,293.6901586616193
4.72e6,4720.0,278.65699328342873
3.96e6,3960.0,280.26675733072034
3.45e6,3450.0,282.4683267516991
3.61e6,3610.0,288.7770581006737
4.0e6,4000.0,281.26013257329964
70000.0,70.0,111906.63045753275
70000.0,70.0,104359.4456868135
70000.0,70.0,103157.2491494472
70000.0,70.0,107079.36873826302
70000.0,70.0,102396.63197682306
72000.0,72.0,92984.29513264252
72000.0,72.0,93870.48234774312
72000.0,72.0,91570.013948659
72000.0,72.0,93019.72264360881
72000.0,72.0,91738.56435211237
79000.0,79.0,4621.964267037988
76000.0,76.0,4665.425229683124
79000.0,79.0,5034.860223109923
80000.0,80.0,4836.485106005583
77000.0,77.0,5120.947612319956
9500.0,9.5,18139.950731453075
9500.0,9.5,18233.108571410037
9500.0,9.5,17966.24663731361
9500.0,9.5,18251.875495881166
9500.0,9.5,18003.425811737
310000.0,310.0,17528.476432442334
309000.0,309.0,20621.292784394132
309000.0,309.0,14760.062286711656
310000.0,310.0,17691.007321258352
309000.0,309.0,15904.353588171101
265000.0,265.0,23729.011719389884
265000.0,265.0,24101.751467002465
265000.0,265.0,25948.459116719587
265000.0,265.0,24759.380700320646
265000.0,265.0,26354.075009180706
180000.0,180.0,34125.16288996553
180000.0,180.0,34211.22397611191
180000.0,180.0,36810.949892571974
180000.0,180.0,35105.24583578304
180000.0,180.0,37344.03599178226
27000.0,27.0,35598.68928648547
27000.0,27.0,35717.75271703034
27000.0,27.0,38464.349610929916
27000.0,27.0,36660.92732437672
27000.0,27.0,39049.765189605016
47000.0,47.0,82190.94986230173
48000.0,48.0,80678.25385288993
51000.0,51.0,81909.4741381823
47000.0,47.0,81966.57017067501
57000.0,57.0,81783.85602223147
36000.0,36.0,60743.66633339117
36000.0,36.0,59631.474998633625
36000.0,36.0,59172.85676983348
36000.0,36.0,61236.92199674641
36000.0,36.0,59036.45284645708
2.77e6,2770.0,312.5845858769466
2.77e6,2770.0,307.21954721474657
2.65e6,2650.0,316.20598494305807
2.65e6,2650.0,315.74429610459566
2.87e6,2870.0,309.17301911189895
104000.0,104.0,6259.526864521392
98000.0,98.0,6278.998340112518
101000.0,101.0,6750.7849001529385
97000.0,97.0,6443.29764204655
97000.0,97.0,6850.912384981221
245000.0,245.0,15189.645220076467
245000.0,245.0,15249.362804822666
245000.0,245.0,16416.833273432963
245000.0,245.0,15664.754657130563
245000.0,245.0,16669.097438445202
267000.0,267.0,15730.170303042592
264000.0,264.0,17242.943692939003
264000.0,264.0,18705.318246788607
262000.0,262.0,16751.522391770606
261000.0,261.0,16204.445091980024
73000.0,73.0,19471.838590289415
72000.0,72.0,19030.91251341868
73000.0,73.0,18747.463589205447
73000.0,73.0,19189.788286755993
73000.0,73.0,18613.58934302216
26000.0,26.0,45495.26645200747
24000.0,24.0,44944.96482712521
24000.0,24.0,45170.74008519684
23000.0,23.0,45388.04147372253
23000.0,23.0,45092.235601758955
99000.0,99.0,46380.22040420928
99000.0,99.0,46501.144979453595
98000.0,98.0,50118.44261651818
98000.0,98.0,47724.4781252356
98000.0,98.0,50876.68695469981
241000.0,241.0,53547.272458977175
245000.0,245.0,62767.614907491945
240000.0,240.0,45241.549291303236
235000.0,235.0,53658.20097636383
246000.0,246.0,48696.64100212842
60000.0,60.0,12702.02686774213
60000.0,60.0,12661.889635490475
60000.0,60.0,12719.799533541414
60000.0,60.0,12607.578881608157
60000.0,60.0,12697.16225376479
80000.0,80.0,33077.39634379536
79000.0,79.0,33190.524784270805
80000.0,80.0,35754.460560488376
79000.0,79.0,34086.21326055483
80000.0,80.0,36293.74840591242
58000.0,58.0,36990.355810928384
58000.0,58.0,37116.3098748815
58000.0,58.0,39974.99039453252
58000.0,58.0,38118.223676894275
58000.0,58.0,40595.569030309634
46000.0,46.0,11700.288784007713
46000.0,46.0,11721.4093567225
47000.0,47.0,11764.002527574332
46000.0,46.0,11793.250121427163
46000.0,46.0,11738.96365838792
31000.0,31.0,19459.30869238921
31000.0,31.0,19557.388677828745
31000.0,31.0,19264.320077214274
31000.0,31.0,19573.774233154174
31000.0,31.0,19308.43446790018
65000.0,65.0,27433.14419410027
49000.0,49.0,26331.686423440915
67000.0,67.0,26661.403785386476
71000.0,71.0,26553.20530513516
66000.0,66.0,26383.571314849916
15000.0,15.0,37036.523033924845
15000.0,15.0,37221.21323598366
15000.0,15.0,36677.71805296769
15000.0,15.0,37257.1770088145
15000.0,15.0,36763.02507844167
287000.0,287.0,10733.739401781595
298000.0,298.0,10700.831263417547
286000.0,286.0,11544.723372438906
259000.0,259.0,10895.79979774362
271000.0,271.0,11692.652514617183
81000.0,81.0,93114.71624502985
81000.0,81.0,87196.88074253072
82000.0,82.0,88566.99723967856
81000.0,81.0,90892.75028324593
81000.0,81.0,87267.53789612837
35000.0,35.0,36957.22249180998
34000.0,34.0,37083.32198652125
34000.0,34.0,39941.35711486788
35000.0,35.0,38079.23202853873
35000.0,35.0,40556.88097835471
89000.0,89.0,32807.181950852304
94000.0,94.0,32923.99547336545
91000.0,91.0,35460.232182711625
115000.0,115.0,33810.332497086245
91000.0,91.0,35997.48582465057
2.05e6,2050.0,2041.6779518313733
2.04e6,2040.0,2169.3795478570073
2.08e6,2080.0,2260.497103710602
2.08e6,2080.0,2180.393928440972
2.07e6,2070.0,2078.996966920437
76000.0,76.0,19860.14610067096
76000.0,76.0,19334.685985853917
76000.0,76.0,19740.644746861817
76000.0,76.0,19519.264680797758
76000.0,76.0,19430.515589282855
15000.0,15.0,13253.204146868826
14000.0,14.0,13247.707124438592
15000.0,15.0,13275.515260546355
15000.0,15.0,13245.878636819943
15000.0,15.0,13282.929389724564
143000.0,143.0,17795.571339334976
162000.0,162.0,18962.136056260904
150000.0,150.0,17021.98035931054
169000.0,169.0,17600.375083420375
132000.0,132.0,17543.484993739996
59000.0,59.0,50293.803900326144
63000.0,63.0,50485.44848443892
61000.0,61.0,54362.942466632005
58000.0,58.0,51844.60882353154
56000.0,56.0,55189.8877892271
204000.0,204.0,12971.440616064423
204000.0,204.0,13013.71514157478
204000.0,204.0,13994.108984589417
204000.0,204.0,13361.523618292285
204000.0,204.0,14204.418609081717
180000.0,180.0,62657.7039670335
188000.0,188.0,62867.86565994984
181000.0,181.0,67627.9920293082
181000.0,181.0,62565.0050201295
187000.0,187.0,68629.22942912478
145000.0,145.0,66838.26160529368
145000.0,145.0,62628.13650009749
145000.0,145.0,63688.27333981318
145000.0,145.0,65318.209469061054
145000.0,145.0,62791.12596256857
236000.0,236.0,36133.74337221769
235000.0,235.0,36257.324865565955
236000.0,236.0,39058.16796693272
235000.0,235.0,37235.77483808232
236000.0,236.0,39647.28593763915
46000.0,46.0,10332.50548783143
46000.0,46.0,10294.247296153717
46000.0,46.0,10356.789893006915
46000.0,46.0,10431.901093726474
46000.0,46.0,10368.264151793079
25000.0,25.0,13844.622948305787
25000.0,25.0,13610.481810313107
25000.0,25.0,13864.007220301235
25000.0,25.0,13778.600076324292
25000.0,25.0,13782.796744207595
34000.0,34.0,31991.617869736445
34000.0,34.0,32117.39185086795
34000.0,34.0,34576.25567321827
35000.0,35.0,32992.26793998633
35000.0,35.0,35107.56095733598
9700.0,9.7,15241.473921177541
9000.0,9.0,15235.152225451282
9300.0,9.3,15267.132188680262
9400.0,9.4,15233.049424796736
9000.0,9.0,15275.658598993241
863000.0,863.0,3328.1813323507017
897000.0,897.0,3517.2795897988694
878000.0,878.0,3622.405021147192
795000.0,795.0,3494.8889819481374
793000.0,793.0,3390.049894208777
18000.0,18.0,72731.21070647832
18000.0,18.0,72503.92004482525
18000.0,18.0,72823.26326050074
18000.0,18.0,72244.44543474649
18000.0,18.0,72741.66012726096
214000.0,214.0,9013.452879287825
208000.0,208.0,9563.694334339314
280000.0,280.0,9963.519501778133
234000.0,234.0,9563.490689693948
213000.0,213.0,9100.250344324451
33000.0,33.0,40876.93540038259
30000.0,30.0,40839.68855835242
27000.0,27.0,41082.38774712298
27000.0,27.0,40948.59620901161
32000.0,32.0,40926.152751641726
129000.0,129.0,21742.833586822668
130000.0,130.0,23842.653541137744
129000.0,129.0,25853.356125638526
129000.0,129.0,23170.3424254167
129000.0,129.0,22401.551281360124
60000.0,60.0,73192.5254150557
61000.0,61.0,71720.01246690174
63000.0,63.0,72784.61308527534
61000.0,61.0,73442.25753793905
64000.0,64.0,72134.97549536203
39000.0,39.0,10914.239763354874
39000.0,39.0,10677.526036796633
39000.0,39.0,10756.122356136206
39000.0,39.0,10752.904081952034
39000.0,39.0,10631.014517293655
193000.0,193.0,21144.637215128514
194000.0,194.0,21227.76665275047
193000.0,193.0,22852.935585959847
194000.0,194.0,21806.009915967814
193000.0,193.0,23204.09811637308
235000.0,235.0,47066.620275870395
246000.0,246.0,69176.36443006276
233000.0,233.0,50862.30499028918
189000.0,189.0,69553.18662210839
246000.0,246.0,69845.76696719871
284000.0,284.0,37302.575024824546
396000.0,396.0,37446.70551402502
396000.0,396.0,40315.92095772967
396000.0,396.0,38468.45898580884
355000.0,355.0,40946.123243965805
47000.0,47.0,46817.51618766931
47000.0,47.0,46774.856320616964
47000.0,47.0,47052.82660111146
47000.0,47.0,46899.591349007795
46000.0,46.0,46873.88621924626
76000.0,76.0,23031.05978295691
76000.0,76.0,23634.987832880186
76000.0,76.0,23221.34084957837
76000.0,76.0,23502.54209622346
76000.0,76.0,23306.482325531622
401000.0,401.0,20902.29042337027
400000.0,400.0,21043.77732610821
401000.0,401.0,19057.603134570043
400000.0,400.0,19693.449046327925
400000.0,400.0,20563.845774237412
62000.0,62.0,80181.54984235081
62000.0,62.0,78318.6837639384
62000.0,62.0,77060.04743108359
62000.0,62.0,78929.52047071529
62000.0,62.0,76464.33008322456
26000.0,26.0,46739.136749266734
26000.0,26.0,43097.39531943545
25000.0,25.0,43398.58451149579
25000.0,25.0,44790.481007070186
26000.0,26.0,43583.449227944664
1.86e6,1860.0,3294.180106932699
1.86e6,1860.0,3481.346506757859
1.86e6,1860.0,3585.397960118958
1.86e6,1860.0,3459.1846448884166
1.86e6,1860.0,3355.4166098048104
2.94e6,2940.0,589.8166292779448
2.94e6,2940.0,629.9831819075924
2.94e6,2940.0,660.218565828659
2.94e6,2940.0,630.8709291288197
2.94e6,2940.0,600.3137296288867
20000.0,20.0,13109.72129370202
20000.0,20.0,13194.99797444517
17000.0,17.0,13164.068481441438
17000.0,17.0,13211.83420354231
17000.0,17.0,13160.96423968602
125000.0,125.0,27747.140591364438
125000.0,125.0,27843.56286484124
125000.0,125.0,29944.946182589025
125000.0,125.0,28602.04482262835
125000.0,125.0,30392.911733048117
175000.0,175.0,11301.15010451232
175000.0,175.0,11445.958821939626
175000.0,175.0,11957.483446630791
175000.0,175.0,11816.90893767845
175000.0,175.0,12078.185708296809
288000.0,288.0,6625.111442955246
288000.0,288.0,6494.338135729261
287000.0,287.0,6666.677880373642
287000.0,287.0,6630.3707269495335
287000.0,287.0,7102.750663314886
31000.0,31.0,85648.36585490355
31000.0,31.0,87811.24912178202
31000.0,31.0,86823.04267441473
31000.0,31.0,87254.42322240706
31000.0,31.0,87108.14203639733
95000.0,95.0,63737.09980383038
95000.0,95.0,64788.573328504586
95000.0,95.0,64693.99833193136
95000.0,95.0,64365.75412984588
95000.0,95.0,64967.824437125564
257000.0,257.0,54257.75001146968
257000.0,257.0,56523.052184187225
257000.0,257.0,51484.70671742754
257000.0,257.0,53479.67044793848
257000.0,257.0,53239.44227385189
35000.0,35.0,46122.30496303136
35000.0,35.0,46450.517970897
35000.0,35.0,45823.949963397004
35000.0,35.0,46784.161030601084
35000.0,35.0,45822.390407047715
28000.0,28.0,5824.177618194143
27000.0,27.0,5452.581276816238
27000.0,27.0,5664.847968759548
27000.0,27.0,5909.07825072535
27000.0,27.0,5381.438376765518
152000.0,152.0,62446.40874963443
152000.0,152.0,76114.31499318295
152000.0,152.0,51484.70671742754
153000.0,153.0,65281.8857461982
152000.0,152.0,56780.8590101158
100000.0,100.0,44815.69022591324
100000.0,100.0,44667.451963373016
100000.0,100.0,48164.08563793287
100000.0,100.0,45447.79780828077
100000.0,100.0,48782.532832325516
36000.0,36.0,34504.69449155301
34000.0,34.0,34588.270487670015
33000.0,33.0,34773.50564526419
36000.0,36.0,34191.01565396902
34000.0,34.0,34291.87691981437
156000.0,156.0,545.6906019591536
156000.0,156.0,559.5606196795585
156000.0,156.0,1701.577594421559
156000.0,156.0,574.8140298701645
156000.0,156.0,1724.6122358886917
39000.0,39.0,36574.347362679066
38000.0,38.0,36377.658670815326
38000.0,38.0,36555.27471411157
39000.0,39.0,36084.48764064068
39000.0,39.0,36615.589809512865
766000.0,766.0,20256.559960333343
701000.0,701.0,21943.26300334019
677000.0,677.0,22755.4059519782
790000.0,790.0,21882.87488280841
741000.0,741.0,20700.961355291667
43000.0,43.0,8724.964270567956
43000.0,43.0,8787.052381061543
43000.0,43.0,8668.524404567297
44000.0,44.0,8850.167695384502
43000.0,43.0,8668.229383027581
72000.0,72.0,56345.32540409006
72000.0,72.0,54131.03824915952
72000.0,72.0,55556.07030096567
72000.0,72.0,55052.825688117286
72000.0,72.0,54569.12941543228
32000.0,32.0,78962.48676533868
32000.0,32.0,80800.37567403981
32000.0,32.0,78414.24365287837
32000.0,32.0,80347.95682924321
32000.0,32.0,78502.92305436303
110000.0,110.0,39499.75390167323
94000.0,94.0,40097.33558023813
155000.0,155.0,33318.88328507529
126000.0,126.0,41161.438820321055
144000.0,144.0,43856.536973286056
245000.0,245.0,49360.71003764914
245000.0,245.0,51146.62011193698
245000.0,245.0,46727.94584119128
245000.0,245.0,48591.1694926697
245000.0,245.0,39210.28525268604
115000.0,115.0,19587.294444449588
115000.0,115.0,19519.755589870707
115000.0,115.0,21074.95908892576
115000.0,115.0,19872.31570816018
115000.0,115.0,21336.461679375556
50000.0,50.0,58094.21372842792
50000.0,50.0,58279.88658479392
50000.0,50.0,62763.637959855914
50000.0,50.0,59815.07593639984
50000.0,50.0,63735.1890930284
459000.0,459.0,4037.8911144526496
459000.0,459.0,4429.148630007394
459000.0,459.0,4802.543191717475
458000.0,458.0,4305.492758808508
459000.0,459.0,4161.326736962615
6.53e6,6530.0,3394.3465373471327
5.48e6,5480.0,3359.161851811724
6.77e6,6770.0,3099.766743904213
5.38e6,5380.0,3457.5679739834786
7.86e6,7860.0,3358.864577840858
77000.0,77.0,17025.189750218306
71000.0,71.0,16995.120581922933
31000.0,31.0,17065.30635427852
39000.0,39.0,17236.161458894727
50000.0,50.0,17079.02563612137
63000.0,63.0,13271.680290585107
53000.0,53.0,20134.23577780145
48000.0,48.0,20536.56919728821
43000.0,43.0,20727.70986079089
60000.0,60.0,20323.448046613397
377000.0,377.0,14460.416433717266
399000.0,399.0,15835.908849788579
371000.0,371.0,17190.20101412499
394000.0,394.0,15377.46728954254
370000.0,370.0,14893.24082877103
95000.0,95.0,9935.114828873195
96000.0,96.0,10566.416968110532
96000.0,96.0,9603.74283068531
94000.0,94.0,9932.753976151207
94000.0,94.0,9779.272504832306
66000.0,66.0,69250.25709754814
66000.0,66.0,70862.08930620845
66000.0,66.0,68769.4468033807
66000.0,66.0,70465.31708434249
66000.0,66.0,45427.45939751893
48000.0,48.0,99970.05973278692
48000.0,48.0,102296.90975374816
50000.0,50.0,99275.95929413654
47000.0,47.0,101724.12714783847
48000.0,48.0,99388.2314049407
201000.0,201.0,58540.775370438976
201000.0,201.0,68952.00348025264
201000.0,201.0,49373.47506073796
201000.0,201.0,59188.1095079575
201000.0,201.0,53251.2044978006
137000.0,137.0,9251.04275966231
137000.0,137.0,9314.045175613495
137000.0,137.0,9302.979895922088
137000.0,137.0,7622.204417881808
137000.0,137.0,9356.655424622852
41000.0,41.0,55432.193884366774
40000.0,40.0,55969.730912085615
38000.0,38.0,56138.84883674045
42000.0,42.0,55514.42015451991
40000.0,40.0,55948.29118171143
8.34e6,8340.0,299.842095899095
2.9e6,2900.0,304.6587015356302
6.69e6,6690.0,311.1260207961899
4.76e6,4760.0,302.8425584468458
43000.0,43.0,39346.37949445372
43000.0,43.0,39599.098311676855
43000.0,43.0,39520.85937349773
43000.0,43.0,39657.54751845235
43000.0,43.0,39514.42923211366
373000.0,373.0,1945.0306098771716
555000.0,555.0,2043.058281512074
488000.0,488.0,2127.6044624554675
471000.0,471.0,2050.20373443731
433000.0,433.0,1983.061562575998
11000.0,11.0,1904.4668071555052
12000.0,12.0,1846.4155617088672
12000.0,12.0,1844.3020560087696
11000.0,11.0,1805.443077614898
12000.0,12.0,1940.241520672578
5900.0,5.9,15237.303352521236
5900.0,5.9,15021.854826955872
5800.0,5.8,15153.756795649786
5800.0,5.8,15140.40591950083
5800.0,5.8,14990.438082081524
110000.0,110.0,11613.18564603503
110000.0,110.0,11098.023457126776
110000.0,110.0,11333.695405306486
110000.0,110.0,11321.626519113614
110000.0,110.0,11165.5131558652
285000.0,285.0,39138.36324202191
285000.0,285.0,39289.58688909787
284000.0,284.0,42300.00630868485
284000.0,284.0,40361.62436897315
284000.0,284.0,42961.2230203528
59000.0,59.0,10146.707857880856
63000.0,63.0,10294.111891979852
60000.0,60.0,10136.189316920352
61000.0,61.0,10329.945028479975
60000.0,60.0,10186.427003530227
60000.0,60.0,105621.49102828678
60000.0,60.0,101297.62993846416
60000.0,60.0,100035.545485256
60000.0,60.0,103676.48278709146
60000.0,60.0,99405.87454422592
7.16e6,7160.0,2307.1666070854085
7.17e6,7170.0,10587.329169726321
7.19e6,7190.0,2309.4985106417485
7.18e6,7180.0,3457.5679739834786
7.14e6,7140.0,11015.8418036524
170000.0,170.0,84443.31318373582
170000.0,170.0,80230.83914885226
170000.0,170.0,81068.67893360718
170000.0,170.0,83364.50440664939
170000.0,170.0,77077.85209894949
50000.0,50.0,22551.204712445946
50000.0,50.0,22591.912627244277
50000.0,50.0,22674.00695268904
50000.0,50.0,22730.378935338147
50000.0,50.0,22625.746890461964
486000.0,486.0,20373.932491007756
486000.0,486.0,39906.18799778554
486000.0,486.0,40947.63586095608
486000.0,486.0,39383.6841545061
486000.0,486.0,20038.6134501193
18000.0,18.0,8583.475735337786
21000.0,21.0,8639.61015426743
16000.0,16.0,9187.978079119672
17000.0,17.0,8879.707512662768
12000.0,12.0,9347.766255464585
75000.0,75.0,39643.722943799665
75000.0,75.0,40282.65963338851
75000.0,75.0,39869.48446392478
75000.0,75.0,39990.5157159745
75000.0,75.0,39785.525360808155
135000.0,135.0,14073.728085172068
125000.0,125.0,14109.220965573677
141000.0,141.0,15181.38685565921
103000.0,103.0,14477.928965467534
92000.0,92.0,15401.23954414196
86000.0,86.0,30256.068712841316
87000.0,87.0,32424.35441767896
86000.0,86.0,33333.70065731642
87000.0,87.0,32098.066438119728
87000.0,87.0,30908.913579684177
70000.0,70.0,46443.269229243066
69000.0,69.0,46989.84366621904
70000.0,70.0,45604.09840410875
70000.0,70.0,47508.89913566568
70000.0,70.0,45810.30241650982
11000.0,11.0,10451.911179288436
14000.0,14.0,10505.196468315333
14000.0,14.0,10353.323362067367
10000.0,10.0,10506.062325776536
6500.0,6.5,10371.089615810117
206000.0,206.0,12312.989213822242
206000.0,206.0,12273.424178621572
206000.0,206.0,13238.894021060818
206000.0,206.0,12490.231296217908
206000.0,206.0,13405.936262737234
1.51e6,1510.0,5405.959034367445
1.52e6,1520.0,5855.225446619793
1.52e6,1520.0,6125.2592768924505
1.51e6,1510.0,5841.659275177451
1.52e6,1520.0,5518.31066366894
190000.0,190.0,49480.47850120966
190000.0,190.0,46979.014522815596
190000.0,190.0,47285.88790301852
190000.0,190.0,47838.13178418988
190000.0,190.0,46768.43969835828
3.66e6,3660.0,2795.712422005243
3.66e6,3660.0,2837.737072667804
3.65e6,3650.0,2865.6543906910174
3.65e6,3650.0,2928.1338333624853
3.65e6,3650.0,2814.494329987585
5700.0,5.7,39966.90397606803
11000.0,11.0,40162.12129368755
5700.0,5.7,39559.79173636953
7800.0,7.8,40198.63490050282
5600.0,5.6,39664.96217085718
278000.0,278.0,8897.208774594563
279000.0,279.0,9296.221296862335
278000.0,278.0,9675.098298979505
278000.0,278.0,9295.782121370254
278000.0,278.0,8957.791471258526
18000.0,18.0,18447.682638282058
56000.0,56.0,17105.71240387056
46000.0,46.0,17496.135127212274
37000.0,37.0,17839.33060037351
41000.0,41.0,17286.962472377614
34000.0,34.0,11334.945365792071
30000.0,30.0,10873.50614569503
37000.0,37.0,10920.573271503808
40000.0,40.0,11417.570026668533
33000.0,33.0,11021.814544549741
1.17e6,1170.0,581.416612111101
1.16e6,1160.0,583.0284770069097
1.22e6,1220.0,586.1382539868164
1.1e6,1100.0,599.8726304369683
1.14e6,1140.0,588.7259306461785
119000.0,119.0,7665.040751276073
119000.0,119.0,7174.731034304122
119000.0,119.0,7356.559610616315
119000.0,119.0,7635.457815527975
119000.0,119.0,7011.750714443377
97000.0,97.0,38336.81780072367
97000.0,97.0,38493.22971482131
97000.0,97.0,41447.8583961352
97000.0,97.0,39563.355076516345
97000.0,97.0,42092.90128579791
992000.0,992.0,10625.943839278578
973000.0,973.0,10587.329169726321
942000.0,942.0,10724.146516567824
940000.0,940.0,10528.672929823404
1.02e6,1020.0,11015.8418036524
45000.0,45.0,15015.274616801524
45000.0,45.0,14738.923679975622
44000.0,44.0,14963.85246749315
44000.0,44.0,14974.283209671508
45000.0,45.0,14940.90358430094
967000.0,967.0,3054.296609954553
1.38e6,1380.0,3000.662158594067
1.31e6,1310.0,3099.766743904213
1.23e6,1230.0,3092.3684797435644
1.15e6,1150.0,3018.6290159347586
266000.0,266.0,10625.943839278578
230000.0,230.0,10403.315024681822
244000.0,244.0,10724.146516567824
220000.0,220.0,10528.672929823404
238000.0,238.0,10468.67930393972
3.11e6,3110.0,288.9723369440071
2.5e6,2500.0,285.00400460075895
2.56e6,2560.0,286.5768114893864
2.95e6,2950.0,292.82846718457523
2.17e6,2170.0,291.58182066103177
572000.0,572.0,4074.8489609505145
594000.0,594.0,4275.698731168532
534000.0,534.0,4451.689073375097
538000.0,538.0,4296.793653363715
533000.0,533.0,4170.234558971712
512000.0,512.0,9914.72770145772
512000.0,512.0,9871.042051516884
512000.0,512.0,8965.491617343097
511000.0,511.0,9251.004110715097
512000.0,512.0,9619.084191726295
558000.0,558.0,9975.478270002948
630000.0,630.0,10588.830688737216
462000.0,462.0,9602.080038642902
451000.0,451.0,9925.376330740564
380000.0,380.0,9813.31346103434
34000.0,34.0,13754.194161349518
34000.0,34.0,13455.886022044182
34000.0,34.0,13554.933602086676
34000.0,34.0,13550.877912551425
34000.0,34.0,13397.27191021834
39000.0,39.0,42599.02845964249
39000.0,39.0,42441.27365204528
39000.0,39.0,42664.05941530309
40000.0,40.0,42282.30453968271
39000.0,39.0,42596.78276682473
161000.0,161.0,1921.8366048972127
162000.0,162.0,2022.6062868438314
162000.0,162.0,2111.139586394661
162000.0,162.0,2035.4974982326196
162000.0,162.0,1960.550033249096
26000.0,26.0,24878.170192806465
27000.0,27.0,24744.380936017722
27000.0,27.0,24865.196821268637
27000.0,27.0,24544.963603646454
26000.0,26.0,24906.22364243673
28000.0,28.0,37706.56136998654
28000.0,28.0,38151.83270365297
28000.0,28.0,37761.03478636824
28000.0,28.0,38151.275673842734
28000.0,28.0,37975.09245261396
13000.0,13.0,9405.625428148423
15000.0,15.0,9409.343256604996
26000.0,26.0,9427.649563230565
16000.0,16.0,9410.37232547009
18000.0,18.0,9429.507371559685
190000.0,190.0,13787.228932799533
190000.0,190.0,13748.609238649273
190000.0,190.0,14826.35411308898
190000.0,190.0,13999.830165567759
190000.0,190.0,15015.691172429293
80000.0,80.0,30919.96477907471
80000.0,80.0,29696.39951574009
80000.0,80.0,30104.20405516752
80000.0,80.0,29962.535557397765
80000.0,80.0,29808.197294997222
45000.0,45.0,46682.768120588094
45000.0,45.0,45823.58791689636
45000.0,45.0,46522.89570175541
45000.0,45.0,46555.32507323645
45000.0,45.0,46451.547196980835
140000.0,140.0,14849.838613621889
140000.0,140.0,14841.468573741024
140000.0,140.0,16086.763078575095
140000.0,140.0,15178.182529159136
140000.0,140.0,16297.620520740236
29000.0,29.0,60115.76496459854
30000.0,30.0,60341.023684061314
30000.0,30.0,64712.300985069705
30000.0,30.0,61980.02887270678
30000.0,30.0,65820.61437417376
31000.0,31.0,66352.96702274012
34000.0,34.0,69582.65257645222
32000.0,32.0,75438.3315848046
32000.0,32.0,68655.40049431662
34000.0,34.0,76617.55328941182
97000.0,97.0,17887.735814203246
97000.0,97.0,17949.896314989935
96000.0,96.0,19304.59409036881
96000.0,96.0,18438.866514858313
97000.0,97.0,19593.383826885674
24000.0,24.0,13029.667630055434
24000.0,24.0,12940.799600660865
24000.0,24.0,12762.759700174138
24000.0,24.0,13456.026681273792
24000.0,24.0,12945.697410698707
33000.0,33.0,70576.92360165813
33000.0,33.0,63593.56728552627
32000.0,32.0,65697.6483504606
33000.0,33.0,68533.70138017915
32000.0,32.0,62979.31923472338
61000.0,61.0,53558.174554283716
61000.0,61.0,51979.196260827295
61000.0,61.0,52221.98446740474
60000.0,60.0,52326.000483031195
61000.0,61.0,51681.43783000904
35000.0,35.0,12163.039269337109
35000.0,35.0,12213.372672687678
35000.0,35.0,12075.837251165913
35000.0,35.0,12126.191419581402
35000.0,35.0,12088.943263152352
3.47e6,3470.0,263.8579386403264
3.47e6,3470.0,219.01921832365406
3.47e6,3470.0,267.466857908991
3.47e6,3470.0,222.73465857447846
3.47e6,3470.0,222.9169183470421
1.24e6,1240.0,20504.514494336454
1.24e6,1240.0,22484.743451929375
1.24e6,1240.0,24380.93053918569
1.24e6,1240.0,21850.722455449857
1.24e6,1240.0,21125.71625543096
85000.0,85.0,120728.04093977748
85000.0,85.0,118791.42419528542
85000.0,85.0,117619.29526873463
85000.0,85.0,119818.31505571587
85000.0,85.0,116102.00129763084
15000.0,15.0,72299.80987234054
17000.0,17.0,74327.13428397638
14000.0,14.0,73321.99195341165
16000.0,16.0,74110.84504705563
17000.0,17.0,73686.4119260641
25000.0,25.0,17933.83943477937
25000.0,25.0,17459.345577546806
25000.0,25.0,17825.92894506854
25000.0,25.0,17626.021324111032
25000.0,25.0,17545.880324687205
1.9e6,1900.0,3339.3764845083756
1.9e6,1900.0,3569.8265705266235
1.9e6,1900.0,3721.277805158349
1.9e6,1900.0,3590.9056252915043
1.9e6,1900.0,3362.965985454261
60000.0,60.0,27960.6887029823
60000.0,60.0,27857.158597036603
60000.0,60.0,28026.404486462736
60000.0,60.0,28229.662147820884
60000.0,60.0,28057.454862230294
114000.0,114.0,35555.16051535354
111000.0,111.0,35653.13966925884
108000.0,108.0,38425.23726174195
112000.0,112.0,36593.39313151598
110000.0,110.0,38996.59396115758
99000.0,99.0,81305.2278753098
88000.0,88.0,74308.33033174445
88000.0,88.0,75945.3732460712
85000.0,85.0,79163.11071405846
93000.0,93.0,73664.29480784074
65000.0,65.0,31822.037226468725
65000.0,65.0,30624.64814354405
65000.0,65.0,30665.927217285385
65000.0,65.0,31293.69770180738
65000.0,65.0,30308.862984979412
268000.0,268.0,34374.458945237835
269000.0,269.0,14018.165270268606
268000.0,268.0,38120.984826357424
268000.0,268.0,36689.075257820026
268000.0,268.0,35159.678668775974
7.09e6,7090.0,266.9073027360505
7.14e6,7140.0,268.4491903981594
7.73e6,7730.0,270.5579297088644
7.63e6,7630.0,276.60065071938106
7.08e6,7080.0,269.4006795514638
40000.0,40.0,15241.473921177541
35000.0,35.0,15235.152225451282
36000.0,36.0,15267.132188680262
36000.0,36.0,15233.049424796736
37000.0,37.0,15275.658598993241
1.39e6,1390.0,9199.813776166839
1.35e6,1350.0,9506.167628391588
1.41e6,1410.0,10167.594104410186
1.38e6,1380.0,9547.991881183818
1.36e6,1360.0,9101.283090885374
121000.0,121.0,25441.11925125741
121000.0,121.0,25525.75297168225
120000.0,120.0,27447.148906362803
120000.0,120.0,26206.79888801423
121000.0,121.0,27852.35632952549
78000.0,78.0,29011.843312442954
80000.0,80.0,34173.87681558037
79000.0,79.0,24478.635114590783
79000.0,79.0,29356.990645625763
79000.0,79.0,26404.515042747345
82000.0,82.0,13630.4186058288
46000.0,46.0,13626.27382430716
82000.0,82.0,13878.981491797198
59000.0,59.0,13622.542177790912
44000.0,44.0,13845.093178952713
1.36e6,1360.0,216.58052474518638
1.37e6,1370.0,229.25455427307782
1.35e6,1350.0,237.69814039451734
1.34e6,1340.0,229.1460787425729
1.34e6,1340.0,221.25976057838758
128000.0,128.0,34337.92405796844
128000.0,128.0,40388.0128226569
129000.0,129.0,28956.16230461331
129000.0,129.0,34649.49127812667
128000.0,128.0,31224.46624976646
44000.0,44.0,71746.17301781151
44000.0,44.0,67091.07686558849
43000.0,43.0,69070.58064821422
44000.0,44.0,69090.531597022
44000.0,44.0,68222.38879689165
183000.0,183.0,36942.99440136491
183000.0,183.0,38428.17333927894
183000.0,183.0,35416.63997946006
184000.0,184.0,36366.09104608403
184000.0,184.0,36231.66003515428
104000.0,104.0,13414.219289566243
107000.0,107.0,13459.888640025367
104000.0,104.0,14470.850389383078
119000.0,119.0,13816.05447793702
111000.0,111.0,14685.460479573694
110000.0,110.0,56729.01952471546
110000.0,110.0,52465.16706991017
110000.0,110.0,33128.59660399528
110000.0,110.0,31642.922288141566
110000.0,110.0,52140.44798214912
164000.0,164.0,12905.730537392788
164000.0,164.0,12950.578397488383
164000.0,164.0,13927.972329858696
164000.0,164.0,13303.362992803446
164000.0,164.0,14136.32975195858
490000.0,490.0,1773.5389324714592
438000.0,438.0,1867.7962784742474
444000.0,444.0,1697.4668704698458
451000.0,451.0,1758.7531731621805
424000.0,424.0,1720.44586413537
44000.0,44.0,13709.741877334729
45000.0,45.0,12287.12410525127
45000.0,45.0,12763.950459912658
44000.0,44.0,13082.828622895791
44000.0,44.0,12694.513900955497
14000.0,14.0,25300.09686014057
15000.0,15.0,23404.7101140815
14000.0,14.0,24446.159826560233
15000.0,15.0,24222.06579365442
14000.0,14.0,23032.892570544645
29000.0,29.0,36074.40567591825
25000.0,25.0,36716.88267413087
28000.0,28.0,36116.427986911214
27000.0,27.0,36582.22183309549
28000.0,28.0,36130.01068176733
34000.0,34.0,5911.021661793572
35000.0,35.0,5888.97942060239
35000.0,35.0,6355.24785549314
34000.0,34.0,5990.766908472137
34000.0,34.0,6435.7174805877885
673000.0,673.0,3977.1207602630584
674000.0,674.0,4173.15349631858
673000.0,673.0,4344.92301472357
674000.0,674.0,4193.74249331027
674000.0,674.0,4070.2186997831814
85000.0,85.0,46545.011240172214
85000.0,85.0,47616.952783849876
85000.0,85.0,47067.99400229661
85000.0,85.0,47021.68310055088
85000.0,85.0,47257.542780472104
266000.0,266.0,21175.322625291996
266000.0,266.0,23224.338582473472
265000.0,265.0,25187.984986576335
266000.0,266.0,22568.954778783092
266000.0,266.0,21821.661827291697
57000.0,57.0,6855.83327169829
63000.0,63.0,6904.620375060388
68000.0,68.0,6811.48440112666
70000.0,70.0,6954.214626506057
70000.0,70.0,6811.25258143948
23000.0,23.0,54146.51254339284
23000.0,23.0,55513.87763869809
23000.0,23.0,54889.13795728395
23000.0,23.0,55161.854803889204
23000.0,23.0,55069.37649453586
44000.0,44.0,44740.9181626825
44000.0,44.0,44745.823645966666
44000.0,44.0,44820.56108795179
44000.0,44.0,44750.36664426121
44000.0,44.0,44838.61599979309
57000.0,57.0,26155.3717143951
57000.0,57.0,26238.965970412184
57000.0,57.0,28257.655550030166
57000.0,57.0,26930.14406830225
57000.0,57.0,28695.070559147214
36000.0,36.0,29510.89181199991
36000.0,36.0,30179.579089106042
36000.0,36.0,29253.359086734625
36000.0,36.0,29994.259855190216
36000.0,36.0,29269.04948691526
812000.0,812.0,1917.6994976163571
1.22e6,1220.0,2014.3497074856114
925000.0,925.0,2097.7078653969493
1.05e6,1050.0,2021.3947541884147
1.11e6,1110.0,1955.1960483205212
150000.0,150.0,41330.59589157065
150000.0,150.0,40737.09247639695
150000.0,150.0,68272.90055370818
150000.0,150.0,40302.43475106152
150000.0,150.0,66798.95671795047
28000.0,28.0,72892.97457015721
13000.0,13.0,68066.57195619638
24000.0,24.0,68264.34563516466
26000.0,26.0,71103.97107197018
13000.0,13.0,67666.99484919639
8.55e6,8550.0,276.48776274088317
7.82e6,7820.0,278.0849954344967
7.53e6,7530.0,280.26942653939295
8.02e6,8020.0,286.52904699914967
9.07e6,9070.0,279.0706376577428
59000.0,59.0,21720.08365360237
59000.0,59.0,21639.901115601526
59000.0,59.0,21327.592891035027
59000.0,59.0,21963.206045125116
59000.0,59.0,21298.938743894338
26000.0,26.0,44268.30202582154
26000.0,26.0,44747.429153751174
26000.0,26.0,44272.17828873543
26000.0,26.0,43850.07787843788
26000.0,26.0,45914.096150258854
24000.0,24.0,44290.13101651501
24000.0,24.0,44306.24772042015
24000.0,24.0,44262.337192190826
24000.0,24.0,44287.0297901706
24000.0,24.0,44271.004012314515
96000.0,96.0,63722.50896636234
96000.0,96.0,61113.88003693605
96000.0,96.0,60352.45177926904
96000.0,96.0,62549.06591152018
96000.0,96.0,59972.56496082884
574000.0,574.0,14330.9087581223
574000.0,574.0,15216.877282921092
574000.0,574.0,15725.328151245869
574000.0,574.0,15128.776726011522
574000.0,574.0,14445.718923236505
150000.0,150.0,77300.78639608067
150000.0,150.0,74826.0216428276
150000.0,150.0,76762.00106161625
150000.0,150.0,78146.523002436
150000.0,150.0,72983.42920711792
40000.0,40.0,9436.294823508688
40000.0,40.0,9475.591429149035
40000.0,40.0,9339.15243378221
40000.0,40.0,9475.31582082435
40000.0,40.0,9356.631129872378
21000.0,21.0,9663.915518712003
23000.0,23.0,9722.567908987266
19000.0,19.0,9701.975528889225
22000.0,22.0,9732.799050588017
21000.0,21.0,9699.054028416038
32000.0,32.0,40643.014785252126
32000.0,32.0,38082.921617229076
32000.0,32.0,38727.56970076845
32000.0,32.0,39718.70137608408
32000.0,32.0,38182.032260952474
31000.0,31.0,8538.384949178777
35000.0,35.0,8502.879573437678
27000.0,27.0,8380.518605969206
34000.0,34.0,8625.377557608053
34000.0,34.0,8397.604780615407
38000.0,38.0,22453.960185478387
36000.0,36.0,22515.836436039725
47000.0,47.0,24266.484388957768
41000.0,41.0,23109.629671670402
43000.0,43.0,24627.31022673862
40000.0,40.0,22200.956697162095
40000.0,40.0,21256.988394826498
40000.0,40.0,21085.141471680447
40000.0,40.0,21167.237985973723
40000.0,40.0,20895.88678715696
369000.0,369.0,3015.610615018295
369000.0,369.0,3304.191733628857
369000.0,369.0,3585.2324332056414
369000.0,369.0,3209.305769731636
369000.0,369.0,3105.6893018432743
671000.0,671.0,3341.190085512449
671000.0,671.0,3531.027465114374
671000.0,671.0,3636.5637967865873
671000.0,671.0,3508.549339829468
671000.0,671.0,3403.3004709880843
388000.0,388.0,219.14245962228594
388000.0,388.0,225.46361343938813
388000.0,388.0,239.4497896168869
388000.0,388.0,225.70635425709574
388000.0,388.0,219.23974855643752
41000.0,41.0,30809.40478519272
41000.0,41.0,31260.572309105704
41000.0,41.0,30936.280263791687
41000.0,41.0,30929.88579497123
41000.0,41.0,30959.034108975437
14000.0,14.0,73429.77043614563
14000.0,14.0,68005.73404583053
14000.0,14.0,68283.01115709386
14000.0,14.0,71178.74579220524
14000.0,14.0,67463.59573063297
3.77e6,3770.0,270.75153223748856
4.07e6,4070.0,271.78907068478725
3.78e6,3780.0,273.29689492572686
3.71e6,3710.0,279.24160915496446
4.12e6,4120.0,273.1224759750225
5.77e6,5770.0,232.32319785797873
5.75e6,5750.0,232.21017291581953
5.72e6,5720.0,233.27590487574676
5.71e6,5710.0,236.14938441381418
5.71e6,5710.0,236.34262121571007
78000.0,78.0,86642.60658074122
78000.0,78.0,88039.0228634533
78000.0,78.0,87136.01550192153
78000.0,78.0,87400.53311975939
78000.0,78.0,86952.52023457443
3900.0,3.9,42228.02776390914
4000.0,4.0,42258.94840625019
4000.0,4.0,42169.540684547974
4000.0,4.0,42253.693403717174
4000.0,4.0,42142.751521126105
298000.0,298.0,22783.254362803284
276000.0,276.0,24967.444266544437
310000.0,310.0,27090.77077168251
285000.0,285.0,24250.092428784894
251000.0,251.0,23473.829849272628
29000.0,29.0,49138.925609001584
30000.0,30.0,49099.52500873227
35000.0,35.0,53221.082088562296
32000.0,32.0,50249.0213472843
28000.0,28.0,53949.31717313046
1.93e6,1930.0,4691.102626458162
1.92e6,1920.0,4559.1402718356185
1.92e6,1920.0,4572.6663415449775
1.92e6,1920.0,4622.3003707965545
1.92e6,1920.0,4756.124387373688
42000.0,42.0,7562.917240521063
39000.0,39.0,7378.827156628549
70000.0,70.0,7450.24255698123
41000.0,41.0,7405.346607852094
52000.0,52.0,7351.229548910386
148000.0,148.0,25909.426797949356
148000.0,148.0,26015.135703151263
148000.0,148.0,28011.982075000597
148000.0,148.0,26738.36565060254
148000.0,148.0,28447.9257054325
103000.0,103.0,5629.209054448426
106000.0,106.0,5840.2923715647885
108000.0,108.0,5942.749293143838
91000.0,91.0,5913.901445014052
100000.0,100.0,6047.477096995763
20000.0,20.0,38708.36788057934
20000.0,20.0,38565.02115770307
20000.0,20.0,38767.45941966741
20000.0,20.0,38420.57103511848
20000.0,20.0,38706.3272917002
201000.0,201.0,6960.764633281732
201000.0,201.0,6768.2792906151735
201000.0,201.0,6673.8080346848965
201000.0,201.0,7100.552429264775
201000.0,201.0,6772.017633566134
66000.0,66.0,10061.639399437747
66000.0,66.0,10007.530144340024
66000.0,66.0,10056.39249481426
66000.0,66.0,9926.878501845122
66000.0,66.0,10072.985237652636
70000.0,70.0,40733.08548616473
70000.0,70.0,38595.70681811599
70000.0,70.0,39328.28456433202
70000.0,70.0,38805.94797442104
70000.0,70.0,38969.18790922948
8300.0,8.3,43436.95858097503
7300.0,7.3,43422.65731641889
8300.0,8.3,43511.2053141267
12000.0,12.0,43399.1440483736
5000.0,5.0,43513.404500863
120000.0,120.0,20134.4800199889
104000.0,104.0,20671.74733663349
112000.0,112.0,18764.191378687225
97000.0,97.0,19400.1032477919
98000.0,98.0,19814.582944794634
401000.0,401.0,14480.87084308108
401000.0,401.0,14626.648291379448
401000.0,401.0,15777.661578615445
401000.0,401.0,15174.960329663878
400000.0,400.0,16055.01524574146
17000.0,17.0,23943.377032467284
15000.0,15.0,22881.246201370748
15000.0,15.0,23367.140639230656
17000.0,17.0,23342.25772585223
17000.0,17.0,23020.392457355512
35000.0,35.0,49019.31457435649
35000.0,35.0,46447.13434192143
35000.0,35.0,47328.73853574401
35000.0,35.0,46700.14432764652
35000.0,35.0,46896.59175165004
598000.0,598.0,18970.939717277346
586000.0,586.0,20401.189913307797
575000.0,575.0,21171.446447905564
577000.0,577.0,20370.092762795983
589000.0,589.0,19363.144256385553
110000.0,110.0,1776.2030916010717
110000.0,110.0,1874.2260821761804
110000.0,110.0,1707.2190108900563
110000.0,110.0,1769.8657346326654
110000.0,110.0,1724.029208362033
86000.0,86.0,25552.703247460042
86000.0,86.0,24838.859958225104
86000.0,86.0,25276.57580558369
86000.0,86.0,25165.563891195565
86000.0,86.0,24987.689551601175
89000.0,89.0,83552.58035268547
89000.0,89.0,85497.30584214372
89000.0,89.0,82972.46783871693
89000.0,89.0,85018.58786565343
89000.0,89.0,83066.30217856233
10000.0,10.0,28007.137408006696
11000.0,11.0,27463.096044189708
10000.0,10.0,27514.172075155195
11000.0,11.0,28231.684158706285
10000.0,10.0,27445.232886073503
165000.0,165.0,29759.221898179232
131000.0,131.0,30689.19502537882
134000.0,134.0,29749.405548631185
131000.0,131.0,30442.040256422602
138000.0,138.0,29982.21501412596
12000.0,12.0,27772.108861172834
12000.0,12.0,27778.229449595667
12000.0,12.0,28281.286401646717
12000.0,12.0,27777.275619831256
13000.0,13.0,28207.84305556343
113000.0,113.0,4980.864655754881
156000.0,156.0,5422.397810453777
155000.0,155.0,5895.346617120637
130000.0,130.0,5224.033574158635
113000.0,113.0,5094.12519309425
69000.0,69.0,42079.02544884744
69000.0,69.0,49527.143900306844
69000.0,69.0,35494.55374253534
69000.0,69.0,42493.924179817
69000.0,69.0,38275.5588935776
770000.0,770.0,2005.0027199058284
770000.0,770.0,2130.4103764552087
770000.0,770.0,2219.891162175481
770000.0,770.0,2141.226902640995
770000.0,770.0,2041.6513630920183
57000.0,57.0,10419.796149383872
57000.0,57.0,9732.870779302199
57000.0,57.0,9738.763774130193
57000.0,57.0,10145.06048790261
57000.0,57.0,9767.514894618416
100000.0,100.0,32093.40105389676
100000.0,100.0,32391.50199110148
100000.0,100.0,32183.8377106476
100000.0,100.0,31875.14658092187
100000.0,100.0,32336.35508889172
155000.0,155.0,56570.46835936363
146000.0,146.0,66593.47592358243
131000.0,131.0,47723.79558040867
150000.0,150.0,57140.31075670598
149000.0,149.0,51449.79642137606
108000.0,108.0,82011.22482571562
108000.0,108.0,75148.49161455002
107000.0,107.0,77811.87074584799
108000.0,108.0,76606.5270634415
108000.0,108.0,75125.28732901924
2.1e6,2100.0,2657.2203359810806
2.35e6,2350.0,2671.491608881824
2.05e6,2050.0,2702.356585464516
2.31e6,2310.0,2760.1480704045575
2.49e6,2490.0,2679.972276793443
204000.0,204.0,2855.9230423078807
205000.0,205.0,3059.1837992767014
204000.0,204.0,2802.8778498896872
204000.0,204.0,2873.443071843596
205000.0,205.0,2811.425091664296
102000.0,102.0,21562.13638403819
110000.0,110.0,21485.751912038642
109000.0,109.0,23189.378051563435
101000.0,101.0,21869.637666807535
106000.0,106.0,23482.284293060613
480000.0,480.0,52442.71675739217
480000.0,480.0,50566.712203767536
480000.0,480.0,50071.46246236028
480000.0,480.0,50811.2432041577
480000.0,480.0,38342.58313643487
16000.0,16.0,41101.22889091556
16000.0,16.0,41137.75592679286
16000.0,16.0,41079.39912553887
16000.0,16.0,41129.76405122351
16000.0,16.0,41081.05081540328
40000.0,40.0,5347.367870671247
40000.0,40.0,5339.650976202346
40000.0,40.0,5339.538125823201
40000.0,40.0,5468.912850875537
41000.0,41.0,5352.739496492091
235000.0,235.0,38644.977700137744
245000.0,245.0,39039.67380199756
235000.0,235.0,42102.959971296215
250000.0,250.0,40492.706797266
233000.0,233.0,42834.72860573341
21000.0,21.0,20553.03717711162
21000.0,21.0,20583.38414428304
21000.0,21.0,20537.886739326666
20000.0,20.0,20580.068652790174
21000.0,21.0,20545.803516222742
1.06e6,1060.0,5551.851406634296
1.06e6,1060.0,6013.242317471747
1.06e6,1060.0,6290.563638426508
1.06e6,1060.0,5999.310031354523
1.06e6,1060.0,5667.235105846543
33000.0,33.0,42041.67295992491
30000.0,30.0,42244.11061376315
29000.0,29.0,45156.0350678275
27000.0,27.0,43385.684886188836
25000.0,25.0,45927.51540150622
129000.0,129.0,34273.101795542985
129000.0,129.0,39885.999140149026
129000.0,129.0,37029.419688958726
129000.0,129.0,52273.37582948677
129000.0,129.0,37600.96947210208
10000.0,10.0,103844.32045360224
10000.0,10.0,103410.46800521183
10000.0,10.0,102919.37834539173
10000.0,10.0,103061.93576580622
10000.0,10.0,102975.07049632665
154000.0,154.0,43454.361517557074
154000.0,154.0,51178.561603157315
154000.0,154.0,36652.27793186911
154000.0,154.0,43940.854518039676
154000.0,154.0,39528.278455336294
58000.0,58.0,11316.231650504946
56000.0,56.0,11461.233617230937
48000.0,48.0,11973.440878829166
49000.0,49.0,11832.678771189738
50000.0,50.0,12094.304219384852
61000.0,61.0,7435.112650225305
70000.0,70.0,7488.021989615573
57000.0,57.0,7387.016549351393
65000.0,65.0,7541.806676565934
60000.0,60.0,7386.76514220358
20000.0,20.0,12409.735299316733
20000.0,20.0,12398.76829062619
20000.0,20.0,11009.078266991703
20000.0,20.0,10974.838093312743
20000.0,20.0,12430.76488681848
353000.0,353.0,9551.147072822969
353000.0,353.0,9677.76371670328
353000.0,353.0,10327.130437174932
353000.0,353.0,9692.87964701934
353000.0,353.0,9445.937379652862
42000.0,42.0,40936.66057566254
84000.0,84.0,40811.4884744422
77000.0,77.0,41022.36531723985
64000.0,64.0,40642.33559327745
30000.0,30.0,40945.8627446816
18000.0,18.0,17475.481331209816
16000.0,16.0,17228.385988992904
15000.0,15.0,17379.662782407868
17000.0,17.0,17364.350821918615
19000.0,19.0,17192.354499310175
17000.0,17.0,23814.584948358755
17000.0,17.0,23745.273468047268
17000.0,17.0,23852.867625948107
17000.0,17.0,23672.151835333665
17000.0,17.0,23824.523945513414
80000.0,80.0,16203.768095000922
120000.0,120.0,17757.19440153624
122000.0,122.0,32092.366175796717
110000.0,110.0,17247.003774838235
108000.0,108.0,42246.83431505554
166000.0,166.0,15444.762380497405
166000.0,166.0,15496.141712060205
165000.0,165.0,16662.58031709635
169000.0,169.0,15909.590202438072
165000.0,165.0,16908.573125186038
57000.0,57.0,12032.04209862307
56000.0,56.0,11949.835551389131
56000.0,56.0,12454.93465554806
56000.0,56.0,12302.259150362295
56000.0,56.0,12855.363020980396
19000.0,19.0,10591.391490190665
19000.0,19.0,10763.654812189756
19000.0,19.0,10552.639985856416
19000.0,19.0,10762.488887187055
19000.0,19.0,10602.524649771398
317000.0,317.0,38057.94566636608
317000.0,317.0,39906.18799778554
317000.0,317.0,40947.63586095608
317000.0,317.0,39383.6841545061
317000.0,317.0,39210.28525268604
5.79e6,5790.0,223.3444291453478
7.36e6,7360.0,223.23577236282046
3.95e6,3950.0,224.26031618111534
5.43e6,5430.0,227.02274220231197
6.76e6,6760.0,227.20851083672835
7900.0,7.9,12146.43245737492
8000.0,8.0,12205.334932228916
8000.0,8.0,12024.309597107842
7900.0,7.9,12207.720012367743
8000.0,8.0,12048.320945784435
75000.0,75.0,14058.437353983762
75000.0,75.0,13948.500319700937
75000.0,75.0,14344.831582060953
75000.0,75.0,14620.87656682919
75000.0,75.0,14430.550253339774
68000.0,68.0,56622.95418536877
68000.0,68.0,54891.888437468595
68000.0,68.0,55987.71371645757
68000.0,68.0,55422.49841363192
68000.0,68.0,55254.949885238515
92000.0,92.0,25407.480170270373
92000.0,92.0,25488.684116644938
92000.0,92.0,27449.65091245793
92000.0,92.0,26160.09853996212
92000.0,92.0,27874.558395772485
58000.0,58.0,60637.31456639873
64000.0,64.0,60861.367301203376
78000.0,78.0,65582.1724155659
70000.0,70.0,62543.61375024535
57000.0,57.0,66576.15529076164
117000.0,117.0,54161.095436590644
117000.0,117.0,54333.81940507728
116000.0,116.0,58511.204254880366
116000.0,116.0,55772.55091594734
117000.0,117.0,59423.57019121668
31000.0,31.0,74508.76500869576
31000.0,31.0,70498.72109353443
32000.0,32.0,69980.80791341394
30000.0,30.0,71902.95565118417
30000.0,30.0,69589.61707242606
50000.0,50.0,11513.342123717544
50000.0,50.0,11073.446706896932
50000.0,50.0,11075.129134261277
50000.0,50.0,11309.205841483279
50000.0,50.0,10939.67321538305
34000.0,34.0,46668.14738973585
33000.0,33.0,46487.757366895414
33000.0,33.0,46869.63082425758
34000.0,34.0,45948.9633753376
34000.0,34.0,46743.65255880773
31000.0,31.0,21668.92706041696
37000.0,37.0,22021.36057805632
33000.0,33.0,21589.645360587623
31000.0,31.0,22018.97521218019
37000.0,37.0,21691.70439077344
38000.0,38.0,95291.07107170702
38000.0,38.0,86208.1597552767
32000.0,32.0,91317.78466597864
30000.0,30.0,91582.93711696718
37000.0,37.0,85433.71647162964
56000.0,56.0,13697.885878310582
63000.0,63.0,13736.247529190956
69000.0,69.0,14776.537163252618
55000.0,55.0,14099.362748778536
61000.0,61.0,14997.019018189905
1.45e6,1450.0,220.78694699679104
1.47e6,1470.0,220.06846742407419
59000.0,59.0,55677.58797059835
58000.0,58.0,54890.33224970226
59000.0,59.0,55372.30621159996
59000.0,59.0,55323.521688244924
59000.0,59.0,54775.53447111756
42000.0,42.0,4711.296774621465
41000.0,41.0,4761.350892758969
41000.0,41.0,5131.7598689149145
42000.0,42.0,4944.777956768262
41000.0,41.0,5223.901835636853
112000.0,112.0,26999.953303776427
119000.0,119.0,27696.866179628378
112000.0,112.0,27314.719342168075
119000.0,119.0,27445.066221695477
117000.0,117.0,27470.818188844463
232000.0,232.0,47184.49214792936
232000.0,232.0,55559.77775369178
232000.0,232.0,39784.93207102467
233000.0,233.0,47678.5823679037
232000.0,232.0,52376.81272199757
25000.0,25.0,44657.53492713075
25000.0,25.0,45383.86586541803
25000.0,25.0,45818.68416521766
25000.0,25.0,45621.674737866764
25000.0,25.0,44704.476772617854
63000.0,63.0,96893.26981211174
63000.0,63.0,89573.6538048863
63000.0,63.0,89706.62075979162
64000.0,64.0,92353.01536399519
63000.0,63.0,88782.90451561293
37000.0,37.0,33417.65381195449
58000.0,58.0,33116.450967741555
40000.0,40.0,33081.69623898776
39000.0,39.0,33676.509514489124
72000.0,72.0,33012.34087424976
98000.0,98.0,26871.01714565143
98000.0,98.0,26210.093722155296
99000.0,99.0,26714.61022385709
99000.0,99.0,26915.42590383517
98000.0,98.0,26591.861686057724
112000.0,112.0,51772.58205612616
111000.0,111.0,51991.35023240484
112000.0,112.0,55970.27896744788
112000.0,112.0,53422.93468579917
112000.0,112.0,56830.24671624237
356000.0,356.0,17273.240472507296
356000.0,356.0,18175.26365801779
356000.0,356.0,18944.67023305027
356000.0,356.0,18223.29676081984
356000.0,356.0,17483.86294508747
33000.0,33.0,10753.283604770413
32000.0,32.0,10520.060779359399
35000.0,35.0,10597.49801094627
24000.0,24.0,10594.327197791097
38000.0,38.0,10474.235181704524
151000.0,151.0,275.7946856577747
329000.0,329.0,276.8515498149815
329000.0,329.0,278.387459544173
219000.0,219.0,284.4429029931128
106000.0,106.0,278.2097917788803
104000.0,104.0,35475.07638275618
58000.0,58.0,33784.809239271424
88000.0,88.0,34026.512333401115
75000.0,75.0,34520.72058830977
60000.0,60.0,33703.01469015865
50000.0,50.0,43154.79489640136
54000.0,54.0,43164.305615927675
52000.0,52.0,43946.0006501612
55000.0,55.0,43162.823469647214
54000.0,54.0,43831.87778853147
25000.0,25.0,22167.29461007193
25000.0,25.0,20459.742072194593
25000.0,25.0,21135.688427922367
25000.0,25.0,20927.39128887702
25000.0,25.0,20622.30617806715
2.9e6,2900.0,462.1572006809724
2.9e6,2900.0,461.44469203243625
2.9e6,2900.0,463.46387180939314
2.9e6,2900.0,469.9442791707283
2.9e6,2900.0,471.93089106498627
110000.0,110.0,36287.273957133315
110000.0,110.0,34607.45482934306
110000.0,110.0,35143.27551476209
110000.0,110.0,34602.84276067079
110000.0,110.0,34708.807224847216
390000.0,390.0,40836.106564752656
375000.0,375.0,40999.83528452924
456000.0,456.0,44132.010489025306
333000.0,333.0,42107.66591262769
413000.0,413.0,44813.12411980799
55000.0,55.0,43184.15967104037
55000.0,55.0,43160.64972596085
55000.0,55.0,43243.2091388968
55000.0,55.0,43115.671274611945
55000.0,55.0,43248.326293424296
258000.0,258.0,31082.10912030733
257000.0,257.0,36564.21495728832
258000.0,258.0,26215.022551894155
258000.0,258.0,31366.761144976314
258000.0,258.0,28258.205942752276
51000.0,51.0,10156.616655811245
51000.0,51.0,9992.55165506186
51000.0,51.0,10005.291097386944
51000.0,51.0,10127.220168269589
51000.0,51.0,9879.563043998915
141000.0,141.0,43587.088561688855
196000.0,196.0,43771.2684402122
118000.0,118.0,47121.109461603715
250000.0,250.0,44976.512526473736
166000.0,166.0,47845.112185405786
234000.0,234.0,9914.72770145772
234000.0,234.0,9871.042051516884
234000.0,234.0,8965.491617343097
234000.0,234.0,9251.004110715097
234000.0,234.0,9619.084191726295
53000.0,53.0,62617.29028402356
53000.0,53.0,59550.63802420788
53000.0,53.0,59505.25262003907
53000.0,53.0,61254.7130203265
53000.0,53.0,58899.30515665168
89000.0,89.0,40569.989587962606
89000.0,89.0,40699.370457138306
89000.0,89.0,43828.48847986809
89000.0,89.0,41777.06879291529
88000.0,88.0,44511.90664634353
185000.0,185.0,22510.38245084393
185000.0,185.0,21650.31819108335
185000.0,185.0,21653.607599407205
185000.0,185.0,22111.264129177747
185000.0,185.0,21388.770117256987
14000.0,14.0,20267.69264577244
15000.0,15.0,20396.368780150777
14000.0,14.0,20348.30296947553
14000.0,14.0,20423.849272799354
14000.0,14.0,20350.985379064008
35000.0,35.0,14987.935606301175
35000.0,35.0,15002.141847659885
35000.0,35.0,15029.520537829421
35000.0,35.0,15267.455066091674
35000.0,35.0,15066.887062987453
27000.0,27.0,33772.35676419787
27000.0,27.0,33880.29539601984
27000.0,27.0,36486.869121045704
27000.0,27.0,34772.75884729231
27000.0,27.0,37051.66842511315
46000.0,46.0,12609.401007779963
46000.0,46.0,12025.683613415524
47000.0,47.0,12211.875001026878
46000.0,46.0,12024.080973783986
47000.0,47.0,12060.90237907757
8.51e6,8510.0,228.29518944495123
7.57e6,7570.0,230.3319535697605
8.53e6,8530.0,232.14368552158606
9.15e6,9150.0,236.83598580531546
8.12e6,8120.0,229.58241286622308
19000.0,19.0,46662.25826618214
18000.0,18.0,46815.50407574584
19000.0,19.0,50432.712415046015
19000.0,19.0,48064.34732173539
19000.0,19.0,51207.83909857697
17000.0,17.0,42137.206862722676
16000.0,16.0,42396.55453685732
17000.0,17.0,42377.49313760737
16000.0,16.0,42448.41422071487
17000.0,17.0,42391.76439766134
43000.0,43.0,19277.12210688218
43000.0,43.0,19620.443287463004
43000.0,43.0,19299.577618069317
43000.0,43.0,19548.484417260817
42000.0,42.0,19306.835818512973
1.46e6,1460.0,2315.812778136147
1.4e6,1400.0,2331.468489143873
1.48e6,1480.0,2341.403269007155
1.48e6,1480.0,2367.662743391834
1.38e6,1380.0,2348.3934251057913
22000.0,22.0,87965.38971395766
22000.0,22.0,80589.28982175984
22000.0,22.0,80917.87337128053
22000.0,22.0,84349.42515187935
22000.0,22.0,79946.83602841508
32000.0,32.0,16046.444319034379
32000.0,32.0,15908.049784733144
32000.0,32.0,16151.124718240835
32000.0,32.0,16479.174684117817
32000.0,32.0,16170.641868286355
380000.0,380.0,38057.94566636608
377000.0,377.0,39906.18799778554
376000.0,376.0,40947.63586095608
377000.0,377.0,39383.6841545061
376000.0,376.0,39210.28525268604
65000.0,65.0,127022.54867745367
65000.0,65.0,121469.64503271737
65000.0,65.0,120309.2121217048
65000.0,65.0,122689.6581444494
65000.0,65.0,118679.31222072414
23000.0,23.0,60531.14002212199
24000.0,24.0,59218.309074833836
26000.0,26.0,59654.2097801803
23000.0,23.0,59636.36100559818
26000.0,26.0,58960.3529220719
14000.0,14.0,26480.769779294853
9900.0,9.9,26606.663200429997
14000.0,14.0,26202.760036903896
10000.0,10.0,26606.772668246853
11000.0,11.0,26260.863279711284
433000.0,433.0,2516.3384813719363
527000.0,527.0,2456.7557052240218
386000.0,386.0,2529.6728448074864
391000.0,391.0,2498.9098375200565
482000.0,482.0,2506.5641956229947
27000.0,27.0,40733.08548616473
27000.0,27.0,38595.70681811599
27000.0,27.0,39328.28456433202
28000.0,28.0,38805.94797442104
26000.0,26.0,38969.18790922948
13000.0,13.0,49535.14724783948
13000.0,13.0,49235.413275477804
12000.0,12.0,50123.72677093781
12000.0,12.0,49133.873124033315
12000.0,12.0,49988.70712514359
418000.0,418.0,39296.55091208451
372000.0,372.0,48609.50527661192
399000.0,399.0,49293.739969870025
433000.0,433.0,40142.755484421294
433000.0,433.0,49380.030386896615
2.97e6,2970.0,226.4118817736761
3.62e6,3620.0,228.87440142415915
3.24e6,3240.0,231.20401158822625
3.2e6,3200.0,236.01177846856507
2.96e6,2960.0,227.82049046273693
164000.0,164.0,22184.445360344962
167000.0,167.0,22898.84769643831
149000.0,149.0,20723.312782707417
156000.0,156.0,21402.435004744802
148000.0,148.0,21846.36392106103
46000.0,46.0,117256.75889038066
46000.0,46.0,117004.06749808302
46000.0,46.0,112856.31885660063
46000.0,46.0,115886.8974188272
46000.0,46.0,113269.23116669469
114000.0,114.0,4086.820808372116
114000.0,114.0,4229.800594255722
114000.0,114.0,4148.053577060554
114000.0,114.0,4053.626172073829
114000.0,114.0,4220.204474757096
87000.0,87.0,66352.96702274012
88000.0,88.0,69582.65257645222
88000.0,88.0,75438.3315848046
88000.0,88.0,68655.40049431662
88000.0,88.0,76617.55328941182
302000.0,302.0,38057.94566636608
325000.0,325.0,20610.907851025142
328000.0,328.0,18666.13177630571
327000.0,327.0,19287.725612560793
329000.0,329.0,38939.87621032793
499000.0,499.0,17729.14626549005
512000.0,512.0,18235.990658342722
480000.0,480.0,18998.804178175254
512000.0,512.0,18256.710536199425
570000.0,570.0,17851.713455764533
65000.0,65.0,22061.343138891505
66000.0,66.0,21040.10476453548
65000.0,65.0,21752.64915094747
66000.0,66.0,21193.37260182658
65000.0,65.0,21469.1240388488
1.68e6,1680.0,4707.568892318174
1.68e6,1680.0,4689.328351384283
1.69e6,1690.0,4716.307214141858
1.68e6,1680.0,4775.0933673370555
1.68e6,1680.0,4800.629141895004
170000.0,170.0,10449.89682768827
170000.0,170.0,10419.369800639217
170000.0,170.0,11238.700512825539
170000.0,170.0,10606.471608181233
170000.0,170.0,11380.48878834029
9600.0,9.6,51904.11761596565
9500.0,9.5,51738.67299115721
9600.0,9.6,51985.53982200477
9500.0,9.5,51564.15180106173
9600.0,9.6,51901.28951083996
200000.0,200.0,31210.121409059313
200000.0,200.0,31329.047604210547
200000.0,200.0,33735.24973175251
200000.0,200.0,32172.482697756615
200000.0,200.0,34248.415607374
25000.0,25.0,57355.40344117065
16000.0,16.0,52705.06466306749
18000.0,18.0,53938.45148610934
16000.0,16.0,54135.49853297716
20000.0,20.0,52428.95117365909
151000.0,151.0,29442.530298258313
151000.0,151.0,29541.00383005103
151000.0,151.0,31812.625732052922
151000.0,151.0,30321.073195242116
152000.0,152.0,32296.804117765496
39000.0,39.0,38366.055360425366
40000.0,40.0,40143.789599042866
40000.0,40.0,39140.2140003238
42000.0,42.0,38413.72399699784
41000.0,41.0,39875.10232943995
3.03e6,3030.0,264.27146309121775
3.07e6,3070.0,265.2841694689624
2.95e6,2950.0,266.755905990431
2.97e6,2970.0,272.5583415816053
3.08e6,3080.0,266.58566151974406
57000.0,57.0,10598.338057845845
57000.0,57.0,10709.369267734284
57000.0,57.0,10558.74321016512
57000.0,57.0,10634.050956380319
57000.0,57.0,10451.893697135603
286000.0,286.0,5481.868295999511
286000.0,286.0,5937.443206228511
286000.0,286.0,6211.268790848801
287000.0,287.0,5923.686541656124
286000.0,286.0,5595.797541625741
129000.0,129.0,2913.1001411996895
128000.0,128.0,3114.396538846782
129000.0,129.0,2846.931705959706
129000.0,129.0,2916.9432450903482
129000.0,129.0,2866.0497036722754
101000.0,101.0,47821.54881618112
105000.0,105.0,46657.517443965015
87000.0,87.0,47109.08856997107
84000.0,84.0,46825.20422288019
103000.0,103.0,46483.01330717069
136000.0,136.0,61151.05907902559
137000.0,137.0,60521.72767540763
137000.0,137.0,61373.640599346734
137000.0,137.0,61368.678122015415
137000.0,137.0,61481.077305204206
15000.0,15.0,19755.738514089924
16000.0,16.0,19906.501499478716
16000.0,16.0,19894.76703104908
17000.0,17.0,20114.411721996108
21000.0,21.0,19954.05895056845
138000.0,138.0,6588.920349011804
138000.0,138.0,6458.861419058996
138000.0,138.0,6630.259720839764
138000.0,138.0,6594.1509030378875
138000.0,138.0,7063.950362561271
79000.0,79.0,14814.91585988226
79000.0,79.0,14493.602234941185
79000.0,79.0,14600.288351716965
79000.0,79.0,14595.919887922302
79000.0,79.0,14430.467810291158
878000.0,878.0,22446.10861016931
879000.0,879.0,22518.065399285184
903000.0,903.0,18680.155600991933
941000.0,941.0,23111.704343094585
812000.0,812.0,24572.38781966485
181000.0,181.0,1888.2225893088548
181000.0,181.0,1987.2297521884755
182000.0,182.0,2074.2145539619146
182000.0,182.0,1999.8954889560232
182000.0,182.0,1926.2588977740716
77000.0,77.0,11331.874868597151
77000.0,77.0,11454.884896733496
77000.0,77.0,11939.41035318451
76000.0,76.0,11792.326185521015
77000.0,77.0,12104.005631744554
150000.0,150.0,38868.55318922444
150000.0,150.0,39012.96464153523
150000.0,150.0,41994.44734627365
150000.0,150.0,40055.60224433948
151000.0,151.0,42642.63242385789
39000.0,39.0,5373.13962023636
40000.0,40.0,5192.959383012745
40000.0,40.0,5295.840979792712
40000.0,40.0,5509.283276123543
40000.0,40.0,5098.79968400025
385000.0,385.0,6156.191480203634
385000.0,385.0,6716.636583921915
385000.0,385.0,7021.356969281704
385000.0,385.0,6692.834905288709
385000.0,385.0,6291.921552170719
1.14e6,1140.0,18448.020438510506
1.14e6,1140.0,18607.34283098542
1.14e6,1140.0,19340.74416506997
1.14e6,1140.0,18575.85280202898
1.14e6,1140.0,18569.82445361233
254000.0,254.0,31904.2579084484
254000.0,254.0,32371.092901323453
254000.0,254.0,34822.65853574657
254000.0,254.0,33226.81688869154
254000.0,254.0,35342.250119551645
297000.0,297.0,8835.729505856207
294000.0,294.0,10332.808036791346
275000.0,275.0,7413.200741625525
260000.0,260.0,8791.954073985768
426000.0,426.0,7976.549878636243
811000.0,811.0,17373.54235374326
817000.0,817.0,17835.666331830595
809000.0,809.0,18539.19125079928
814000.0,814.0,17804.900544572287
807000.0,807.0,17483.51494030898
76000.0,76.0,40785.15844919975
76000.0,76.0,47971.20232543927
76000.0,76.0,34392.92560845247
77000.0,77.0,41155.22503855669
76000.0,76.0,37087.12272001454
23000.0,23.0,55797.07034021097
23000.0,23.0,51449.56807864335
23000.0,23.0,51809.12702012007
23000.0,23.0,53470.769747637394
23000.0,23.0,52029.818079145305
2.57e6,2570.0,2981.044591311134
2.55e6,2550.0,2928.696469450602
2.57e6,2570.0,3025.424202785361
2.53e6,2530.0,3018.2033731877004
2.54e6,2540.0,2946.2324228101293
45000.0,45.0,34316.091566092575
46000.0,46.0,34596.25528320844
45000.0,45.0,34586.11238324672
46000.0,46.0,34437.40033882513
45000.0,45.0,34618.63514639361
19000.0,19.0,31902.977412744196
18000.0,18.0,32017.73450750449
18000.0,18.0,32298.87170815702
18000.0,18.0,32270.415514637367
19000.0,19.0,31950.77253722424
990000.0,990.0,38057.94566636608
1.13e6,1130.0,39906.18799778554
977000.0,977.0,40947.63586095608
1.17e6,1170.0,39383.6841545061
990000.0,990.0,39210.28525268604
330000.0,330.0,10098.396705939771
330000.0,330.0,10197.781630968968
330000.0,330.0,10996.286638631833
330000.0,330.0,10575.255877098147
330000.0,330.0,11188.840164844636
38000.0,38.0,15013.864199944215
37000.0,37.0,15147.463469561926
38000.0,38.0,15686.63015653828
37000.0,37.0,15699.475911209636
38000.0,38.0,16043.571351833625
24000.0,24.0,28541.871645117066
26000.0,26.0,28092.739940982672
24000.0,24.0,28455.994387988554
26000.0,26.0,28639.89696372102
23000.0,23.0,28460.112821342344
2.15e6,2150.0,2705.023092338438
2.43e6,2430.0,2714.2925049477044
2.09e6,2090.0,2739.365793714647
2.29e6,2290.0,2796.3547007400794
2.36e6,2360.0,2726.6035658371625
39000.0,39.0,107739.56669414416
39000.0,39.0,108000.52949182616
39000.0,39.0,108578.91906778958
39000.0,39.0,106760.11672246874
39000.0,39.0,107075.05210266929
139000.0,139.0,41545.763596619494
139000.0,139.0,40604.98902783319
138000.0,138.0,40000.21295892347
138000.0,138.0,40943.97167139276
138000.0,138.0,39714.57440672329
475000.0,475.0,15284.672220041295
475000.0,475.0,15338.163055306915
475000.0,475.0,16496.042152667116
475000.0,475.0,15747.04223116607
475000.0,475.0,16737.002929664108
717000.0,717.0,14132.793324180502
717000.0,717.0,15006.513913994035
717000.0,717.0,15507.935781847425
717000.0,717.0,14919.631289621559
717000.0,717.0,14246.016313905735
215000.0,215.0,5397.620772872253
215000.0,215.0,5857.520486410684
215000.0,215.0,6141.721668166462
215000.0,215.0,5860.698401431719
215000.0,215.0,5512.993456901266
144000.0,144.0,4888.701787286669
123000.0,123.0,5013.778442491081
138000.0,138.0,5026.047593992854
127000.0,127.0,5031.231080387035
131000.0,131.0,4961.330190718005
3.19e6,3190.0,791.3490670454387
3.18e6,3180.0,841.9725485249157
3.18e6,3180.0,874.6994302462116
3.18e6,3180.0,846.453340221204
3.18e6,3180.0,805.3021622611905
13000.0,13.0,12296.46608783074
13000.0,13.0,12364.182077968999
13000.0,13.0,12177.851677184324
13000.0,13.0,12380.755964686392
12000.0,12.0,12205.6406461161
634000.0,634.0,5454.2259417947125
717000.0,717.0,5907.503612769616
691000.0,691.0,6179.948430214971
751000.0,751.0,5893.816316261952
567000.0,567.0,5567.580698507339
100000.0,100.0,99431.42120359708
100000.0,100.0,92983.03589656035
100000.0,100.0,93219.65155549737
100000.0,100.0,95179.11548005659
100000.0,100.0,92030.70158706722
56000.0,56.0,12019.709428420018
67000.0,67.0,11976.24749720636
56000.0,56.0,12920.923742926518
61000.0,61.0,11811.933308907828
56000.0,56.0,13087.982862306299
56000.0,56.0,5316.246558133814
56000.0,56.0,5260.3356786659715
56000.0,56.0,5349.870010532874
56000.0,56.0,5357.049042453401
56000.0,56.0,5296.522341744912
116000.0,116.0,7723.705539233106
104000.0,104.0,15256.90024812848
115000.0,115.0,15730.13322617017
132000.0,132.0,15125.711579614006
137000.0,137.0,7501.5669243346765
116000.0,116.0,41846.698227961606
122000.0,122.0,42017.43024339712
143000.0,143.0,45242.56633699038
136000.0,136.0,43185.52962268611
130000.0,130.0,45946.66533884595
37000.0,37.0,59120.518824669765
38000.0,38.0,56781.00085622945
37000.0,37.0,57560.74352806854
37000.0,37.0,57289.86627613428
38000.0,38.0,56994.76380066853
316000.0,316.0,2831.627651357985
315000.0,315.0,3027.294267014226
315000.0,315.0,2767.309790044964
316000.0,316.0,2835.363272763486
316000.0,316.0,2785.8931027831295
358000.0,358.0,33834.8781947127
358000.0,358.0,33950.59730887939
358000.0,358.0,36573.24794878262
358000.0,358.0,34866.7973078301
359000.0,359.0,37124.88564033975
191000.0,191.0,46214.469771185715
192000.0,192.0,54400.75079092348
191000.0,191.0,38976.57509089589
191000.0,191.0,46696.171810652144
192000.0,192.0,42041.496947704116
26000.0,26.0,9773.377896997117
28000.0,28.0,9815.419620099628
24000.0,24.0,9676.344972264738
24000.0,24.0,9822.698195813991
20000.0,20.0,9697.637413699904
27000.0,27.0,78950.60072983516
27000.0,27.0,75979.87366005412
27000.0,27.0,76082.28720593292
27000.0,27.0,77639.78827102017
27000.0,27.0,75196.40942761628
160000.0,160.0,15637.709380765187
160000.0,160.0,15589.33949413462
160000.0,160.0,16811.816080519093
160000.0,160.0,15869.636112877133
160000.0,160.0,17026.53270456069
55000.0,55.0,7358.905369160908
55000.0,55.0,7177.904668539603
55000.0,55.0,7316.0717194212075
55000.0,55.0,7371.067165912579
55000.0,55.0,7282.455765511751
411000.0,411.0,34958.92550516089
439000.0,439.0,41146.76410932979
374000.0,374.0,38231.59637107552
268000.0,268.0,35303.62012851386
355000.0,355.0,31799.035214244206
1.38e6,1380.0,2247.347154265045
1.38e6,1380.0,2270.797079682728
1.38e6,1380.0,2420.440277445247
1.38e6,1380.0,2279.540464230981
1.38e6,1380.0,2247.2173896785066
20000.0,20.0,49984.787608210434
19000.0,19.0,50144.19300446501
19000.0,19.0,53999.46389202717
19000.0,19.0,51471.98536937894
20000.0,20.0,54841.47820472007
14000.0,14.0,10130.413219077269
14000.0,14.0,10208.853803299682
14000.0,14.0,10204.335245368442
14000.0,14.0,10306.370548212733
14000.0,14.0,10228.519723942743
31000.0,31.0,29799.297550736104
31000.0,31.0,29684.112006280826
31000.0,31.0,29927.952000348545
31000.0,31.0,29340.072583869296
30000.0,30.0,29847.51032809367
58000.0,58.0,63857.082105720314
58000.0,58.0,62411.08343627114
58000.0,58.0,61481.52451751094
58000.0,58.0,62932.10990511568
58000.0,58.0,61042.48951366538
30000.0,30.0,34858.61940647401
30000.0,30.0,34839.64197970372
30000.0,30.0,34906.284637008575
30000.0,30.0,34803.33499285931
30000.0,30.0,34910.415247479585
15000.0,15.0,34236.27434639204
17000.0,17.0,34500.81267485784
16000.0,16.0,34492.68980187167
19000.0,19.0,34867.81967321466
14000.0,14.0,34587.87452673396
94000.0,94.0,3601.051653296689
93000.0,93.0,3774.888551501522
94000.0,94.0,3925.9161947183475
89000.0,89.0,3786.4501251920096
83000.0,83.0,3625.3703945219368
22000.0,22.0,55339.92518202351
22000.0,22.0,53992.887901914095
22000.0,22.0,54515.4538360204
22000.0,22.0,54186.93794899329
22000.0,22.0,53790.94869013175
55000.0,55.0,65845.13187490033
55000.0,55.0,66472.66918064543
55000.0,55.0,64843.63446144197
55000.0,55.0,65870.21922033047
55000.0,55.0,64962.990354037895
56000.0,56.0,35124.710006792
56000.0,56.0,35265.53939249302
57000.0,57.0,37959.64407100683
56000.0,56.0,36218.427236658536
57000.0,57.0,51129.87971901871
38000.0,38.0,33396.55425168619
37000.0,37.0,33483.39405173943
38000.0,38.0,36086.33577258931
38000.0,38.0,34368.87595968694
38000.0,38.0,36636.38171912032
292000.0,292.0,14875.562676840967
292000.0,292.0,14678.419007209433
292000.0,292.0,14934.780476952272
292000.0,292.0,14831.794552480027
291000.0,291.0,14764.62493471833
19000.0,19.0,41438.817469867325
19000.0,19.0,41401.0586439402
19000.0,19.0,41647.093902822504
19000.0,19.0,41511.46330643592
21000.0,21.0,41488.71134804584
8.89e6,8890.0,288.0190554973419
8.75e6,8750.0,284.06381415663407
8.79e6,8790.0,285.63143256375514
9.02e6,9020.0,291.862464875238
8.75e6,8750.0,290.6199308733776
252000.0,252.0,57709.10497480688
251000.0,251.0,57945.97541215627
252000.0,252.0,62394.84342994329
251000.0,251.0,59523.08143748557
252000.0,252.0,63343.874961354755
106000.0,106.0,12595.198367591534
106000.0,106.0,12556.23944449764
106000.0,106.0,13540.867994008082
106000.0,106.0,12782.00086702219
106000.0,106.0,13713.808826119333
531000.0,531.0,3179.5978045481525
529000.0,529.0,3424.2033049808147
517000.0,517.0,3127.8868247730247
523000.0,523.0,3203.164731149069
526000.0,526.0,3132.1191561551036
300000.0,300.0,41103.44802964498
300000.0,300.0,41260.072754608205
300000.0,300.0,44429.019225592885
300000.0,300.0,42370.8691555439
300000.0,300.0,45104.85404926238
47000.0,47.0,42905.63348868769
36000.0,36.0,43042.462908899026
37000.0,37.0,46351.7265392236
25000.0,25.0,44182.205124162865
26000.0,26.0,47074.48958816967
52000.0,52.0,14090.431062189564
49000.0,49.0,13130.27494002206
48000.0,48.0,13071.572535479709
48000.0,48.0,13296.93356201503
52000.0,52.0,12922.783942787382
146000.0,146.0,3097.665127420424
146000.0,146.0,3382.989080801307
146000.0,146.0,6147.900652281608
146000.0,146.0,3277.1432964130677
146000.0,146.0,3192.9051514495927
116000.0,116.0,15013.864199944215
130000.0,130.0,15147.463469561926
134000.0,134.0,15686.63015653828
134000.0,134.0,15699.475911209636
113000.0,113.0,16043.571351833625
105000.0,105.0,12020.380928091045
105000.0,105.0,11741.110199044731
105000.0,105.0,11552.422300137847
105000.0,105.0,11832.683508799346
105000.0,105.0,11463.115602265125
530000.0,530.0,14773.211502822998
531000.0,531.0,15382.246724556795
530000.0,530.0,15859.367653975405
531000.0,531.0,15249.980246193785
530000.0,530.0,14886.969129508898
44000.0,44.0,38870.98797871043
35000.0,35.0,39649.36864530534
39000.0,39.0,36457.409585728354
36000.0,36.0,37415.74437575122
40000.0,40.0,38110.76448509232
1.54e6,1540.0,2477.4747169328157
1.48e6,1480.0,2423.498312549723
1.54e6,1540.0,2501.154772733004
1.4e6,1400.0,2472.146996339319
1.64e6,1640.0,2469.2821465370416
58000.0,58.0,7199.028562566662
58000.0,58.0,7177.318032814619
58000.0,58.0,7738.9673806023775
58000.0,58.0,7304.804555067525
58000.0,58.0,7838.327659479056
1.89e6,1890.0,2865.7216576088736
1.89e6,1890.0,2825.226706678917
1.89e6,1890.0,2851.241864751162
1.89e6,1890.0,2910.7379097383896
1.89e6,1890.0,2889.3668297049967
145000.0,145.0,30325.830636735926
145000.0,145.0,30420.636927059564
145000.0,145.0,32771.455394265475
145000.0,145.0,31232.604054565512
144000.0,144.0,33265.798379004504
115000.0,115.0,53639.623967720414
115000.0,115.0,53477.93754515588
115000.0,115.0,58706.63068231627
115000.0,115.0,54831.62497794467
115000.0,115.0,59419.94858885094
450000.0,450.0,587.332785585688
460000.0,460.0,627.330188290704
431000.0,431.0,657.4382445578741
460000.0,460.0,628.2141970189381
453000.0,453.0,597.7856804069798
40000.0,40.0,14045.776778409503
40000.0,40.0,13642.319956892656
40000.0,40.0,13953.023756499644
40000.0,40.0,13895.486202425702
40000.0,40.0,13773.343636906271
392000.0,392.0,9747.14826065034
392000.0,392.0,10346.461576725527
392000.0,392.0,9382.296789591006
392000.0,392.0,9698.193111140863
392000.0,392.0,9588.695262919879
111000.0,111.0,27432.663793726664
119000.0,119.0,27656.629773186694
121000.0,121.0,27648.52142658179
96000.0,96.0,27529.63937065656
124000.0,124.0,27674.520483768512
50000.0,50.0,33773.106640678154
51000.0,51.0,33861.16138771497
50000.0,50.0,36495.20188564603
50000.0,50.0,34751.967003330865
51000.0,51.0,37047.33955704817
2.43e6,2430.0,2127.149602132689
2.43e6,2430.0,2191.861697015743
2.43e6,2430.0,2341.732460820182
2.43e6,2430.0,2206.5353690419797
2.43e6,2430.0,2127.6834454371683
55000.0,55.0,56322.94177677617
55000.0,55.0,53715.704804079614
55000.0,55.0,55534.84136963627
55000.0,55.0,54106.9999043666
55000.0,55.0,54810.9974821426
35000.0,35.0,23045.088491767427
35000.0,35.0,23570.427637764024
35000.0,35.0,22875.328316792533
35000.0,35.0,23426.129615218084
35000.0,35.0,22978.761662675526
112000.0,112.0,35061.87735793942
112000.0,112.0,35181.79294816359
111000.0,111.0,37899.55225439859
112000.0,112.0,36131.218325541595
112000.0,112.0,38471.19471683297
35000.0,35.0,24034.724143825704
35000.0,35.0,23398.812965519523
35000.0,35.0,23890.103753872005
35000.0,35.0,23622.189872885403
35000.0,35.0,23514.78583256449
65000.0,65.0,32158.764697504812
65000.0,65.0,32907.27502660223
65000.0,65.0,31935.483719753523
65000.0,65.0,32723.020049707062
65000.0,65.0,31971.59985695593
113000.0,113.0,57164.83013343689
123000.0,123.0,55870.37279861243
112000.0,112.0,55038.23208786126
114000.0,114.0,56336.79545064049
125000.0,125.0,54645.20815707923
60000.0,60.0,12605.75341904932
60000.0,60.0,12022.222350784108
60000.0,60.0,12429.367046312764
60000.0,60.0,12109.798911821164
60000.0,60.0,12267.362057372471
2.18e6,2180.0,2314.7145687206707
2.18e6,2180.0,2267.7948515463463
2.19e6,2190.0,2281.2610924046135
2.18e6,2180.0,2306.046398809213
2.18e6,2180.0,2352.2168810833964
45000.0,45.0,70293.57539343672
45000.0,45.0,70169.42586091468
45000.0,45.0,70459.2087621925
45000.0,45.0,71164.63503666552
45000.0,45.0,70515.8529104642
285000.0,285.0,43502.09515934471
285000.0,285.0,50992.751474366596
285000.0,285.0,36754.48051876462
286000.0,286.0,43592.21408973348
285000.0,285.0,39561.415802045914
231000.0,231.0,11821.639247202
219000.0,219.0,11776.440234914153
208000.0,208.0,12704.356374442217
239000.0,239.0,11977.697654856936
293000.0,293.0,12868.049619687445
19000.0,19.0,37809.798427870475
19000.0,19.0,37714.987863507835
19000.0,19.0,37878.30662659733
17000.0,17.0,37596.209029109676
19000.0,19.0,37821.65067742393
43000.0,43.0,31812.72784149285
54000.0,54.0,31895.671401658557
56000.0,56.0,34376.817550743435
37000.0,37.0,32734.76970880478
37000.0,37.0,34896.90608326226
186000.0,186.0,9338.969892158344
186000.0,186.0,9377.072328414937
186000.0,186.0,10096.829206534778
186000.0,186.0,9637.75824620951
186000.0,186.0,10253.963691640562
50000.0,50.0,67027.35778875483
50000.0,50.0,62548.86837626424
50000.0,50.0,63920.73579228229
50000.0,50.0,62444.03086603634
50000.0,50.0,62968.140562932655
60000.0,60.0,17805.11995293464
60000.0,60.0,16728.9732966915
60000.0,60.0,16634.747999543146
60000.0,60.0,16908.38568533813
60000.0,60.0,16499.493400707313
38000.0,38.0,55738.151079348056
35000.0,35.0,55536.68883760393
28000.0,28.0,61002.05487407757
34000.0,34.0,56941.02173662603
25000.0,25.0,61748.77366285562
111000.0,111.0,49899.471787337774
109000.0,109.0,50066.365636871524
114000.0,114.0,53916.33137901927
133000.0,133.0,51388.43438864662
110000.0,110.0,54736.92137088326
32000.0,32.0,12686.146830509118
32000.0,32.0,12504.338155126889
33000.0,33.0,12643.770917730215
32000.0,32.0,12494.009719671954
32000.0,32.0,12604.616919982822
63000.0,63.0,7705.575119611477
64000.0,64.0,7516.047679676647
64000.0,64.0,7660.723624836241
63000.0,63.0,7718.3098449215995
64000.0,64.0,7625.524061168492
92000.0,92.0,14045.428032891934
92000.0,92.0,13272.091179456896
92000.0,92.0,13300.760697602915
92000.0,92.0,13536.185179805449
92000.0,92.0,13139.481581100268
10000.0,10.0,12296.46608783074
11000.0,11.0,12364.182077968999
11000.0,11.0,12177.851677184324
11000.0,11.0,12380.755964686392
11000.0,11.0,12205.6406461161
26000.0,26.0,17423.163140607165
26000.0,26.0,17413.67777348024
26000.0,26.0,17446.987351143285
26000.0,26.0,17395.530682008903
25000.0,25.0,17449.05192803508
67000.0,67.0,22844.344551609032
66000.0,66.0,21755.888966808692
66000.0,66.0,21911.534826507872
66000.0,66.0,22229.782588220136
66000.0,66.0,21703.216976980813
10000.0,10.0,10218.381585811294
31000.0,31.0,10274.653674210622
15000.0,15.0,10119.81283435833
10000.0,10.0,10288.426598693854
10000.0,10.0,10142.905508822105
170000.0,170.0,14918.967255001788
170000.0,170.0,15022.61768009248
170000.0,170.0,15521.721918588539
170000.0,170.0,15525.582385195485
170000.0,170.0,15932.928780954699
29000.0,29.0,75081.45248290479
33000.0,33.0,72007.81881424872
33000.0,33.0,71110.66111480305
28000.0,28.0,73698.83572169041
30000.0,30.0,70663.05704882606
1.11e6,1110.0,279.7494120645608
1.09e6,1090.0,281.36548686852035
1.09e6,1090.0,283.575687100286
1.09e6,1090.0,236.14938441381418
1.17e6,1170.0,282.3627564392446
46000.0,46.0,63188.52416480764
46000.0,46.0,58662.928946347216
46000.0,46.0,60534.28710661051
45000.0,45.0,60207.15150584179
46000.0,46.0,59163.615280950755
2.0e6,2000.0,469.0180792871442
1.59e6,1590.0,467.38948542996263
1.91e6,1910.0,468.35990485238256
1.96e6,1960.0,474.63820719904885
1.52e6,1520.0,478.65935695903556
102000.0,102.0,20762.291797935
102000.0,102.0,20743.373310156796
102000.0,102.0,20866.645549795612
102000.0,102.0,20798.689893943374
102000.0,102.0,20787.290369827788
146000.0,146.0,1391.3597221665962
146000.0,146.0,1445.2531952612512
146000.0,146.0,1324.9545479393769
145000.0,145.0,1355.6262932645557
146000.0,146.0,1350.2925151685806
85000.0,85.0,12011.118188389557
87000.0,87.0,11907.526821039262
86000.0,86.0,12089.473780561782
80000.0,80.0,9687.34393949375
88000.0,88.0,12104.082798686703
484000.0,484.0,2909.693248369831
484000.0,484.0,2958.6176677901417
479000.0,479.0,2998.54067076797
480000.0,480.0,2995.3188272924513
480000.0,480.0,2918.606747064236
42000.0,42.0,15224.434869141134
42000.0,42.0,15472.052165560224
42000.0,42.0,15168.732107670709
42000.0,42.0,15470.376224369455
42000.0,42.0,15240.43806032538
101000.0,101.0,45615.87902497674
101000.0,101.0,44943.101383778616
101000.0,101.0,43862.77843690038
101000.0,101.0,36191.20753294722
101000.0,101.0,44650.16259011382
40000.0,40.0,9348.897603760282
40000.0,40.0,8878.02239907213
40000.0,40.0,8976.143352732131
40000.0,40.0,8923.465968172337
40000.0,40.0,8860.386109532896
90000.0,90.0,61294.408028234655
90000.0,90.0,59906.4393091697
91000.0,91.0,59014.18489080395
90000.0,90.0,60406.556256605494
90000.0,90.0,58592.76897612384
54000.0,54.0,57101.99642557947
37000.0,37.0,54381.27984856157
47000.0,47.0,54770.33409803329
44000.0,44.0,55565.830003406554
65000.0,65.0,54249.62031383143
50000.0,50.0,7653.54699337139
50000.0,50.0,7894.579822024137
50000.0,50.0,8066.451476995969
50000.0,50.0,8107.028555261868
50000.0,50.0,7633.387272531129
174000.0,174.0,11357.331804485317
174000.0,174.0,11480.618173336346
173000.0,173.0,11966.232111051411
174000.0,174.0,11818.817520375856
174000.0,174.0,12131.197151147157
22000.0,22.0,54500.29490356248
22000.0,22.0,54896.34279543978
22000.0,22.0,48758.92907952616
22000.0,22.0,46869.55670801506
22000.0,22.0,54837.06696995346
111000.0,111.0,38336.81780072367
111000.0,111.0,38493.22971482131
111000.0,111.0,41447.8583961352
112000.0,112.0,39563.355076516345
112000.0,112.0,42092.90128579791
26000.0,26.0,10607.32095094463
26000.0,26.0,10665.734907912183
26000.0,26.0,10505.000405013243
26000.0,26.0,10680.032067320442
26000.0,26.0,10528.972049406815
85000.0,85.0,12233.754881036733
85000.0,85.0,12432.730365823767
85000.0,85.0,12188.994340768179
85000.0,85.0,12431.38364564012
85000.0,85.0,12246.614413751417
7000.0,7.0,27146.24303867859
7000.0,7.0,27295.068196851164
7000.0,7.0,26878.201991510876
7000.0,7.0,27312.955582904757
7000.0,7.0,26941.74962575005
91000.0,91.0,42556.7127970106
92000.0,92.0,39751.16024411593
92000.0,92.0,39775.22851616405
91000.0,91.0,41434.63262642627
92000.0,92.0,39892.65434289499
326000.0,326.0,19676.539013615828
326000.0,326.0,21568.835412930654
326000.0,326.0,23398.08896880444
326000.0,326.0,20954.126848542677
326000.0,326.0,20269.799366677402
24000.0,24.0,59848.8297329165
24000.0,24.0,59697.2943566976
19000.0,19.0,59943.48282895954
15000.0,15.0,59468.56716530896
15000.0,15.0,59858.74120398485
1.05e6,1050.0,19209.38666510504
1.06e6,1060.0,19864.75989316616
1.05e6,1050.0,20633.510023662868
1.05e6,1050.0,19806.110330123265
1.05e6,1050.0,19354.932183014775
31000.0,31.0,9822.622437064823
31000.0,31.0,9944.839125633825
31000.0,31.0,9951.993094538871
31000.0,31.0,9897.999573766565
31000.0,31.0,9934.883870269212
164000.0,164.0,19682.74679730247
164000.0,164.0,20354.26981521801
164000.0,164.0,21141.963583517565
163000.0,163.0,20294.175002235617
163000.0,163.0,19831.878866245806
50000.0,50.0,77068.31267342977
50000.0,50.0,73637.86626556602
50000.0,50.0,74135.54195335059
50000.0,50.0,76873.45864341072
50000.0,50.0,70788.82354601969
265000.0,265.0,15000.59505333749
265000.0,265.0,15134.076248869034
265000.0,265.0,15672.76642415462
265000.0,265.0,15685.60082583918
265000.0,265.0,16029.392157355249
212000.0,212.0,25037.138610028614
212000.0,212.0,29257.784548629268
212000.0,212.0,21003.578457521053
212000.0,212.0,24880.39128812654
211000.0,211.0,22587.524460463745
192000.0,192.0,20902.29042337027
192000.0,192.0,21043.77732610821
192000.0,192.0,19057.603134570043
192000.0,192.0,19693.449046327925
192000.0,192.0,20563.845774237412
16000.0,16.0,13172.934615274356
16000.0,16.0,13169.022615308706
16000.0,16.0,13199.231227621336
16000.0,16.0,13153.812810355983
16000.0,16.0,13197.092368616217
450000.0,450.0,2306.6129839171435
450000.0,450.0,2330.681318147422
450000.0,450.0,2484.2708257848344
450000.0,450.0,2339.6552785273784
450000.0,450.0,2306.4797972487686
34000.0,34.0,45260.16347060985
34000.0,34.0,45572.22342066345
34000.0,34.0,45514.0269711929
34000.0,34.0,45632.357137404324
35000.0,35.0,45533.419978692844
15000.0,15.0,60215.4141363727
15000.0,15.0,58575.09287409616
15000.0,15.0,59839.9516645791
15000.0,15.0,59944.39601525724
15000.0,15.0,59465.04198041669
80000.0,80.0,45584.46629318625
80000.0,80.0,45740.370328922756
80000.0,80.0,49273.76947419157
80000.0,80.0,46974.732330453844
80000.0,80.0,50016.97031009015
32000.0,32.0,56756.02111786578
31000.0,31.0,53777.874302499826
31000.0,31.0,54798.62187264985
31000.0,31.0,54070.816792975944
31000.0,31.0,54298.26946631722
274000.0,274.0,35254.46752583301
269000.0,269.0,41496.82924058374
270000.0,270.0,29727.91056642811
264000.0,264.0,35599.40636572295
270000.0,270.0,32055.949895961774
25000.0,25.0,28010.947441735992
25000.0,25.0,27923.41106339554
25000.0,25.0,28046.399611822984
25000.0,25.0,27823.47969150193
24000.0,24.0,28014.971823751588
70000.0,70.0,26182.597959216208
70000.0,70.0,26604.582102547385
70000.0,70.0,26331.701592204405
70000.0,70.0,26411.636380806634
70000.0,70.0,26276.2510119187
1.47e6,1470.0,2177.789644527279
1.47e6,1470.0,2145.5228243187235
1.47e6,1470.0,2218.879183453302
1.43e6,1430.0,2206.053814489004
1.47e6,1470.0,2128.7715995708622
190000.0,190.0,46983.048862725525
190000.0,190.0,47156.64956820578
190000.0,190.0,50814.427273988375
190000.0,190.0,48460.08900446147
190000.0,190.0,51584.58581956341
106000.0,106.0,16590.881946045018
106000.0,106.0,16828.491470494646
106000.0,106.0,17375.120223376874
106000.0,106.0,17370.532539654694
106000.0,106.0,17740.428722883258
136000.0,136.0,10125.906077235732
136000.0,136.0,10117.578219887773
135000.0,135.0,10095.166199174875
136000.0,136.0,10268.689763841527
136000.0,136.0,10107.137222672049
32000.0,32.0,85854.0346595664
32000.0,32.0,81879.77823122246
32000.0,32.0,84652.71957311421
32000.0,32.0,82476.23612284509
32000.0,32.0,83549.35181133621
65000.0,65.0,86459.11522128456
65000.0,65.0,82224.82082955382
65000.0,65.0,82162.15472134958
65000.0,65.0,84577.73031776138
65000.0,65.0,81325.48993886818
265000.0,265.0,48869.949608562456
265000.0,265.0,49070.53920949419
265000.0,265.0,52837.98554121794
265000.0,265.0,50406.08395618276
265000.0,265.0,53641.65635082869
2.41e6,2410.0,681.8279767186275
2.45e6,2450.0,692.7008401553874
2.44e6,2440.0,702.8678325776784
2.66e6,2660.0,704.9106189828781
2.42e6,2420.0,691.8951695118448
600000.0,600.0,15885.00662075286
600000.0,600.0,18558.4551901845
600000.0,600.0,13335.21683014526
600000.0,600.0,15787.994161166866
600000.0,600.0,14337.903046873067
127000.0,127.0,42731.21496013519
123000.0,123.0,41804.43807480995
137000.0,137.0,42112.15682477281
118000.0,118.0,42099.556701544265
102000.0,102.0,41622.337096537754
109000.0,109.0,31991.17592693139
112000.0,112.0,32218.829772170797
103000.0,103.0,31784.2320786213
106000.0,106.0,32450.24998909942
100000.0,100.0,31783.150345139475
140000.0,140.0,12098.251324645567
140000.0,140.0,11973.743105129333
140000.0,140.0,12142.28731050785
140000.0,140.0,12141.305523784093
140000.0,140.0,12163.542809407318
12000.0,12.0,16061.231217376904
12000.0,12.0,16066.450350805811
12000.0,12.0,16095.31545884267
12000.0,12.0,16076.13394662637
12000.0,12.0,16100.707646538232
51000.0,51.0,47477.17232296353
51000.0,51.0,47433.91138081531
54000.0,54.0,47715.798246722465
52000.0,52.0,47560.40391864844
55000.0,55.0,47534.336605073295
68000.0,68.0,46495.84723070676
68000.0,68.0,46654.167981812396
68000.0,68.0,50247.44979295469
69000.0,69.0,47913.54573191664
68000.0,68.0,51027.49985765855
145000.0,145.0,12847.647151296482
145000.0,145.0,12331.80614199182
145000.0,145.0,12486.221264660984
145000.0,145.0,12435.549132923556
145000.0,145.0,12356.105171391799
58000.0,58.0,73521.83071016324
58000.0,58.0,68716.29979657104
58000.0,58.0,68840.12560043957
58000.0,58.0,71665.46703523395
58000.0,58.0,69084.38535362689
77000.0,77.0,16607.80512773798
77000.0,77.0,16118.181199796341
77000.0,77.0,16193.4671716523
77000.0,77.0,16225.721402347515
77000.0,77.0,16025.849561622992
181000.0,181.0,51849.2852606155
181000.0,181.0,52608.557106689346
181000.0,181.0,52062.80457162852
180000.0,180.0,52052.04329141966
180000.0,180.0,52101.09711956744
53000.0,53.0,9612.020115971693
54000.0,54.0,11237.23396797967
65000.0,65.0,8065.158274015051
72000.0,72.0,9558.114033648528
56000.0,56.0,8673.943912032048
518000.0,518.0,19209.38666510504
463000.0,463.0,19864.75989316616
513000.0,513.0,20633.510023662868
463000.0,463.0,19806.110330123265
529000.0,529.0,19354.932183014775
11000.0,11.0,112004.62451325762
11000.0,11.0,110420.93016461877
11000.0,11.0,111390.50005072841
11000.0,11.0,111292.36195927011
11000.0,11.0,110189.99555423067
19000.0,19.0,36022.07602996711
19000.0,19.0,35359.102177583685
18000.0,18.0,35898.712813556944
19000.0,19.0,35923.7364642984
19000.0,19.0,35843.657782180584
357000.0,357.0,44460.14917667028
361000.0,361.0,44641.543915011294
360000.0,360.0,48068.09936402419
353000.0,353.0,45882.594579832024
354000.0,354.0,48816.171445771506
96000.0,96.0,8924.805863562071
96000.0,96.0,8899.806403954839
96000.0,96.0,9597.456658527813
96000.0,96.0,9062.427769897176
96000.0,96.0,9720.019104224939
100000.0,100.0,19686.803997179028
100000.0,100.0,19919.282620340637
100000.0,100.0,19715.244868804533
100000.0,100.0,19918.991791999466
100000.0,100.0,19827.005558890345
133000.0,133.0,11945.59493824602
133000.0,133.0,11863.979024132752
132000.0,132.0,12365.449119773788
132000.0,132.0,12213.870549237548
133000.0,133.0,12763.000509307749
82000.0,82.0,34278.95276242594
81000.0,81.0,37004.56007264138
82000.0,82.0,38015.06927575646
82000.0,82.0,36587.138132515596
81000.0,81.0,35061.990827233596
17000.0,17.0,51267.21749547164
16000.0,16.0,51609.46129548885
17000.0,17.0,51561.73584308246
16000.0,16.0,51691.91050246982
16000.0,16.0,51576.839567865776
271000.0,271.0,8231.861993446302
271000.0,271.0,9021.035900244737
272000.0,272.0,9788.21913399118
271000.0,271.0,8761.848111040106
272000.0,272.0,8481.37516703197
172000.0,172.0,62446.40874963443
172000.0,172.0,76114.31499318295
171000.0,171.0,51484.70671742754
171000.0,171.0,65281.8857461982
172000.0,172.0,56780.8590101158
22000.0,22.0,33115.747438211736
22000.0,22.0,32449.513193471026
21000.0,21.0,32931.18867878462
21000.0,21.0,33228.73801835245
22000.0,22.0,32637.26202122032
130000.0,130.0,38697.515769775346
130000.0,130.0,37882.04833510366
130000.0,130.0,38721.17832515535
130000.0,130.0,38038.01831689085
130000.0,130.0,38174.054466856374
247000.0,247.0,32102.996618786532
509000.0,509.0,31980.25359573305
281000.0,281.0,34500.114679874794
509000.0,509.0,32526.79085142356
505000.0,505.0,34944.642176335954
327000.0,327.0,20592.021957905792
328000.0,328.0,24254.225550007624
327000.0,327.0,17367.376433866426
327000.0,327.0,20819.72510480696
327000.0,327.0,18731.387914915806
240000.0,240.0,15080.850368386058
240000.0,240.0,15215.045707280748
240000.0,240.0,15756.617951549413
240000.0,240.0,15769.521019106696
240000.0,240.0,16115.151683097485
33000.0,33.0,46154.3657894522
33000.0,33.0,43732.51741488699
33000.0,33.0,44562.595982825354
33000.0,33.0,43970.74015486076
33000.0,33.0,44155.70614927713
179000.0,179.0,28073.74451396053
161000.0,161.0,33020.36103662585
162000.0,162.0,23675.052083580023
189000.0,189.0,28324.86713744125
169000.0,169.0,25526.803190464263
102000.0,102.0,54269.193458379756
109000.0,109.0,54423.48760788887
105000.0,105.0,54625.39601577578
104000.0,104.0,53879.97029219944
107000.0,107.0,54895.496611407936
49000.0,49.0,6132.42766236721
49000.0,49.0,6109.721108450266
49000.0,49.0,6146.840658153919
49000.0,49.0,6191.419778444612
49000.0,49.0,6153.650725863859
59000.0,59.0,43179.33775536228
59000.0,59.0,43327.86116583548
128000.0,128.0,46676.1835452497
130000.0,130.0,44480.49817002936
141000.0,141.0,47376.15286627844
48000.0,48.0,10095.453939613555
47000.0,47.0,9429.910839327316
46000.0,46.0,9435.620399955904
53000.0,53.0,9829.270112570326
51000.0,51.0,9463.47656992697
34000.0,34.0,60734.04398986619
34000.0,34.0,59255.70766835761
34000.0,34.0,59829.20939112333
34000.0,34.0,59468.672251464224
34000.0,34.0,59034.084944233415
2.78e6,2780.0,312.0985238393955
2.63e6,2630.0,307.3361010333255
2.32e6,2320.0,317.0518401123189
2.51e6,2510.0,316.7693854525397
2.47e6,2470.0,308.87122868411933
19000.0,19.0,26817.81854512133
25000.0,25.0,26910.063449254394
20000.0,20.0,28989.63915999
22000.0,22.0,27625.943118414558
20000.0,20.0,29424.376032168384
525000.0,525.0,4387.193772216758
526000.0,526.0,4412.757742069579
526000.0,526.0,4581.52755335696
525000.0,525.0,4415.355336562753
527000.0,527.0,4465.090201765168
87000.0,87.0,100905.15825103907
87000.0,87.0,88881.82014331315
87000.0,87.0,92997.64997017354
87000.0,87.0,97637.55340789877
87000.0,87.0,88177.2506867358
129000.0,129.0,51060.38447819502
125000.0,125.0,51269.96484870777
131000.0,131.0,55206.274579730576
124000.0,124.0,52665.37099911239
117000.0,117.0,56045.967291945664
32000.0,32.0,49620.06307119178
36000.0,36.0,49783.02275249502
32000.0,32.0,53629.51695587985
34000.0,34.0,51111.02707407204
27000.0,27.0,54453.776997165594
22000.0,22.0,25135.40176543719
23000.0,23.0,25544.215641489845
22000.0,22.0,25043.437019222434
22000.0,22.0,25541.448678017823
23000.0,23.0,25161.822886707196
175000.0,175.0,71579.09542485447
175000.0,175.0,68114.57843520919
175000.0,175.0,68144.05473368785
175000.0,175.0,70101.87757893057
175000.0,175.0,67490.21833320963
118000.0,118.0,17796.59081148132
116000.0,116.0,17727.33917948563
94000.0,94.0,19476.543527959228
98000.0,98.0,18170.248104835267
119000.0,119.0,19706.419101062995
17000.0,17.0,42677.91149129643
18000.0,18.0,42541.875442932636
17000.0,17.0,42744.8605092621
18000.0,18.0,42398.37623234284
17000.0,17.0,42675.58609543602
7400.0,7.4,44133.49005272735
8800.0,8.8,44010.2269432496
9500.0,9.5,44218.24035505768
6100.0,6.1,43830.07670266312
7700.0,7.7,44133.89232838148
356000.0,356.0,17957.80351345691
356000.0,356.0,19666.108602917837
356000.0,356.0,21348.973781141958
356000.0,356.0,19094.220718474353
356000.0,356.0,18494.250121475037
63000.0,63.0,22327.86792182514
62000.0,62.0,21645.264763103027
62000.0,62.0,22077.376482575717
62000.0,62.0,21854.49774354753
62000.0,62.0,21788.429106432326
28000.0,28.0,20884.58869334095
28000.0,28.0,19622.346561759598
28000.0,28.0,19865.045337894106
28000.0,28.0,19979.92513268283
28000.0,28.0,19690.13357424695
645000.0,645.0,18667.446010152293
646000.0,646.0,19786.121165612152
646000.0,646.0,20608.92516239056
645000.0,645.0,19814.01799121421
646000.0,646.0,18918.480947529064
3.53e6,3530.0,2679.1859993743
3.53e6,3530.0,2693.575244417769
3.53e6,3530.0,2724.695363442762
3.53e6,3530.0,2782.964576288164
3.52e6,3520.0,2702.126016977533
924000.0,924.0,5854.828580907355
923000.0,923.0,6230.439483129343
924000.0,924.0,6517.588130419071
924000.0,924.0,6216.207047392044
924000.0,924.0,5978.128357129295
25000.0,25.0,36172.21406968262
25000.0,25.0,36030.04195710738
25000.0,25.0,30829.16365043865
25000.0,25.0,36314.52308264163
25000.0,25.0,36224.679278189724
60000.0,60.0,50128.11362872851
60000.0,60.0,46970.556496097735
60000.0,60.0,47765.64988552637
60000.0,60.0,48988.08777562307
60000.0,60.0,47092.797172303304
7000.0,7.0,40743.07427938026
7000.0,7.0,40784.420473575
7000.0,7.0,40570.29050251402
7000.0,7.0,40212.420983382784
7000.0,7.0,40628.91415082984
32000.0,32.0,37562.0864054422
25000.0,25.0,38215.75847213487
25000.0,25.0,37732.50795579935
48000.0,48.0,37942.064227957126
45000.0,45.0,37823.7327947752
41000.0,41.0,29965.31967886869
41000.0,41.0,30058.99891988095
41000.0,41.0,32381.871052243263
41000.0,41.0,30861.313449560308
41000.0,41.0,32870.337328605274
279000.0,279.0,5516.737502759968
304000.0,304.0,2280.047687730326
300000.0,300.0,6277.259497105712
330000.0,330.0,5990.034502986926
252000.0,252.0,5634.656274670699
66000.0,66.0,75539.00170868715
65000.0,65.0,75721.9694876088
65000.0,65.0,76127.49340521485
65000.0,65.0,74852.28395629452
65000.0,65.0,75073.09331123308
250000.0,250.0,12545.547692772825
250000.0,250.0,12774.603961610506
250000.0,250.0,13305.400206077591
250000.0,250.0,13134.751475133053
250000.0,250.0,13416.979506098873
36000.0,36.0,11980.181708688875
36000.0,36.0,11904.570971337418
36000.0,36.0,12065.454465012977
36000.0,36.0,12222.866774084474
36000.0,36.0,12045.369186375452
78000.0,78.0,97991.65931353773
78000.0,78.0,90458.84771932794
76000.0,76.0,91086.27623746432
77000.0,77.0,92275.82700803677
78000.0,78.0,90019.35748454991
105000.0,105.0,16689.087381154823
105000.0,105.0,17116.07501895213
105000.0,105.0,16853.496306940036
105000.0,105.0,17175.65496707551
105000.0,105.0,16937.0267777389
12000.0,12.0,17087.105265653467
12000.0,12.0,17042.64311437772
12000.0,12.0,17110.382254667093
12000.0,12.0,16985.720020913937
12000.0,12.0,17088.55012908165
11000.0,11.0,21275.34578880872
11000.0,11.0,21051.574496113717
11000.0,11.0,20959.983484897537
12000.0,12.0,21484.06927665817
11000.0,11.0,21007.01555914243
52000.0,52.0,57463.67202656266
45000.0,45.0,53331.93466185514
45000.0,45.0,53520.28918870032
37000.0,37.0,55119.44823539741
50000.0,50.0,53572.952827987676
225000.0,225.0,4214.818198457391
225000.0,225.0,4521.516238121091
225000.0,225.0,4094.281677419699
225000.0,225.0,4246.169808525863
225000.0,225.0,4151.20748799292
96000.0,96.0,31453.420707338253
119000.0,119.0,37039.938270529325
96000.0,96.0,26532.745783827977
175000.0,175.0,31791.876306325874
96000.0,96.0,28610.33763744518
160000.0,160.0,7568.811672415784
160000.0,160.0,7593.002082997518
160000.0,160.0,8177.1681740031145
161000.0,161.0,7793.01441362516
160000.0,160.0,8303.746831070066
7.34e6,7340.0,239.19087987836332
7.44e6,7440.0,234.43709510563724
7.35e6,7350.0,234.96700853871835
7.45e6,7450.0,237.74048276780064
7.35e6,7350.0,243.25402225955926
357000.0,357.0,48637.27204833264
357000.0,357.0,50299.55854835746
357000.0,357.0,45848.85177713215
357000.0,357.0,47649.86009827666
357000.0,357.0,47665.388992846994
93000.0,93.0,56643.89908996629
93000.0,93.0,66624.59999031392
93000.0,93.0,47768.73496533843
93000.0,93.0,57150.58477760502
93000.0,93.0,51504.98050913912
7.82e6,7820.0,253.71242048329051
7.53e6,7530.0,257.85052458132407
7.93e6,7930.0,259.692286852758
7.91e6,7910.0,264.80560934807175
7.86e6,7860.0,255.45909424474246
376000.0,376.0,2538.223200375608
377000.0,377.0,2718.64856971741
377000.0,377.0,2852.334483228758
376000.0,376.0,2716.2732590665937
376000.0,376.0,2555.086925466813
566000.0,566.0,62446.40874963443
567000.0,567.0,76114.31499318295
576000.0,576.0,40947.63586095608
560000.0,560.0,65281.8857461982
592000.0,592.0,56780.8590101158
110000.0,110.0,81778.86608698152
110000.0,110.0,83682.30754512711
110000.0,110.0,81211.06861866925
110000.0,110.0,83213.75213812984
110000.0,110.0,81302.9109756639
12000.0,12.0,13086.386665109332
11000.0,11.0,12606.292322489226
14000.0,14.0,12908.463624819551
13000.0,13.0,12865.23462833694
15000.0,15.0,12700.460468958709
30000.0,30.0,11926.674539659283
30000.0,30.0,12023.912277739351
30000.0,30.0,12011.11213571267
30000.0,30.0,12154.03674157314
30000.0,30.0,12046.380619798605
390000.0,390.0,9018.57280664826
386000.0,386.0,9318.891333534491
388000.0,388.0,9967.287374514352
396000.0,396.0,9359.891627460827
388000.0,388.0,8921.98322554154
57000.0,57.0,59027.13122427646
58000.0,58.0,56282.83848683978
58000.0,58.0,57188.497800377845
58000.0,58.0,56595.42469274601
57000.0,57.0,56032.07540100816
83000.0,83.0,3153.826123486003
83000.0,83.0,3396.449016264898
83000.0,83.0,3102.5342781297854
83000.0,83.0,3177.2020324320756
83000.0,83.0,3106.732305080539
15000.0,15.0,20352.700085240547
15000.0,15.0,20229.68809458628
16000.0,16.0,20595.652800413718
16000.0,16.0,20185.257122917945
15000.0,15.0,20537.878413861425
90000.0,90.0,62608.06862834486
90000.0,90.0,61084.116396739315
90000.0,90.0,61675.3142300893
90000.0,90.0,61303.65226753975
90000.0,90.0,60855.65522718699
281000.0,281.0,66352.96702274012
463000.0,463.0,67437.36649792899
294000.0,294.0,72810.32456913873
394000.0,394.0,68655.40049431662
281000.0,281.0,73713.7706164587
83000.0,83.0,103163.59774919902
87000.0,87.0,105564.778865093
77000.0,77.0,102447.3243105128
91000.0,91.0,104973.69875058922
92000.0,92.0,102563.18294767286
16000.0,16.0,110286.22817596621
15000.0,15.0,101526.42484118068
16000.0,16.0,100796.44726337066
16000.0,16.0,103813.08185084075
16000.0,16.0,100158.73898793427
70000.0,70.0,7563.830456848774
70000.0,70.0,7556.93833552388
70000.0,70.0,7601.847169757527
70000.0,70.0,7577.090506839348
70000.0,70.0,7572.937590170118
237000.0,237.0,16455.830974204247
237000.0,237.0,16187.97968829217
237000.0,237.0,16325.581023415376
237000.0,237.0,16214.586684452352
237000.0,237.0,16161.600089404124
50000.0,50.0,10138.100220403623
50000.0,50.0,10137.271432595937
50000.0,50.0,10161.807020904811
50000.0,50.0,10130.637546173995
50000.0,50.0,10159.471669981152
70000.0,70.0,38725.52575895783
70000.0,70.0,38863.41218522433
70000.0,70.0,41857.180445044265
70000.0,70.0,39909.642467808095
70000.0,70.0,42491.35346792592
35000.0,35.0,58327.71174291317
35000.0,35.0,58893.32718417339
34000.0,34.0,59071.27903613156
35000.0,35.0,58414.233127818
34000.0,34.0,58870.76754282634
652000.0,652.0,8793.19151856523
651000.0,651.0,9369.278624929926
651000.0,651.0,9773.79377774883
652000.0,652.0,9395.381163070122
651000.0,651.0,8855.799110758075
17000.0,17.0,31166.505296020918
13000.0,13.0,31160.202428326316
10000.0,10.0,31242.74502898928
19000.0,19.0,31130.167373793123
10000.0,10.0,31230.80818820336
1.5e6,1500.0,2237.777797695883
1.49e6,1490.0,2231.4628140188447
1.47e6,1470.0,2244.778568058938
1.45e6,1450.0,2269.0274073991304
1.47e6,1470.0,2273.417624577524
406000.0,406.0,17119.713700397693
406000.0,406.0,47352.11461705878
406000.0,406.0,20363.849906355616
406000.0,406.0,40654.631496083544
406000.0,406.0,17642.262626210148
1.71e6,1710.0,8502.622268045701
1.71e6,1710.0,9059.672691497604
1.71e6,1710.0,9450.820722205019
1.71e6,1710.0,9084.912676499045
1.71e6,1710.0,8563.16100490861
1.65e6,1650.0,8930.803018668494
1.65e6,1650.0,9331.322139736096
1.65e6,1650.0,9711.629712586806
1.65e6,1650.0,9330.881305997138
1.65e6,1650.0,8991.614464589666
99000.0,99.0,60884.600837691054
99000.0,99.0,55405.40474373053
99000.0,99.0,56368.82894678344
99000.0,99.0,58976.814023209445
99000.0,99.0,56429.020088691366
61000.0,61.0,28126.479702787354
61000.0,61.0,28218.851253423483
61000.0,61.0,30399.185868943223
61000.0,61.0,28971.613025258786
61000.0,61.0,30866.406825268503
129000.0,129.0,28253.31799183853
129000.0,129.0,28343.617419555783
129000.0,129.0,30524.22793591741
129000.0,129.0,29090.235544578805
129000.0,129.0,30996.728402817113
38000.0,38.0,61187.02456821931
38000.0,38.0,57187.7207528335
38000.0,38.0,57290.77221972843
38000.0,38.0,59642.10425423497
38000.0,38.0,57494.05235264864
100000.0,100.0,91921.6617528965
100000.0,100.0,85012.6686767142
100000.0,100.0,86748.41219552892
100000.0,100.0,88066.26948073093
100000.0,100.0,84486.50555244455
730.0,0.73,8674.36908750394
1800.0,1.8,8716.192951380985
1300.0,1.3,8588.608635428394
730.0,0.73,8725.917779728668
1200.0,1.2,8607.130326768276
70000.0,70.0,49261.05308279102
70000.0,70.0,49663.230577688264
70000.0,70.0,49648.67035504561
70000.0,70.0,49435.19289942707
70000.0,70.0,49695.357069314705
18000.0,18.0,10837.892284418813
18000.0,18.0,10926.375093781182
18000.0,18.0,10607.401197122113
18000.0,18.0,10876.204672340325
18000.0,18.0,10657.544729398309
3.63e6,3630.0,232.45760075683
3.64e6,3640.0,234.98587535657057
3.71e6,3710.0,237.37769148033345
3.8e6,3800.0,242.31383681531588
3.57e6,3570.0,233.9038225438633
2.9e6,2900.0,3294.846491390859
2.9e6,2900.0,3488.7967845612206
2.9e6,2900.0,3601.316148378011
2.9e6,2900.0,3476.5231180759974
2.9e6,2900.0,3358.041103848934
128000.0,128.0,23094.248742999956
102000.0,102.0,22526.21926128884
155000.0,155.0,22959.82508730184
88000.0,88.0,23132.415772640255
155000.0,155.0,22854.32907092804
40000.0,40.0,63269.336426967064
40000.0,40.0,63422.58507598323
40000.0,40.0,63762.24046713
40000.0,40.0,62694.1610139525
40000.0,40.0,62879.1046993047
60000.0,60.0,12593.06346339777
60000.0,60.0,11717.264837950708
60000.0,60.0,11936.182661233517
60000.0,60.0,12110.397025614591
60000.0,60.0,11737.973948688112
26000.0,26.0,22238.546809134707
26000.0,26.0,22745.499915133383
26000.0,26.0,22074.72797203826
26000.0,26.0,22606.252095364773
26000.0,26.0,22174.54131425501
20000.0,20.0,38304.76891399261
23000.0,23.0,40079.66337632444
17000.0,17.0,39077.69090259683
22000.0,22.0,38352.36140405186
17000.0,17.0,39811.40531133483
2.75e6,2750.0,267.9680932745378
5.71e6,5710.0,269.5161089812022
4.17e6,4170.0,271.63322921924026
4.63e6,4630.0,277.69996628780024
3.48e6,3480.0,270.4713797121591
65000.0,65.0,9771.561412266785
65000.0,65.0,8562.013184255322
65000.0,65.0,8977.761656900275
65000.0,65.0,9463.918368210534
65000.0,65.0,8537.385514698643
2.08e6,2080.0,3883.679534513936
2.08e6,2080.0,3896.3833250884013
2.08e6,2080.0,3876.3725352012134
2.07e6,2070.0,3923.0332766157017
2.07e6,2070.0,3358.864577840858
45000.0,45.0,25919.4413426656
45000.0,45.0,25317.252333553315
45000.0,45.0,24910.38628188281
45000.0,45.0,25514.711053450585
45000.0,45.0,24717.815037188757
34000.0,34.0,62446.40874963443
31000.0,31.0,76114.31499318295
43000.0,43.0,51484.70671742754
36000.0,36.0,65281.8857461982
30000.0,30.0,56780.8590101158
294000.0,294.0,41687.077627708975
294000.0,294.0,49091.219564836094
295000.0,295.0,35165.416297905314
294000.0,294.0,42135.6528386474
294000.0,294.0,37918.97158482614
24000.0,24.0,25135.40176543719
24000.0,24.0,25544.215641489845
23000.0,23.0,25043.437019222434
23000.0,23.0,25541.448678017823
23000.0,23.0,25161.822886707196
110000.0,110.0,42917.436729467874
110000.0,110.0,42093.3923444863
110000.0,110.0,42952.16868700843
110000.0,110.0,42993.68885546463
110000.0,110.0,42823.45762484764
99000.0,99.0,14407.225971310572
95000.0,95.0,15297.912595284126
93000.0,93.0,15809.071146280583
94000.0,94.0,15209.34287140844
99000.0,99.0,14522.647541604672
52000.0,52.0,95.02320504399525
52000.0,52.0,98.18506636133802
52000.0,52.0,97.20118601960462
52000.0,52.0,95.06176684825788
52000.0,52.0,98.39409969422809
49000.0,49.0,51403.488063968645
50000.0,50.0,53125.02273904611
50000.0,50.0,51512.50627583459
50000.0,50.0,53025.90801177699
50000.0,50.0,51877.185371689506
3.35e6,3350.0,3394.3465373471327
3.36e6,3360.0,3359.161851811724
3.35e6,3350.0,4714.6299688232375
3.35e6,3350.0,3457.5679739834786
3.35e6,3350.0,3358.864577840858
3.62e6,3620.0,4074.8489609505145
3.61e6,3610.0,4275.698731168532
3.61e6,3610.0,4451.689073375097
3.62e6,3620.0,4296.793653363715
3.62e6,3620.0,4170.234558971712
130000.0,130.0,51814.4522061507
130000.0,130.0,49960.922215857005
130000.0,130.0,49471.605573949084
130000.0,130.0,50202.52373111131
130000.0,130.0,49153.15550899895
72000.0,72.0,46531.92850282335
72000.0,72.0,47213.333908474175
72000.0,72.0,46723.5505331771
72000.0,72.0,46713.89286636914
72000.0,72.0,46757.916023345955
483000.0,483.0,589.9876033464267
483000.0,483.0,631.3866655394473
483000.0,483.0,663.2078264043611
502000.0,502.0,634.0885645319956
496000.0,496.0,600.8358839252799
15000.0,15.0,10953.048529612854
15000.0,15.0,10924.54773365691
15000.0,15.0,10967.9693711671
15000.0,15.0,10888.059317657164
15000.0,15.0,10953.974705170478
19000.0,19.0,10054.112158867863
19000.0,19.0,10072.261164491063
22000.0,22.0,10108.861672807696
21000.0,21.0,10133.994265207926
22000.0,22.0,10087.345656940166
110000.0,110.0,32995.82891463289
110000.0,110.0,33101.28571333202
110000.0,110.0,35647.92648480182
110000.0,110.0,33973.228751135226
110000.0,110.0,36199.73935762654
1.86e6,1860.0,677.518400509252
1.86e6,1860.0,686.9915817419821
1.86e6,1860.0,695.4788207487978
1.86e6,1860.0,697.1027536915132
1.87e6,1870.0,687.1235972319139
8600.0,8.6,30842.14893551492
11000.0,11.0,30993.01245909978
8700.0,8.7,30529.644897816594
11000.0,11.0,31017.024948186652
13000.0,13.0,30607.38783419175
1.84e6,1840.0,3675.6358457924975
1.84e6,1840.0,3912.9225306835056
1.84e6,1840.0,4026.9822236711957
1.83e6,1830.0,3883.232583852985
1.83e6,1830.0,3748.6023386341585
226000.0,226.0,15032.976734626285
226000.0,226.0,15137.419247455051
226000.0,226.0,15640.337598116974
226000.0,226.0,15644.227566081583
226000.0,226.0,16054.686868372033
13000.0,13.0,10840.814409524843
13000.0,13.0,10726.792147401988
13000.0,13.0,10680.122111387926
13000.0,13.0,10947.169089591896
13000.0,13.0,10704.087220733041
161000.0,161.0,38057.94566636608
159000.0,159.0,39906.18799778554
163000.0,163.0,19003.74045398793
163000.0,163.0,19647.77055729426
161000.0,161.0,39210.28525268604
94000.0,94.0,44836.119267054346
94000.0,94.0,45025.5770003548
94000.0,94.0,48471.410996544095
94000.0,94.0,46265.35853614271
94000.0,94.0,49216.160727375944
105000.0,105.0,36891.32451171868
105000.0,105.0,35763.49024069422
106000.0,106.0,36477.44885618755
105000.0,105.0,36109.196414125465
105000.0,105.0,36000.03419853026
124000.0,124.0,9523.398069434003
124000.0,124.0,9556.726524893651
124000.0,124.0,10278.164538198223
124000.0,124.0,9811.486267068767
124000.0,124.0,10428.29961243642
12000.0,12.0,9809.838863907644
12000.0,12.0,9744.825040253922
12000.0,12.0,9928.986755737453
12000.0,12.0,9723.099415930355
12000.0,12.0,9897.717028061768
80000.0,80.0,9876.554837200625
80000.0,80.0,9757.090009340258
80000.0,80.0,9806.103497800208
80000.0,80.0,9853.277396259246
80000.0,80.0,9789.060981158205
144000.0,144.0,23809.631063777782
144000.0,144.0,26109.767449480845
145000.0,145.0,28323.33858662593
144000.0,144.0,25379.508832693387
143000.0,143.0,24542.76759512551
107000.0,107.0,15000.59505333749
97000.0,97.0,15134.076248869034
104000.0,104.0,15672.76642415462
117000.0,117.0,15685.60082583918
104000.0,104.0,16029.392157355249
70000.0,70.0,53164.38514315875
70000.0,70.0,52605.209122852786
70000.0,70.0,52376.334826553
70000.0,70.0,54613.322620049934
70000.0,70.0,52493.86200256496
26000.0,26.0,29247.595137539687
26000.0,26.0,28679.457761870395
26000.0,26.0,28732.795989663853
26000.0,26.0,29482.0872371155
26000.0,26.0,28660.80343069583
65000.0,65.0,14074.125709568825
52000.0,52.0,13701.75222984656
52000.0,52.0,13989.43967214251
65000.0,65.0,13832.556089132368
50000.0,50.0,13769.663003439076
106000.0,106.0,41967.74807819368
106000.0,106.0,43665.416756292056
106000.0,106.0,42729.60992158185
106000.0,106.0,41588.21364887314
105000.0,105.0,43345.68022318001
462000.0,462.0,3470.470522630731
462000.0,462.0,3638.0037570993695
462000.0,462.0,3783.5548444897836
462000.0,462.0,3649.1460856608965
462000.0,462.0,3493.9074190419337
2.0e6,2000.0,2644.356889480733
2.36e6,2360.0,2536.5685822663213
2.08e6,2080.0,2611.7786638692573
2.75e6,2750.0,2580.176473930881
2.06e6,2060.0,2634.7990394638664
6.29e6,6290.0,2337.3628965673247
6.31e6,6310.0,2289.9840933564756
6.33e6,6330.0,2303.58209466674
6.29e6,6290.0,2328.6099129355744
6.27e6,6270.0,2375.2321503563808
75000.0,75.0,11887.770772205438
75000.0,75.0,11806.549930266776
75000.0,75.0,12305.59259636373
75000.0,75.0,12154.74776110616
75000.0,75.0,12701.219588019063
26000.0,26.0,97079.62334284643
26000.0,26.0,90584.41396718858
26000.0,26.0,75438.3315848046
28000.0,28.0,68655.40049431662
26000.0,26.0,76617.55328941182
38000.0,38.0,7154.103766599098
38000.0,38.0,7285.2093461852155
38000.0,38.0,7190.061144354435
38000.0,38.0,7290.441198528839
39000.0,39.0,7162.717573739392
139000.0,139.0,33766.56893619658
132000.0,132.0,33862.57154290285
126000.0,126.0,33988.19998399879
89000.0,89.0,33524.39229720762
135000.0,135.0,34156.257952081854
75000.0,75.0,35426.69878886228
75000.0,75.0,41697.334719924394
75000.0,75.0,38743.16013103731
75000.0,75.0,16056.82705021787
75000.0,75.0,39334.22798387085
45000.0,45.0,16551.08989184345
45000.0,45.0,15639.79208390877
45000.0,45.0,15673.576157336738
45000.0,45.0,15950.999654758813
45000.0,45.0,15483.525334488106
3.76e6,3760.0,307.7238748699443
3.8e6,3800.0,311.16526978625586
3.93e6,3930.0,312.6670918847221
3.49e6,3490.0,319.30441389553886
4.79e6,4790.0,310.8032088734886
63000.0,63.0,7434.431796268626
63000.0,63.0,7066.192775794412
63000.0,63.0,7129.250864770377
63000.0,63.0,7422.528112753123
63000.0,63.0,6827.38457963103
24000.0,24.0,14291.74284471953
24000.0,24.0,14205.264433069997
25000.0,25.0,14461.55817091009
24000.0,24.0,14175.968351126447
24000.0,24.0,14422.602678418638
69000.0,69.0,44612.9073930372
69000.0,69.0,44493.63060052531
70000.0,70.0,44608.24867350082
70000.0,70.0,44287.454992650644
70000.0,70.0,44756.95795689534
661000.0,661.0,2125.9575276729
975000.0,975.0,2186.397489787464
633000.0,633.0,2330.5465884025107
671000.0,671.0,2194.744201518462
826000.0,826.0,2125.2589366839893
182000.0,182.0,36133.74337221769
182000.0,182.0,36257.324865565955
182000.0,182.0,39058.16796693272
181000.0,181.0,37235.77483808232
182000.0,182.0,39647.28593763915
3.58e6,3580.0,296.137559697701
3.65e6,3650.0,291.05480920746044
3.63e6,3630.0,299.56841435459705
3.39e6,3390.0,299.1310178477335
3.46e6,3460.0,292.90549675476154
110000.0,110.0,6354.164249105364
122000.0,122.0,6336.365467270596
125000.0,125.0,6833.069190999277
110000.0,110.0,6452.146458522213
138000.0,138.0,6920.329566478274
93000.0,93.0,60288.23824292969
80000.0,80.0,60511.00115305317
79000.0,79.0,65204.62958083382
81000.0,81.0,62183.56326152364
94000.0,94.0,66192.89030474128
19000.0,19.0,68065.60060748235
21000.0,21.0,65984.7125380232
19000.0,19.0,67301.98760514644
20000.0,20.0,66622.55080053494
20000.0,20.0,66421.1432374703
36000.0,36.0,80327.94605860958
36000.0,36.0,80076.91501111917
36000.0,36.0,80429.61345177193
36000.0,36.0,79790.33841931593
36000.0,36.0,80339.48691570273
65000.0,65.0,10846.25754111608
63000.0,63.0,10131.698385356805
67000.0,67.0,10553.54844418149
63000.0,63.0,10135.601511624138
62000.0,62.0,10314.018924474225
24000.0,24.0,41742.78429053785
28000.0,28.0,42295.09940092986
26000.0,26.0,42308.17958748572
27000.0,27.0,42403.42525477733
27000.0,27.0,41898.16227942099
451000.0,451.0,48987.21772783415
451000.0,451.0,57699.3862121472
451000.0,451.0,41315.97433541172
451000.0,451.0,49528.91021715661
450000.0,450.0,44560.877994800954
33000.0,33.0,6076.14824096462
33000.0,33.0,5461.290891762835
34000.0,34.0,5734.569963965767
34000.0,34.0,5908.011862931992
34000.0,34.0,5483.534411184753
165000.0,165.0,9902.208467243054
165000.0,165.0,9936.61898423701
165000.0,165.0,10686.546192534699
165000.0,165.0,10207.300802420034
165000.0,165.0,10846.413053488644
25000.0,25.0,55818.15061228353
25000.0,25.0,57067.83233709847
25000.0,25.0,56433.05171180131
25000.0,25.0,57311.38990079921
25000.0,25.0,56897.46652650808
194000.0,194.0,18372.05292995008
192000.0,192.0,10299.51561975404
193000.0,193.0,9361.158053034113
193000.0,193.0,9681.85857450948
193000.0,193.0,9532.253953003188
174000.0,174.0,4117.721570559977
173000.0,173.0,4117.074515491235
173000.0,173.0,4459.74682617519
173000.0,173.0,4215.776701459777
173000.0,173.0,4520.755626183646
33000.0,33.0,77663.18658031986
37000.0,37.0,74052.46529879999
40000.0,40.0,75244.05951635164
50000.0,50.0,74463.74127186886
52000.0,52.0,73722.53125121088
22000.0,22.0,36843.3716254274
22000.0,22.0,38077.27897663686
22000.0,22.0,36921.5102624148
22000.0,22.0,38006.23864712099
22000.0,22.0,37182.893447849376
7800.0,7.8,27452.44237298896
8000.0,8.0,27570.341370622074
10000.0,10.0,27178.407549203144
7700.0,7.7,27594.490917797128
9200.0,9.2,27241.256782983655
49000.0,49.0,55168.91121984833
48000.0,48.0,52467.03981186303
49000.0,49.0,52427.053039489016
49000.0,49.0,53968.41366158416
49000.0,49.0,51893.18353380008
369000.0,369.0,13235.946157024671
369000.0,369.0,14495.066414517863
369000.0,369.0,15735.43597707682
369000.0,369.0,14073.551765430833
369000.0,369.0,13631.338523052384
106000.0,106.0,13616.811813152945
83000.0,83.0,13657.063323606832
93000.0,93.0,14691.540972138266
81000.0,81.0,14017.086235051258
91000.0,91.0,14905.27357780302
4000.0,4.0,27076.26145638672
11000.0,11.0,27256.591230215876
1800.0,1.8,27177.29450465747
3000.0,3.0,27286.1794842508
2000.0,2.0,27178.490915683782
39000.0,39.0,14708.154334132916
189000.0,189.0,15314.50753191065
42000.0,42.0,15789.527351710349
189000.0,189.0,15182.823518815487
106000.0,106.0,14821.411003453682
38000.0,38.0,15119.123418695199
38000.0,38.0,15365.027880656682
38000.0,38.0,15063.80596798702
38000.0,38.0,15363.363532395248
38000.0,38.0,15135.015911565199
5.09e6,5090.0,538.7099967487616
5.1e6,5100.0,540.7708198350691
5.1e6,5100.0,541.5048708318925
5.09e6,5090.0,548.4823623974622
5.09e6,5090.0,550.4650977268244
1.02e6,1020.0,38057.94566636608
1.02e6,1020.0,39906.18799778554
1.02e6,1020.0,40947.63586095608
1.03e6,1030.0,39383.6841545061
1.02e6,1020.0,39210.28525268604
133000.0,133.0,48920.95622323021
132000.0,132.0,49127.674682107965
133000.0,133.0,52887.44463623874
132000.0,132.0,50480.40768465432
132000.0,132.0,53700.0454940935
19000.0,19.0,19138.087553971334
19000.0,19.0,19080.22044744445
19000.0,19.0,19171.957857990466
19000.0,19.0,19013.02066042433
20000.0,20.0,19144.120665342994
25000.0,25.0,31264.38359981859
50000.0,50.0,32084.208583880507
50000.0,50.0,31522.68783395716
39000.0,39.0,31904.41510689683
27000.0,27.0,31638.266352251267
56000.0,56.0,14269.18142067152
69000.0,69.0,13723.992418096437
92000.0,92.0,13726.077552111474
110000.0,110.0,14016.182976393406
59000.0,59.0,13558.198837120846
68000.0,68.0,30708.112304097504
67000.0,67.0,31157.796518670195
67000.0,67.0,30834.570652534207
68000.0,68.0,30828.197206892113
68000.0,68.0,30857.249689604992
24000.0,24.0,10960.856147607483
23000.0,23.0,10654.652395720026
24000.0,24.0,10842.41102109765
23000.0,23.0,10794.792355765254
23000.0,23.0,10718.492990106617
160000.0,160.0,32233.680957320517
161000.0,161.0,32344.554733454137
160000.0,160.0,34844.10106581751
160000.0,160.0,33205.00640743038
160000.0,160.0,35366.63311347845
49000.0,49.0,113037.31344098032
49000.0,49.0,110312.29483423293
49000.0,49.0,109351.43387240932
49000.0,49.0,111482.5410842952
49000.0,49.0,107586.92069342206
25000.0,25.0,45010.171759762234
25000.0,25.0,44703.182711340545
26000.0,26.0,44088.155012359704
26000.0,26.0,46483.0024313905
25000.0,25.0,44720.10188973477
344000.0,344.0,14521.269901694986
331000.0,331.0,15419.00697407138
354000.0,354.0,15934.21172593407
357000.0,357.0,15329.73615482564
342000.0,342.0,14637.605119734577
202000.0,202.0,14367.551270772745
351000.0,351.0,15255.785116872916
214000.0,214.0,15765.536036554468
198000.0,198.0,15167.459296804846
171000.0,171.0,7357.789375512569
176000.0,176.0,34203.05924034538
177000.0,177.0,34179.66197439729
177000.0,177.0,37056.005190385804
177000.0,177.0,34944.283564993864
177000.0,177.0,37536.00014603014
135000.0,135.0,8229.500029047367
135000.0,135.0,8204.044895322928
135000.0,135.0,8847.385352559928
135000.0,135.0,8351.553777596995
135000.0,135.0,8960.382110637594
166000.0,166.0,14296.949236801272
167000.0,167.0,16825.959170301045
167000.0,167.0,12054.36801848771
167000.0,167.0,14433.787716230163
167000.0,167.0,13001.691224152692
75000.0,75.0,13879.228042215838
74000.0,74.0,13470.027235872962
74000.0,74.0,13292.314389025438
75000.0,75.0,13460.04146731331
75000.0,75.0,13163.673535230184
24000.0,24.0,32751.95101363153
24000.0,24.0,31885.3992847133
24000.0,24.0,32554.87781657747
24000.0,24.0,32189.79343893134
24000.0,24.0,32043.434702038565
37000.0,37.0,56663.5861997251
37000.0,37.0,52605.31045811317
38000.0,38.0,54283.42948092928
35000.0,35.0,53990.074373207346
36000.0,36.0,53054.295201068024
45000.0,45.0,13988.554901705915
45000.0,45.0,13475.363121453449
45000.0,45.0,13798.365945727122
45000.0,45.0,13752.156766209682
45000.0,45.0,13576.023167697704
157000.0,157.0,65761.14020581194
157000.0,157.0,42431.41548535416
157000.0,157.0,45682.565912011305
157000.0,157.0,43589.179445887996
157000.0,157.0,62634.12282655901
238000.0,238.0,13508.22644099422
238000.0,238.0,14800.906297396445
238000.0,238.0,16059.80935010227
238000.0,238.0,14375.87095629095
238000.0,238.0,13911.72790536741
67000.0,67.0,63239.07540800697
52000.0,52.0,60859.53641215617
65000.0,65.0,60941.569200896985
51000.0,51.0,62189.12053543526
64000.0,64.0,60231.985092513205
42000.0,42.0,11407.2446462197
42000.0,42.0,11194.746315288365
42000.0,42.0,11398.58931306706
42000.0,42.0,11422.76496928968
42000.0,42.0,11247.928517228844
497000.0,497.0,37957.43776918245
481000.0,481.0,39906.18799778554
654000.0,654.0,40947.63586095608
509000.0,509.0,39383.6841545061
466000.0,466.0,39107.952776177146
135000.0,135.0,57643.4397443688
135000.0,135.0,56338.14463184183
135000.0,135.0,55499.03686563221
135000.0,135.0,56808.47238362258
135000.0,135.0,55102.722362129854
883000.0,883.0,868.8976833589322
883000.0,883.0,931.2522532846272
883000.0,883.0,966.755375764675
883000.0,883.0,935.0570056383034
884000.0,884.0,885.313717753668
88000.0,88.0,66352.96702274012
89000.0,89.0,69582.65257645222
88000.0,88.0,75438.3315848046
89000.0,89.0,68655.40049431662
89000.0,89.0,76617.55328941182
120000.0,120.0,49417.94700922943
146000.0,146.0,47077.5348800345
147000.0,147.0,47554.03370543295
130000.0,130.0,48862.25971066287
141000.0,141.0,47515.66001724508
2.61e6,2610.0,601.8990680227766
2.6e6,2600.0,644.1339502637938
2.72e6,2720.0,676.5975595995782
2.52e6,2520.0,646.8903988336996
2.66e6,2660.0,612.9663683067579
2.05e6,2050.0,273.71341518611735
2.28e6,2280.0,274.76230377208464
2.42e6,2420.0,276.28662283716
2.08e6,2080.0,282.29636919221616
2.13e6,2130.0,276.1102958325594
20000.0,20.0,12435.507071803084
21000.0,21.0,12476.875661701264
21000.0,21.0,13416.045534594057
21000.0,21.0,12809.767906933386
20000.0,20.0,13614.109138892356
440000.0,440.0,41203.99531496947
440000.0,440.0,41369.19905181206
440000.0,440.0,44529.59173633687
440000.0,440.0,42487.01002474522
440000.0,440.0,45216.84145754204
51000.0,51.0,34574.39123795961
51000.0,51.0,34693.31632501838
51000.0,51.0,37374.371986236954
51000.0,51.0,35616.2513400048
51000.0,51.0,37934.84869611452
38000.0,38.0,38679.23867973883
38000.0,38.0,38471.2303513123
38000.0,38.0,38659.06838062503
38000.0,38.0,38161.187026747546
38000.0,38.0,38722.8546718166
1.79e6,1790.0,3268.7946115936306
1.79e6,1790.0,3454.51867626523
1.8e6,1800.0,3557.768291961543
1.79e6,1790.0,3432.527597359356
1.8e6,1800.0,3329.5592158725335
74000.0,74.0,8264.069200074951
60000.0,60.0,8452.458108087829
65000.0,65.0,8203.192461245744
63000.0,63.0,8400.712208123952
69000.0,69.0,8240.28411000542
114000.0,114.0,30905.972193231275
114000.0,114.0,30785.708203601633
113000.0,113.0,33823.41702811016
114000.0,114.0,31554.874111611316
113000.0,113.0,34222.62427771805
125000.0,125.0,46481.10234050572
125000.0,125.0,44654.46442295948
125000.0,125.0,45830.01998437423
125000.0,125.0,45414.87703889722
125000.0,125.0,45015.86015877179
20000.0,20.0,73989.72437873986
20000.0,20.0,75858.19128038321
20000.0,20.0,75004.50163972074
19000.0,19.0,75377.1617311272
20000.0,20.0,75250.79265768816
30000.0,30.0,19061.132511434822
36000.0,36.0,19151.627800127386
32000.0,32.0,20468.4711685279
31000.0,31.0,19660.553950434474
30000.0,30.0,20814.25436284076
97000.0,97.0,10706.750328267255
97000.0,97.0,10676.759426902217
97000.0,97.0,11513.70391693997
97000.0,97.0,10871.85009775872
97000.0,97.0,11660.73742397215
627000.0,627.0,5159.275475721714
630000.0,630.0,5176.920984242478
745000.0,745.0,4881.092412657098
1.05e6,1050.0,4708.840907547257
748000.0,748.0,4548.134148743082
75000.0,75.0,8376.920673938945
75000.0,75.0,8301.561518894234
75000.0,75.0,8331.727671901117
75000.0,75.0,8352.441964206737
75000.0,75.0,8492.029263618057
60000.0,60.0,14481.972171077432
56000.0,56.0,13955.503995547951
60000.0,60.0,13802.319311566127
55000.0,55.0,14015.356299267378
55000.0,55.0,13705.329313955288
59000.0,59.0,50333.15107292415
59000.0,59.0,50882.04463800116
59000.0,59.0,50750.37198419403
59000.0,59.0,50823.30465924674
59000.0,59.0,50883.482671750186
7.55e6,7550.0,87.1277384205278
7.15e6,7150.0,87.37934015264062
7.59e6,7590.0,88.41938405321396
7.55e6,7550.0,89.59141334764537
7.22e6,7220.0,87.76313358690408
44000.0,44.0,52107.864885506875
46000.0,46.0,49017.87466044618
45000.0,45.0,50064.4935254229
47000.0,47.0,49118.41470602728
44000.0,44.0,49086.90339584781
79000.0,79.0,23155.19290786883
71000.0,71.0,23314.409197595432
76000.0,76.0,23387.94219130551
82000.0,82.0,23371.644462182532
74000.0,74.0,23423.456313943876
1.26e6,1260.0,600.779574834098
1.26e6,1260.0,642.9359029362146
1.27e6,1270.0,675.33913206631
1.27e6,1270.0,645.6872246907407
1.26e6,1260.0,611.826290658087
845000.0,845.0,3328.1813323507017
815000.0,815.0,3517.2795897988694
843000.0,843.0,3622.405021147192
847000.0,847.0,3494.8889819481374
820000.0,820.0,3390.049894208777
87000.0,87.0,53215.42296985245
87000.0,87.0,52236.011512745325
88000.0,88.0,53033.17845582925
87000.0,87.0,53070.145902051656
87000.0,87.0,52951.84564261564
55000.0,55.0,110286.22817596621
55000.0,55.0,101526.42484118068
55000.0,55.0,100796.44726337066
55000.0,55.0,103813.08185084075
55000.0,55.0,100158.73898793427
128000.0,128.0,13892.952554217176
128000.0,128.0,13934.020341056323
128000.0,128.0,14989.476573150467
128000.0,128.0,14301.344300273946
129000.0,129.0,15207.54354730967
50000.0,50.0,8254.763122584716
55000.0,55.0,8224.914818084897
53000.0,53.0,8873.689123519804
50000.0,50.0,16175.2569415206
53000.0,53.0,8988.420138122121
589000.0,589.0,38057.94566636608
589000.0,589.0,39906.18799778554
589000.0,589.0,40947.63586095608
589000.0,589.0,39383.6841545061
589000.0,589.0,39210.28525268604
5.94e6,5940.0,230.08631717064495
5.51e6,5510.0,232.13906106578358
6.39e6,6390.0,233.96500726074908
7.22e6,7220.0,238.69412176363
7.18e6,7180.0,231.38363971649582
91000.0,91.0,76790.72759804274
89000.0,89.0,73751.963889659
91000.0,91.0,74764.75958733103
91000.0,91.0,74412.92131393094
89000.0,89.0,74029.61727233072
35000.0,35.0,30517.481800140147
35000.0,35.0,28520.228324074567
35000.0,35.0,29326.641363080427
35000.0,35.0,29354.202320782697
35000.0,35.0,28949.30553654471
12000.0,12.0,39191.78744513997
12000.0,12.0,40384.96833030926
12000.0,12.0,40016.149112459054
12000.0,12.0,39151.722875326115
12000.0,12.0,40574.684029207136
60000.0,60.0,48723.03787456566
60000.0,60.0,49254.14968922253
60000.0,60.0,48481.914397676584
60000.0,60.0,48981.884797986095
60000.0,60.0,48905.967591590605
119000.0,119.0,39690.287795839016
110000.0,110.0,39837.752304623966
120000.0,120.0,42882.26764928544
132000.0,132.0,40902.43269858154
129000.0,129.0,43544.156249796026
180000.0,180.0,38181.56691177809
180000.0,180.0,36229.47496364658
180000.0,180.0,36422.577177098545
180000.0,180.0,36871.92930889942
180000.0,180.0,36002.61212012129
45000.0,45.0,9827.786534250467
48000.0,48.0,9822.43617607669
51000.0,51.0,9841.224923916367
51000.0,51.0,9812.200047323338
47000.0,47.0,9842.389478297935
56000.0,56.0,20293.677034968136
56000.0,56.0,20438.089782458523
56000.0,56.0,20162.401722314084
56000.0,56.0,20584.89173661109
56000.0,56.0,20161.715522157872
54000.0,54.0,49954.699177002316
66000.0,66.0,49645.76048396636
52000.0,52.0,50140.76982745417
52000.0,52.0,49508.35271188293
57000.0,57.0,50149.911115229384
78000.0,78.0,45811.001502970656
78000.0,78.0,45452.75929468318
79000.0,79.0,45914.78560706185
78000.0,78.0,46834.755770340846
79000.0,79.0,46037.725705869074
40000.0,40.0,12892.940118255783
40000.0,40.0,14135.036164973113
40000.0,40.0,15325.141391743622
40000.0,40.0,13729.578339759639
40000.0,40.0,13279.908850457237
408000.0,408.0,9298.760968697912
547000.0,547.0,9589.830683777058
410000.0,410.0,10233.594682621737
437000.0,437.0,9604.49548272176
458000.0,458.0,9193.840352414358
55000.0,55.0,11037.498674726901
55000.0,55.0,10712.080478270374
55000.0,55.0,10570.75379168555
55000.0,55.0,10704.139265192232
55000.0,55.0,10468.451758102554
70000.0,70.0,37930.38820354787
70000.0,70.0,38485.83416059141
70000.0,70.0,38086.58843494871
70000.0,70.0,38078.71601136878
70000.0,70.0,38114.601380572305
2.02e6,2020.0,221.26052166961657
2.06e6,2060.0,223.23452512483135
1.49e6,1490.0,224.9904305285372
2.05e6,2050.0,229.53814268634767
2.12e6,2120.0,222.50808070223738
80000.0,80.0,54476.324882116045
80000.0,80.0,50941.745688839306
80000.0,80.0,52444.7678938136
80000.0,80.0,52459.91649788879
80000.0,80.0,51800.74225576959
1.64e6,1640.0,18528.14486132523
1.64e6,1640.0,19963.614209144434
1.64e6,1640.0,20764.891207334204
1.64e6,1640.0,19990.31475629984
1.64e6,1640.0,18922.15898516583
72000.0,72.0,100589.95048550253
68000.0,68.0,93890.26646101437
47000.0,47.0,95310.93664849715
56000.0,56.0,94947.68192706477
47000.0,47.0,94285.97184572145
119000.0,119.0,14946.909790635382
123000.0,123.0,15050.754348178207
127000.0,127.0,15550.793385828301
119000.0,119.0,15554.661082910654
125000.0,125.0,15962.770419628456
3.02e6,3020.0,2356.414759383116
3.01e6,3010.0,2308.6497711855554
3.1e6,3100.0,2322.3586099083223
2.96e6,2960.0,2347.5904301149526
3.12e6,3120.0,2394.59268574894
206000.0,206.0,57062.0096220175
206000.0,206.0,67200.49951861046
205000.0,205.0,48129.42529920528
205000.0,205.0,57699.51963819487
205000.0,205.0,51919.57294591528
421000.0,421.0,2544.3699682955553
420000.0,420.0,2725.232270398843
420000.0,420.0,2859.24192860073
420000.0,420.0,2722.8512075023996
420000.0,420.0,2561.2745319561905
70000.0,70.0,5188.656980487012
70000.0,70.0,5241.019163087854
70000.0,70.0,5653.550070983084
70000.0,70.0,5434.403225187798
70000.0,70.0,5750.935427114267
105000.0,105.0,75908.4342562675
122000.0,122.0,69582.65257645222
113000.0,113.0,75708.42503228785
120000.0,120.0,65281.8857461982
104000.0,104.0,71976.26460115329
127000.0,127.0,21712.462845086204
127000.0,127.0,22070.654226673174
127000.0,127.0,22038.436631183416
127000.0,127.0,21926.61808180117
127000.0,127.0,22131.717297441246
3.09e6,3090.0,60.86814438956946
3.09e6,3090.0,65.03953087170973
3.09e6,3090.0,67.91184119814939
3.09e6,3090.0,64.95334063642484
3.1e6,3100.0,61.99930509148573
323000.0,323.0,10625.943839278578
329000.0,329.0,10587.329169726321
380000.0,380.0,10724.146516567824
321000.0,321.0,10528.672929823404
331000.0,331.0,11015.8418036524
85000.0,85.0,23653.141527943335
85000.0,85.0,23900.938579441034
85000.0,85.0,23564.77460372768
85000.0,85.0,23732.844802060314
85000.0,85.0,23326.310172787194
1.27e6,1270.0,4173.819918122159
1.27e6,1270.0,4302.916465429662
1.28e6,1280.0,4479.89687500274
1.28e6,1280.0,4324.286944521218
1.28e6,1280.0,4272.679627840352
14000.0,14.0,84718.61097067385
13000.0,13.0,84462.45053290683
13000.0,13.0,84868.54471413506
14000.0,14.0,84164.97709948171
14000.0,14.0,84745.3177570127
110000.0,110.0,41140.31753419656
110000.0,110.0,41305.26596066801
110000.0,110.0,44460.774487940995
111000.0,111.0,42421.34943796546
110000.0,110.0,45146.96211463934
7.45e6,7450.0,266.2743685241902
6.53e6,6530.0,267.29475017296966
6.28e6,6280.0,268.7776409410613
6.31e6,6310.0,274.6240530162422
6.97e6,6970.0,268.6061061926753
107000.0,107.0,38872.165808921585
108000.0,108.0,38973.24363512614
107000.0,107.0,42002.95686246389
107000.0,107.0,40003.90683729762
108000.0,108.0,42643.186901615285
404000.0,404.0,15834.286098949147
403000.0,403.0,18346.692587872945
403000.0,403.0,17155.055743568875
404000.0,404.0,16177.435462797279
404000.0,404.0,17377.269125135615
175000.0,175.0,4888.701787286669
174000.0,174.0,5013.778442491081
159000.0,159.0,4936.861772969269
162000.0,162.0,5031.231080387035
176000.0,176.0,4961.330190718005
344000.0,344.0,15487.07814911489
344000.0,344.0,16979.09148104529
344000.0,344.0,18408.65312358851
344000.0,344.0,16492.053073385276
344000.0,344.0,15951.907345706135
76000.0,76.0,31224.92491777857
71000.0,71.0,31256.612065403075
76000.0,76.0,31092.505836619806
71000.0,71.0,30818.23961928409
72000.0,72.0,31137.4341845524
17000.0,17.0,18366.684566046657
16000.0,16.0,18255.54894558406
16000.0,16.0,18584.918588622477
15000.0,15.0,18217.899800764964
16000.0,16.0,18534.8558880492
61000.0,61.0,42971.79541269478
60000.0,60.0,43115.518945247706
59000.0,59.0,46430.98370452474
59000.0,59.0,44254.04137620484
60000.0,60.0,47137.64900547954
13000.0,13.0,16416.902281477152
19000.0,19.0,15814.622820356066
29000.0,29.0,16193.697416695923
43000.0,43.0,16139.466540813786
43000.0,43.0,15932.756977490448
2.87e6,2870.0,231.9679936172482
2.96e6,2960.0,234.03752512447045
3.01e6,3010.0,235.87840414981932
3.19e6,3190.0,240.64619397891173
3.05e6,3050.0,233.2759258391033
194000.0,194.0,43090.96729258331
204000.0,204.0,43263.736674932756
220000.0,220.0,46568.86222791771
221000.0,221.0,44432.73875120604
176000.0,176.0,47287.58513408041
26000.0,26.0,77485.3275459652
25000.0,25.0,70973.10561673276
26000.0,26.0,73491.33661077892
26000.0,26.0,74868.35982682557
25000.0,25.0,74176.75950874138
83000.0,83.0,30682.84125887808
83000.0,83.0,30778.286203451265
83000.0,83.0,33090.88145914704
83000.0,83.0,31583.645699351742
83000.0,83.0,33581.68464429669
360000.0,360.0,32337.211841860306
360000.0,360.0,32443.63800456636
360000.0,360.0,34952.06009315635
360000.0,360.0,33304.6273900494
360000.0,360.0,35485.29070835391
216000.0,216.0,10830.358147426648
215000.0,215.0,12757.387430120167
216000.0,216.0,9138.07448896181
216000.0,216.0,10959.204466901832
216000.0,216.0,9857.021201387017
41000.0,41.0,10782.698230561731
40000.0,40.0,10842.527999019803
38000.0,38.0,10824.709159775966
40000.0,40.0,10849.880941748701
40000.0,40.0,10821.923850578947
69000.0,69.0,31307.388619734364
69000.0,69.0,31407.449054282282
69000.0,69.0,33823.774842415696
70000.0,70.0,32234.77361125592
69000.0,69.0,34347.35071922095
12000.0,12.0,19740.34002003476
12000.0,12.0,20401.456242342847
12000.0,12.0,19782.20598383729
12000.0,12.0,20363.39348646817
12000.0,12.0,19922.25269314652
221000.0,221.0,29455.93044952051
220000.0,220.0,30376.425745010427
221000.0,221.0,29446.21414341061
220000.0,220.0,30131.789856694842
220000.0,220.0,29676.650928588235
761000.0,761.0,593.568349838626
760000.0,760.0,635.2186707799449
760000.0,760.0,667.2329602962034
760000.0,760.0,637.9369681091443
760000.0,760.0,604.4824706866792
135000.0,135.0,78386.7750529011
135000.0,135.0,76618.4370988698
135000.0,135.0,76671.70866859952
135000.0,135.0,75897.6812944375
135000.0,135.0,77288.586501939
21000.0,21.0,51342.2055259761
16000.0,16.0,49777.4023297212
16000.0,16.0,49623.35547081468
20000.0,20.0,50800.46472318143
16000.0,16.0,48936.04384539703
112000.0,112.0,26053.534443953584
113000.0,113.0,26553.906771673228
112000.0,112.0,21775.692730131424
112000.0,112.0,40665.643715990656
113000.0,113.0,39662.12088294799
171000.0,171.0,2664.454356807548
131000.0,131.0,7319.038106804622
135000.0,135.0,5250.550177100939
105000.0,105.0,6229.117589838404
151000.0,151.0,5648.069129556698
27000.0,27.0,9300.47439274301
27000.0,27.0,8300.102161377728
27000.0,27.0,8498.190395882244
27000.0,27.0,8701.16936959071
27000.0,27.0,8387.332356803847
220000.0,220.0,37987.59754972888
220000.0,220.0,38848.358496268695
220000.0,220.0,37656.09114912309
220000.0,220.0,38609.80818335151
220000.0,220.0,37676.2884583489
31000.0,31.0,34524.857687409676
31000.0,31.0,34837.5706349796
33000.0,33.0,33985.243764085084
32000.0,32.0,34503.684610696684
33000.0,33.0,34163.11499939383
80000.0,80.0,21034.59307135887
80000.0,80.0,20975.672634558236
80000.0,80.0,22619.9424859604
80000.0,80.0,21358.949795944052
80000.0,80.0,22908.80604338467
106000.0,106.0,53692.94951564085
106000.0,106.0,29809.778785445942
106000.0,106.0,32152.580460068348
106000.0,106.0,30630.59254922796
106000.0,106.0,32627.20789453359
24000.0,24.0,78107.80077794885
24000.0,24.0,73904.05761833947
24000.0,24.0,73361.12740753267
24000.0,24.0,75376.12165082767
24000.0,24.0,72951.04067115377
26000.0,26.0,56832.94462977826
26000.0,26.0,55284.764835433896
26000.0,26.0,56478.57294312541
26000.0,26.0,56577.150360288746
26000.0,26.0,56124.7229924647
136000.0,136.0,57947.60027015286
136000.0,136.0,54127.40300427129
136000.0,136.0,54160.17570959021
136000.0,136.0,56419.71315381869
136000.0,136.0,54320.069282697084
56000.0,56.0,24009.653244433182
56000.0,56.0,23425.23073398757
56000.0,56.0,23651.949993798225
56000.0,56.0,23509.420843155818
56000.0,56.0,23337.61784988263
90000.0,90.0,12466.081998690537
69000.0,69.0,11889.016439500323
78000.0,78.0,12291.649982381
70000.0,70.0,11975.62265451651
83000.0,83.0,12131.440004508931
142000.0,142.0,4875.704883945034
96000.0,96.0,13475.46315084279
111000.0,111.0,5787.053068856538
121000.0,121.0,11563.455600034169
137000.0,137.0,10389.305521420087
25000.0,25.0,81264.81695801814
25000.0,25.0,77486.64847241688
25000.0,25.0,78733.50287334237
25000.0,25.0,77916.99736926661
26000.0,26.0,77141.41373294588
189000.0,189.0,11980.366891157477
189000.0,189.0,14011.583616034093
189000.0,189.0,10056.073592159182
189000.0,189.0,11924.422194247805
189000.0,189.0,10817.880675201022
16000.0,16.0,31112.864583564013
16000.0,16.0,31020.442794816157
15000.0,15.0,31157.464307895778
15000.0,15.0,30907.224912169637
16000.0,16.0,31111.1100962813
73000.0,73.0,3389.381480579445
73000.0,73.0,3588.8965516281974
73000.0,73.0,3704.644295543945
73000.0,73.0,3576.270731884387
73000.0,73.0,3454.3892585434437
31000.0,31.0,30412.740543949534
31000.0,31.0,29910.867685127796
31000.0,31.0,29616.98133422857
30000.0,30.0,30153.57107916196
31000.0,31.0,29333.93593069752
4.73e6,4730.0,267.23787347689114
4.43e6,4430.0,268.26194734275373
5.69e6,5690.0,269.75020390180475
5.32e6,5320.0,275.61777102477043
4.23e6,4230.0,269.578048460633
46000.0,46.0,28262.162602837347
51000.0,51.0,28236.410273422534
58000.0,58.0,28404.211598776932
58000.0,58.0,28311.70862202609
47000.0,47.0,28296.1912982506
100000.0,100.0,35414.53472348445
100000.0,100.0,35296.67501041678
100000.0,100.0,38100.18765468544
100000.0,100.0,35945.325093525826
100000.0,100.0,38578.81793276857
108000.0,108.0,37017.498975454684
101000.0,101.0,43569.71149000368
100000.0,100.0,31225.04841267688
107000.0,107.0,37382.49111072296
107000.0,107.0,33671.53699532206
62000.0,62.0,71836.77040303465
62000.0,62.0,72398.09359061957
62000.0,62.0,72390.4051642492
62000.0,62.0,73145.16171011496
62000.0,62.0,72571.2047219518
12000.0,12.0,65969.27809113814
12000.0,12.0,65620.86487385273
12000.0,12.0,64450.54521709436
12000.0,12.0,65793.84665049567
12000.0,12.0,64507.00090875761
95000.0,95.0,98520.1351512177
95000.0,95.0,100813.23749760484
94000.0,94.0,97836.10165951891
95000.0,95.0,100248.76229475584
95000.0,95.0,97946.7454218584
50000.0,50.0,73972.77599923976
50000.0,50.0,74447.89754021594
50000.0,50.0,74300.80518959298
50000.0,50.0,74557.78439983787
50000.0,50.0,74288.71626516439
374000.0,374.0,18165.716323838627
364000.0,364.0,18322.600657059163
411000.0,411.0,19044.778986756446
508000.0,508.0,18291.592509872924
512000.0,512.0,18285.65641133037
7600.0,7.6,18659.684310555414
7600.0,7.6,18546.90492981437
7600.0,7.6,18882.427285617046
7600.0,7.6,18506.169897043776
7600.0,7.6,18829.4587944691
953000.0,953.0,2143.523445780261
952000.0,952.0,2268.0436750144936
952000.0,952.0,2360.205932936542
952000.0,952.0,2273.1774472446355
952000.0,952.0,2188.143390776585
2.9e6,2900.0,239.9825505114256
2.78e6,2780.0,235.21303172826234
2.79e6,2790.0,235.74469906142212
3.24e6,3240.0,238.5273528967664
3.33e6,3330.0,244.05914102451837
140000.0,140.0,20478.290824192507
128000.0,128.0,22444.368645764156
136000.0,136.0,24348.725204190865
140000.0,140.0,21803.33392096813
136000.0,136.0,21098.735465861802
101000.0,101.0,97355.53677670995
100000.0,100.0,99621.53254979523
101000.0,101.0,96679.5891883782
102000.0,102.0,99063.7299616628
101000.0,101.0,96788.92503994821
29000.0,29.0,87853.55981805794
29000.0,29.0,89140.07195051899
29000.0,29.0,88215.34747758115
29000.0,29.0,88197.11353723276
29000.0,29.0,88280.23046746291
1.19e6,1190.0,4767.133973460661
1.03e6,1030.0,4642.008743309239
1.03e6,1030.0,4666.464565461873
1.03e6,1030.0,4719.805685977923
1.07e6,1070.0,4836.0116689587385
211000.0,211.0,39806.3259910716
211000.0,211.0,39936.676163610704
212000.0,212.0,43030.797647785046
211000.0,211.0,41025.00773415345
211000.0,211.0,43688.35436130827
22000.0,22.0,31544.737359930325
22000.0,22.0,30527.525122744595
22000.0,22.0,31233.26573483144
22000.0,22.0,31908.22631878022
22000.0,22.0,31307.109965470037
3.03e6,3030.0,228.29518944495123
2.97e6,2970.0,230.3319535697605
3.14e6,3140.0,232.14368552158606
3.04e6,3040.0,236.83598580531546
2.95e6,2950.0,229.58241286622308
224000.0,224.0,29048.95409687833
224000.0,224.0,28699.806457442755
224000.0,224.0,29091.834639642733
224000.0,224.0,29331.873864335
224000.0,224.0,28927.010872702176
1.71e6,1710.0,588.7019006348496
1.71e6,1710.0,630.0107458704017
1.71e6,1710.0,661.7625619684461
1.71e6,1710.0,632.7067568767591
1.72e6,1720.0,599.5265406089222
273000.0,273.0,16318.838007698385
273000.0,273.0,17295.62539577364
273000.0,273.0,15572.782186615026
274000.0,274.0,16119.376159411562
273000.0,273.0,16077.077081015907
150000.0,150.0,73432.69493928064
150000.0,150.0,46828.7408838325
150000.0,150.0,71495.32182743726
150000.0,150.0,71158.86932325225
150000.0,150.0,70792.32703831446
9900.0,9.9,10756.558998802708
9900.0,9.9,10808.805352361227
9900.0,9.9,10651.0112568197
9900.0,9.9,10810.4192102154
9900.0,9.9,10673.71809998289
16000.0,16.0,9522.566946030609
20000.0,20.0,9688.282874284514
24000.0,24.0,9565.77143166023
21000.0,21.0,9618.89717150981
16000.0,16.0,9588.898332197961
35000.0,35.0,101270.62520379967
35000.0,35.0,97635.94514388939
35000.0,35.0,98916.45650260226
35000.0,35.0,102186.43644884526
35000.0,35.0,93586.79491919487
1.23e6,1230.0,2537.063243861585
1.41e6,1410.0,2481.788592354468
1.36e6,1360.0,2561.312855279468
1.31e6,1310.0,2531.607380276402
1.35e6,1350.0,2528.673624753947
64000.0,64.0,17958.53196930778
63000.0,63.0,17675.938516172868
64000.0,64.0,17904.498040252438
64000.0,64.0,18020.20945282529
64000.0,64.0,17907.08935654617
274000.0,274.0,2235.1907612583645
273000.0,273.0,2258.513840893093
273000.0,273.0,2407.3475858217116
274000.0,274.0,2267.209930559211
274000.0,274.0,2235.0616985968977
150000.0,150.0,66827.56377711902
150000.0,150.0,62180.05677973771
150000.0,150.0,64488.45985754633
150000.0,150.0,64743.07259521893
150000.0,150.0,63374.47988171604
80000.0,80.0,9473.634547717369
80000.0,80.0,9505.88798915454
80000.0,80.0,10219.86783012714
80000.0,80.0,9757.425921696093
80000.0,80.0,10371.433681320575
3.55e6,3550.0,240.1213844753166
3.63e6,3630.0,238.02462855912663
3.21e6,3210.0,239.8898954940649
3.2e6,3200.0,244.75387987687358
3.94e6,3940.0,241.54071626506965
43000.0,43.0,89613.83277438725
43000.0,43.0,92615.05557653868
43000.0,43.0,89803.88874481787
43000.0,43.0,92442.26476156672
43000.0,43.0,90439.64893820373
22000.0,22.0,56805.31374043711
22000.0,22.0,57193.52906250248
22000.0,22.0,57140.00775255761
23000.0,23.0,57284.0355359625
22000.0,22.0,57172.79095615013
204000.0,204.0,33907.043504945505
204000.0,204.0,34038.0542666545
204000.0,204.0,36646.09440356226
204000.0,204.0,34966.800858439296
204000.0,204.0,37218.93143484239
2.63e6,2630.0,918.0282444790861
2.63e6,2630.0,927.2658349286439
2.62e6,2620.0,930.548228280898
2.63e6,2630.0,944.5896285615081
2.63e6,2630.0,930.89204528748
58000.0,58.0,53374.9827694066
38000.0,38.0,55642.8772938947
42000.0,42.0,53670.54455910431
42000.0,42.0,56141.542968889815
24000.0,24.0,53704.801227685464
41000.0,41.0,36636.92806254307
39000.0,39.0,36753.76609096756
37000.0,37.0,39579.53146735239
39000.0,39.0,37726.98685838669
41000.0,41.0,40196.69559423757
110000.0,110.0,42515.81262088376
110000.0,110.0,41262.38033317584
110000.0,110.0,41455.111657260524
110000.0,110.0,41537.68216058235
110000.0,110.0,41026.01227626743
127000.0,127.0,19623.2927363103
127000.0,127.0,19684.334804473354
127000.0,127.0,21163.361251217095
127000.0,127.0,20199.404612144757
127000.0,127.0,21477.255733701448
86000.0,86.0,66860.6444401142
209000.0,209.0,65346.63221608463
119000.0,119.0,64373.35084612684
129000.0,129.0,65892.16552779518
133000.0,133.0,63913.66552508002
18000.0,18.0,28091.290058195005
18000.0,18.0,28227.734015082966
18000.0,18.0,27815.646868271335
18000.0,18.0,28231.9486853227
18000.0,18.0,27874.946921166895
24000.0,24.0,44000.852049487774
23000.0,23.0,43766.00310525256
18000.0,18.0,42779.48097083927
18000.0,18.0,43416.07089245087
18000.0,18.0,44215.23235319352
75000.0,75.0,34300.06305189224
75000.0,75.0,32952.121789961064
75000.0,75.0,33819.606162042975
75000.0,75.0,33513.25737751769
75000.0,75.0,33218.80859171199
34000.0,34.0,14153.612069430063
34000.0,34.0,13401.1708780047
34000.0,34.0,13887.252988710781
34000.0,34.0,13453.196532531396
34000.0,34.0,13562.444508279603
280000.0,280.0,33793.276358253046
284000.0,284.0,39528.50462884844
274000.0,274.0,28363.52713269232
276000.0,276.0,33631.666616189075
277000.0,277.0,30506.28229321848
764000.0,764.0,3625.4640905521564
767000.0,767.0,3859.511855709108
772000.0,772.0,3972.0146548042967
761000.0,761.0,3830.2271712081474
771000.0,771.0,3697.4346041474532
102000.0,102.0,9917.828477282661
98000.0,98.0,9952.293274351885
98000.0,98.0,10703.403438003561
105000.0,105.0,10223.402073317184
104000.0,104.0,10863.522477244938
136000.0,136.0,10621.146200487583
136000.0,136.0,10231.49301863637
136000.0,136.0,10476.740668868119
137000.0,137.0,10441.655239750677
136000.0,136.0,10307.921575783315
276000.0,276.0,5371.9490588669705
275000.0,275.0,5818.389045765974
276000.0,276.0,6086.72403890474
275000.0,275.0,5804.9082218365265
275000.0,275.0,5483.593861473022
43000.0,43.0,33471.532035968725
44000.0,44.0,33847.36651248114
44000.0,44.0,36687.37788411003
43000.0,43.0,34615.274391831335
43000.0,43.0,37168.25813469894
73000.0,73.0,39521.079542246465
73000.0,73.0,39888.17279082742
74000.0,74.0,39632.44680740422
73000.0,73.0,39252.3123781679
74000.0,74.0,39820.26272093231
79000.0,79.0,47329.30424773781
80000.0,80.0,55668.37831017551
80000.0,80.0,39911.41145423697
79000.0,79.0,47758.74953777913
79000.0,79.0,43037.90353236199
47000.0,47.0,18069.579367408536
47000.0,47.0,17301.299324409236
47000.0,47.0,17472.103120973286
47000.0,47.0,17356.063645642298
47000.0,47.0,17303.509254853674
734000.0,734.0,3394.3465373471327
733000.0,733.0,3359.161851811724
733000.0,733.0,3099.766743904213
734000.0,734.0,3457.5679739834786
733000.0,733.0,3358.864577840858
68000.0,68.0,51681.63313093015
49000.0,49.0,50940.96936701032
46000.0,46.0,51508.99943788787
52000.0,52.0,50898.89272867953
58000.0,58.0,51349.49138755348
500000.0,500.0,13860.388612492765
500000.0,500.0,14688.810833803853
500000.0,500.0,15144.863270960892
500000.0,500.0,14562.031211087191
500000.0,500.0,13963.333918552049
205000.0,205.0,1278.3795882036343
205000.0,205.0,1335.2942069980693
205000.0,205.0,1370.5679798023239
205000.0,205.0,1368.0282226777583
205000.0,205.0,1372.0765537443267
50000.0,50.0,55077.98096568575
50000.0,50.0,51477.97621019669
50000.0,50.0,51570.738797888764
50000.0,50.0,53687.30880524657
50000.0,50.0,51753.7230068888
58000.0,58.0,118979.57707699876
55000.0,55.0,69582.65257645222
63000.0,63.0,115499.5807735228
60000.0,60.0,68655.40049431662
61000.0,61.0,115800.05794073493
10000.0,10.0,41895.63756595763
12000.0,12.0,44274.16122094297
15000.0,15.0,43149.38367687483
10000.0,10.0,42515.030875252174
10000.0,10.0,44052.67231873725
224000.0,224.0,5298.637948898882
184000.0,184.0,5283.795823770127
196000.0,196.0,5697.989271835107
108000.0,108.0,5380.343777199774
111000.0,111.0,5770.754330908496
210000.0,210.0,40551.3224045672
210000.0,210.0,40692.39757731785
210000.0,210.0,43843.23570513595
210000.0,210.0,41796.21519980724
210000.0,210.0,44510.75388627869
82000.0,82.0,18675.58563598257
85000.0,85.0,17684.964856761875
79000.0,79.0,17999.11666436291
83000.0,83.0,17771.619785368115
80000.0,80.0,17824.17963435603
56000.0,56.0,106937.46854491404
56000.0,56.0,106371.66419143097
56000.0,56.0,103276.12693201294
56000.0,56.0,105975.89062372776
56000.0,56.0,103318.0923965439
42000.0,42.0,29467.050856805683
42000.0,42.0,29044.75040929609
42000.0,42.0,29368.621192255658
42000.0,42.0,29020.759788906133
42000.0,42.0,29277.675307876092
15000.0,15.0,64035.76521371199
15000.0,15.0,64467.2849608848
15000.0,15.0,64384.14896650285
16000.0,16.0,64556.9522572749
15000.0,15.0,64435.2679492043
143000.0,143.0,1252.1953079368068
143000.0,143.0,1275.7159223427993
143000.0,143.0,1310.31773773526
143000.0,143.0,1308.6412206858759
143000.0,143.0,1342.6736292924577
398000.0,398.0,4395.864590955923
398000.0,398.0,4819.358842868241
398000.0,398.0,5225.126757547722
398000.0,398.0,4681.117473511519
398000.0,398.0,4527.80208016235
448000.0,448.0,2580.556585257181
448000.0,448.0,2769.346034652857
447000.0,447.0,2912.1924099431926
448000.0,448.0,2774.856746166393
448000.0,448.0,2599.207606876266
135000.0,135.0,32345.442805064486
229000.0,229.0,32465.61842231413
188000.0,188.0,34946.73414151565
174000.0,174.0,33333.275491609515
187000.0,187.0,35486.13763441206
34000.0,34.0,40532.57641364589
33000.0,33.0,40671.995793311406
34000.0,34.0,43815.0762516094
34000.0,34.0,41753.979674453316
34000.0,34.0,44472.1395940939
76000.0,76.0,79742.02333706371
80000.0,80.0,79218.52163100346
83000.0,83.0,78985.06235761911
80000.0,80.0,78850.88266038273
85000.0,85.0,79033.65725161864
3.86e6,3860.0,276.48776274088317
4.44e6,4440.0,278.0849954344967
4.16e6,4160.0,280.26942653939295
4.17e6,4170.0,286.52904699914967
3.83e6,3830.0,279.0706376577428
163000.0,163.0,18786.427149544197
164000.0,164.0,19912.23243113559
163000.0,163.0,20740.280753087325
163000.0,163.0,19940.30706339066
164000.0,164.0,19039.062114201606
51000.0,51.0,66352.96702274012
51000.0,51.0,69582.65257645222
51000.0,51.0,75438.3315848046
51000.0,51.0,68655.40049431662
50000.0,50.0,76617.55328941182
60000.0,60.0,127022.54867745367
60000.0,60.0,121469.64503271737
60000.0,60.0,120309.2121217048
60000.0,60.0,122689.6581444494
60000.0,60.0,118679.31222072414
43000.0,43.0,38977.559289580066
43000.0,43.0,38418.96111798802
44000.0,44.0,38847.36139144306
43000.0,43.0,38387.22751040078
43000.0,43.0,38727.0626680393
138000.0,138.0,35877.083483013645
165000.0,165.0,34285.57212496833
177000.0,177.0,35013.64299347588
132000.0,132.0,34976.35809588738
111000.0,111.0,34494.070777248875
130000.0,130.0,17110.54658652269
130000.0,130.0,16723.090304748053
130000.0,130.0,16474.014389283708
130000.0,130.0,16862.699685164418
130000.0,130.0,16356.374675117379
1.52e6,1520.0,222.7468153153865
2.13e6,2130.0,224.7340789255087
1.67e6,1670.0,226.50177943402764
2.58e6,2580.0,231.08004035685028
2.22e6,2220.0,224.00275469100274
94000.0,94.0,22293.828102172953
94000.0,94.0,21111.28262291175
94000.0,94.0,21486.29878214535
94000.0,94.0,21214.72623749009
94000.0,94.0,21277.469128730685
82000.0,82.0,24254.159028931652
82000.0,82.0,24676.24064833916
82000.0,82.0,24364.20167511759
82000.0,82.0,24499.513944397924
82000.0,82.0,24423.10633041352
2.21e6,2210.0,2434.4426745281075
2.44e6,2440.0,2041.083938870562
2.87e6,2870.0,1929.2954689701546
2.23e6,2230.0,2074.540754081944
2.88e6,2880.0,2050.1155057919727
53000.0,53.0,4012.199152760974
52000.0,52.0,3933.8083570254284
53000.0,53.0,3965.522663897384
53000.0,53.0,3916.0262815290453
53000.0,53.0,4096.472264703863
114000.0,114.0,11254.084492366053
88000.0,88.0,11285.602148748194
91000.0,91.0,12140.296628047396
112000.0,112.0,11583.935000839872
91000.0,91.0,12321.442933874543
278000.0,278.0,62446.40874963443
279000.0,279.0,75830.46854606389
278000.0,278.0,51484.70671742754
279000.0,279.0,65106.4719687592
279000.0,279.0,56780.8590101158
2.34e6,2340.0,220.3846298234652
1.94e6,1940.0,222.350818899876
2.2e6,2200.0,224.0997732975275
2.19e6,2190.0,228.62948267758247
2.18e6,2180.0,221.62725021282515
21000.0,21.0,21495.88992585443
21000.0,21.0,21878.726858984868
21000.0,21.0,21520.930032672826
21000.0,21.0,21798.48563083481
21000.0,21.0,21529.023641092776
27000.0,27.0,12250.300197834213
27000.0,27.0,12135.026328865684
27000.0,27.0,12167.991682364333
27000.0,27.0,12296.972468935975
27000.0,27.0,12167.262306891835
160000.0,160.0,21397.319369158246
159000.0,159.0,21479.99479052536
160000.0,160.0,23125.82002234951
160000.0,160.0,22066.0879848358
160000.0,160.0,23487.31355401037
19000.0,19.0,10295.270475227338
19000.0,19.0,10358.475508061783
20000.0,20.0,10333.25192385851
20000.0,20.0,10365.844336043232
19000.0,19.0,10334.159716151713
100000.0,100.0,16710.540751298184
100000.0,100.0,16243.713141738443
100000.0,100.0,16529.963423516427
100000.0,100.0,16457.365659542204
100000.0,100.0,16341.042295567097
16000.0,16.0,58427.475625345214
18000.0,18.0,58612.38133806396
17000.0,17.0,58874.447863614274
22000.0,22.0,58521.30673306781
21000.0,21.0,58814.185592597685
2.01e6,2010.0,4084.1120854539786
2.0e6,2000.0,4285.4184361356765
2.0e6,2000.0,4461.808847269187
2.0e6,2000.0,4306.561312228676
2.01e6,2010.0,4179.714518179669
39000.0,39.0,22953.5307422567
39000.0,39.0,22574.750208584577
39000.0,39.0,22352.944173697764
39000.0,39.0,22757.92672331409
39000.0,39.0,22139.320170888288
156000.0,156.0,26719.17343373303
156000.0,156.0,24929.928155661626
156000.0,156.0,25694.335649817844
156000.0,156.0,26316.419417648907
156000.0,156.0,25703.70264132358
3500.0,3.5,35030.06319678608
3500.0,3.5,35168.745682893954
3500.0,3.5,37876.833911492395
3500.0,3.5,36135.25507108747
3500.0,3.5,38460.4439367019
46000.0,46.0,81275.79495838094
46000.0,46.0,74281.43032825226
46000.0,46.0,75917.8806244982
46000.0,46.0,79134.45325472449
46000.0,46.0,73637.62794857025
27000.0,27.0,12483.258557942763
27000.0,27.0,11787.387622980432
27000.0,27.0,11794.52457320539
27000.0,27.0,12077.95373151339
27000.0,27.0,11829.344782933267
77000.0,77.0,16222.937145783779
77000.0,77.0,16285.619678170196
77000.0,77.0,17533.445110327524
77000.0,77.0,16729.981557751
77000.0,77.0,17807.520883164492
11000.0,11.0,6031.174771747407
11000.0,11.0,6017.41543898886
23000.0,23.0,6177.27869206307
23000.0,23.0,6143.257541758699
11000.0,11.0,6464.242489048896
77000.0,77.0,44938.84587089984
77000.0,77.0,45082.473322570775
77000.0,77.0,48550.88435760553
77000.0,77.0,46270.02081184345
77000.0,77.0,49302.42885450559
27000.0,27.0,46659.61048639911
27000.0,27.0,46781.563536756476
27000.0,27.0,46101.89170163676
27000.0,27.0,46613.55441659656
27000.0,27.0,46352.66450920272
1.7e6,1700.0,2496.4029708387407
1.7e6,1700.0,2673.855618806379
1.7e6,1700.0,2805.3388987636495
1.7e6,1700.0,2671.5194442081474
1.7e6,1700.0,2512.988846111986
236000.0,236.0,38057.94566636608
220000.0,220.0,39906.18799778554
229000.0,229.0,40947.63586095608
186000.0,186.0,10224.660071626544
185000.0,185.0,39210.28525268604
62000.0,62.0,8411.864510094918
62000.0,62.0,8433.850388791821
62000.0,62.0,8311.318131690768
62000.0,62.0,8403.561452803871
62000.0,62.0,8356.527829287272
1.35e6,1350.0,589.9876033464267
1.35e6,1350.0,631.3866655394473
1.35e6,1350.0,663.2078264043611
1.39e6,1390.0,634.0885645319956
1.31e6,1310.0,600.8358839252799
308000.0,308.0,3439.3114713372743
309000.0,309.0,3676.658062262287
308000.0,308.0,3832.6416631032016
309000.0,309.0,3698.3679339087225
308000.0,308.0,3463.6069173831684
196000.0,196.0,42988.54760371086
196000.0,196.0,43122.9407807199
196000.0,196.0,46455.356396823234
195000.0,195.0,44273.94923722545
195000.0,195.0,47156.115007084394
224000.0,224.0,66352.96702274012
224000.0,224.0,69582.65257645222
224000.0,224.0,75438.3315848046
224000.0,224.0,68655.40049431662
224000.0,224.0,76617.55328941182
5000.0,5.0,56542.17750419635
4900.0,4.9,55960.27804949769
2600.0,2.6,56747.98332376346
6900.0,6.9,56743.394862363835
20000.0,20.0,56847.3226546687
16000.0,16.0,39355.624197942976
16000.0,16.0,38502.05888630306
16000.0,16.0,38785.46911682183
15000.0,15.0,38773.86435166144
15000.0,15.0,38334.34313860797
56000.0,56.0,9778.302886796793
56000.0,56.0,9937.341757218397
56000.0,56.0,9742.52628963765
56000.0,56.0,9936.265338899777
56000.0,56.0,9788.581366878307
18000.0,18.0,44046.63676947794
17000.0,17.0,44256.04087059069
18000.0,18.0,43584.21085650297
17000.0,17.0,44256.22295325698
17000.0,17.0,43680.85655269671
172000.0,172.0,8388.408190354048
180000.0,180.0,8447.995921838856
193000.0,193.0,8980.712305004814
176000.0,176.0,8676.464752337353
193000.0,193.0,9135.249843572421
19000.0,19.0,97610.51854762045
19000.0,19.0,93614.60522546872
19000.0,19.0,92448.24488791636
20000.0,20.0,95813.0314912067
20000.0,20.0,91866.33199812526
41000.0,41.0,22623.582225709466
41000.0,41.0,22870.297133041455
40000.0,40.0,22811.11333376038
41000.0,41.0,22843.894877053892
40000.0,40.0,22870.943495807747
4.4e6,4400.0,229.17142329755794
4.4e6,4400.0,231.2160048524247
4.4e6,4400.0,233.03469052443984
4.41e6,4410.0,237.74500061540698
4.41e6,4410.0,230.4635872904657
37000.0,37.0,55707.17675693029
37000.0,37.0,56605.00764818822
37000.0,37.0,56024.41580444237
37000.0,37.0,56194.48836197193
37000.0,37.0,55906.43685972259
190000.0,190.0,40603.864585222305
191000.0,191.0,47828.44894163502
190000.0,190.0,44416.82954219829
191000.0,191.0,41086.91957168346
190000.0,190.0,36954.74781412295
164000.0,164.0,10433.349369477586
156000.0,156.0,12201.1200257022
180000.0,180.0,8753.608089992627
260000.0,260.0,10381.658745154906
134000.0,134.0,9418.81839996544
12000.0,12.0,18986.714806701326
11000.0,11.0,19257.76257145181
11000.0,11.0,18688.54414303855
12000.0,12.0,19176.77709901363
12000.0,12.0,18637.266264940637
91000.0,91.0,37754.43069607319
91000.0,91.0,36260.41185527709
91000.0,91.0,36758.35641412008
91000.0,91.0,36585.37389233907
91000.0,91.0,36396.92111520336
76000.0,76.0,60141.77742772721
76000.0,76.0,60333.574258744375
75000.0,75.0,64972.242436365574
76000.0,76.0,61931.17618329017
75000.0,75.0,65985.35542149746
46000.0,46.0,45098.82607994522
46000.0,46.0,45174.471729314835
46000.0,46.0,45511.07979523508
46000.0,46.0,44211.369190991965
46000.0,46.0,45548.937118942005
17000.0,17.0,66195.02536169055
17000.0,17.0,63805.83344831713
15000.0,15.0,65447.32808914278
16000.0,16.0,63976.459532142624
17000.0,17.0,63636.30642152815
1.44e6,1440.0,3946.96636772258
1.45e6,1450.0,4141.512790329223
1.44e6,1440.0,4311.979958165369
1.44e6,1440.0,4161.945682255282
1.45e6,1450.0,4039.358441873703
1.25e6,1250.0,297.90781984203846
1.0e6,1000.0,301.2394380246287
1.44e6,1440.0,302.6933536408082
1.78e6,1780.0,309.11895233921166
960000.0,960.0,300.88892645896584
1400.0,1.4,12170.082091655358
1500.0,1.5,12447.513030357224
1300.0,1.3,12080.431957915305
4300.0,4.3,12371.309427117647
4800.0,4.8,12135.054977083159
476000.0,476.0,44259.29127907423
476000.0,476.0,52123.05879156851
476000.0,476.0,37330.86632458941
476000.0,476.0,44753.7663542814
476000.0,476.0,40270.637457741184
410000.0,410.0,20599.191386189752
410000.0,410.0,22314.424321229304
410000.0,410.0,23140.30433563937
410000.0,410.0,22253.01476034026
410000.0,410.0,21051.109648963025
111000.0,111.0,12066.456448988623
110000.0,110.0,11902.3232873067
110000.0,110.0,11975.944041962663
111000.0,111.0,11963.053747752081
111000.0,111.0,11875.581185034207
20000.0,20.0,38331.36691851739
20000.0,20.0,40107.49382924349
20000.0,20.0,39104.82560746295
20000.0,20.0,38378.992455774205
21000.0,21.0,39839.04949164532
48000.0,48.0,19676.77845589555
48000.0,48.0,19830.5302454359
48000.0,48.0,19828.424311921408
48000.0,48.0,20035.159348279758
48000.0,48.0,19877.947039932125
30000.0,30.0,11295.657721608228
30000.0,30.0,11479.375557464935
30000.0,30.0,11254.329466528381
30000.0,30.0,11478.132105197887
30000.0,30.0,11307.531171862669
126000.0,126.0,58026.48784566131
125000.0,125.0,53505.27758136475
125000.0,125.0,53879.202993939
125000.0,125.0,55607.23801341617
125000.0,125.0,54108.711944428556
213000.0,213.0,48902.10452552383
212000.0,212.0,50573.442262039964
214000.0,214.0,46098.50116084847
212000.0,212.0,47909.31606601885
213000.0,213.0,47924.92951622817
151000.0,151.0,44141.00400366663
142000.0,142.0,43984.69718066865
136000.0,136.0,48331.6732819732
171000.0,171.0,45102.71592790254
152000.0,152.0,48908.88811738801
6.03e6,6030.0,266.2743685241902
6.68e6,6680.0,267.29475017296966
4.98e6,4980.0,268.7776409410613
5.67e6,5670.0,274.6240530162422
5.18e6,5180.0,268.6061061926753
314000.0,314.0,6765.958443905764
314000.0,314.0,6746.027808295919
314000.0,314.0,7276.375384009543
314000.0,314.0,6871.067941324735
293000.0,293.0,7370.734203038239
39000.0,39.0,63703.310307719454
39000.0,39.0,59140.845835898755
38000.0,38.0,61027.4496323288
38000.0,38.0,60697.648913544515
39000.0,39.0,59645.611176784
113000.0,113.0,65868.10975949401
113000.0,113.0,66088.4123399727
113000.0,113.0,71170.4293832559
113000.0,113.0,67833.56447349922
113000.0,113.0,72253.62144352448
48000.0,48.0,13692.906006382807
41000.0,41.0,13310.379391952973
32000.0,32.0,13544.9378219297
38000.0,38.0,13485.449958959409
36000.0,36.0,13390.132583360204
56000.0,56.0,51028.65523581282
56000.0,56.0,51391.54933924991
56000.0,56.0,51332.39529249279
56000.0,56.0,51485.15023654931
58000.0,58.0,51350.78647999158
95000.0,95.0,35136.09908540106
95000.0,95.0,35269.98522195005
95000.0,95.0,37978.86787141891
95000.0,95.0,36219.51754290849
95000.0,95.0,38556.58581159487
347000.0,347.0,239.19087987836332
396000.0,396.0,234.43709510563724
389000.0,389.0,234.96700853871835
389000.0,389.0,237.74048276780064
347000.0,347.0,243.25402225955926
300000.0,300.0,9153.433464601614
301000.0,301.0,10708.199321702716
300000.0,300.0,7681.875271659825
301000.0,301.0,9113.579103830541
301000.0,301.0,8263.46975373981
1.13e6,1130.0,4602.234630411727
1.14e6,1140.0,4745.994802603211
1.13e6,1130.0,4924.117956346804
1.13e6,1130.0,4742.794474167432
1.13e6,1130.0,4688.482555287267
395000.0,395.0,3555.6597336227173
395000.0,395.0,3727.305385691867
395000.0,395.0,3876.4292976353076
395000.0,395.0,3738.721223615474
395000.0,395.0,3579.6719326334824
34000.0,34.0,106937.46854491404
34000.0,34.0,106371.66419143097
35000.0,35.0,103276.12693201294
35000.0,35.0,105975.89062372776
35000.0,35.0,103318.0923965439
95000.0,95.0,15464.30520708641
95000.0,95.0,15518.044202673962
95000.0,95.0,16689.207511402266
95000.0,95.0,15940.768715517595
95000.0,95.0,16938.87201184869
41000.0,41.0,24848.80247287996
42000.0,42.0,23211.745704742116
40000.0,40.0,24178.205218096882
40000.0,40.0,23220.68777653748
41000.0,41.0,23629.44250440815
714000.0,714.0,594.7048565169733
711000.0,711.0,636.434925423152
772000.0,772.0,668.510512772841
768000.0,768.0,639.1584274824714
748000.0,748.0,605.6398746572013
158000.0,158.0,46985.288191355874
157000.0,157.0,47173.67150531619
134000.0,134.0,50777.49584189219
155000.0,155.0,48448.32145868232
140000.0,140.0,51561.17290921102
188000.0,188.0,17494.68595844483
188000.0,188.0,17142.72171822204
187000.0,187.0,17397.185591192618
188000.0,188.0,17554.377641971314
188000.0,188.0,17241.907363560964
125000.0,125.0,53397.344853727474
125000.0,125.0,62884.715608638915
125000.0,125.0,45038.43340494171
125000.0,125.0,53993.91238450702
125000.0,125.0,48585.16830401942
200000.0,200.0,41842.447038871775
200000.0,200.0,41985.552945091986
200000.0,200.0,45228.896097388686
200000.0,200.0,43118.58642943006
200000.0,200.0,45911.08773291914
31000.0,31.0,16290.433190734082
35000.0,35.0,14631.833171768152
33000.0,33.0,14937.34875567236
31000.0,31.0,15469.956250130183
35000.0,35.0,14771.480800340352
307000.0,307.0,4899.735394058766
300000.0,300.0,5368.955466744495
335000.0,335.0,5823.488918777226
298000.0,298.0,5213.700014997267
391000.0,391.0,5047.094368933565
92000.0,92.0,59048.36239207347
92000.0,92.0,56711.69979895724
92000.0,92.0,57490.49079698386
92000.0,92.0,57219.94414999964
92000.0,92.0,56925.20184630342
339000.0,339.0,6256.357985393483
333000.0,333.0,7319.038106804622
333000.0,333.0,5250.550177100939
342000.0,342.0,6229.117589838404
335000.0,335.0,5648.069129556698
1.78e6,1780.0,17765.736735208466
1.79e6,1790.0,18366.3877634762
1.81e6,1810.0,19143.328624787584
1.81e6,1810.0,18415.527594559895
1.82e6,1820.0,17987.236789172784
1.01e6,1010.0,30018.458960854226
1.0e6,1000.0,32169.716484223445
1.0e6,1000.0,33071.921362023015
1.01e6,1010.0,31845.99093954745
1.0e6,1000.0,30666.17684611967
58000.0,58.0,48881.41640612658
58000.0,58.0,48810.87464782237
58000.0,58.0,48809.84305872883
58000.0,58.0,49992.48467992653
58000.0,58.0,48930.519569566386
40000.0,40.0,40992.28517307659
40000.0,40.0,39994.48591434274
41000.0,41.0,40381.56941187481
40000.0,40.0,40138.22580632044
41000.0,41.0,39844.90223258348
28000.0,28.0,10823.44462040881
28000.0,28.0,10588.7001062837
29000.0,29.0,10666.642585850263
28000.0,28.0,10663.45108436588
28000.0,28.0,10542.575514331658
114000.0,114.0,8503.961942868737
66000.0,66.0,8569.808787274611
100000.0,100.0,8566.015689811265
81000.0,81.0,8651.669089475445
94000.0,94.0,8586.317318279562
412000.0,412.0,73359.84897462872
412000.0,412.0,72191.34739766414
412000.0,412.0,73621.16580168734
412000.0,412.0,72694.65642160224
412000.0,412.0,72660.24544783804
4.35e6,4350.0,2608.0657592397633
4.35e6,4350.0,2501.756737787093
4.36e6,4360.0,2575.934636904472
4.35e6,4350.0,2544.766155137453
4.33e6,4330.0,2598.639081070829
24000.0,24.0,33836.738287010456
24000.0,24.0,33711.19765204471
24000.0,24.0,33886.5487969501
24000.0,24.0,33589.43792621586
24000.0,24.0,33836.89453596776
29000.0,29.0,38760.15562451444
33000.0,33.0,38884.035583397024
30000.0,30.0,43546.26147474414
27000.0,27.0,39908.305891271484
31000.0,31.0,42523.78489107207
63000.0,63.0,55263.73998057007
63000.0,63.0,51646.93773261816
63000.0,63.0,53107.261385677775
63000.0,63.0,53157.171191802976
63000.0,63.0,52423.948485236324
55000.0,55.0,17635.97777227883
55000.0,55.0,17129.394501833944
55000.0,55.0,17519.516414639394
55000.0,55.0,17447.271850260506
55000.0,55.0,17293.908771483613
23000.0,23.0,14021.94519690414
23000.0,23.0,13486.202459413395
23000.0,23.0,13488.251465170984
23000.0,23.0,13773.330352367198
23000.0,23.0,13323.281515464192
93000.0,93.0,42465.37703955026
66000.0,66.0,42607.40680443909
78000.0,78.0,45883.79913833838
65000.0,65.0,43732.51186077325
65000.0,65.0,46582.13645837848
873000.0,873.0,3294.180106932699
873000.0,873.0,3481.346506757859
873000.0,873.0,3585.397960118958
873000.0,873.0,3459.1846448884166
873000.0,873.0,3355.4166098048104
237000.0,237.0,14168.781015944953
244000.0,244.0,14022.964099956682
246000.0,246.0,14220.353447675881
226000.0,226.0,14219.203635135207
222000.0,222.0,14245.246674077755
234000.0,234.0,15823.568274539093
235000.0,235.0,17217.699939366135
234000.0,234.0,18708.476393401714
235000.0,235.0,16566.868024364696
234000.0,234.0,16171.00259851584
7900.0,7.9,12330.420102656115
7900.0,7.9,12336.750451256008
8000.0,8.0,12559.838743755712
7900.0,7.9,12339.870782296288
8000.0,8.0,12527.204136491782
18000.0,18.0,8488.614113398335
18000.0,18.0,8612.919890731475
17000.0,17.0,8523.570873705408
18000.0,18.0,8521.80906822245
18000.0,18.0,8529.84001823148
77000.0,77.0,41361.55880069007
77000.0,77.0,41497.00175333447
77000.0,77.0,44712.01053693486
77000.0,77.0,42627.85442885514
77000.0,77.0,45395.257985525815
73000.0,73.0,18731.777841035677
72000.0,72.0,20530.033634301293
72000.0,72.0,22270.906109433385
72000.0,72.0,19946.352367957603
73000.0,73.0,19300.4137752479
8200.0,8.2,21772.970254509757
6600.0,6.6,20041.83260915137
20000.0,20.0,20500.63451785429
7800.0,7.8,20907.871956120023
10000.0,10.0,20439.629373870663
28000.0,28.0,9196.54806927592
28000.0,28.0,9310.974909816112
28000.0,28.0,9317.672899008205
28000.0,28.0,9267.120817586618
28000.0,28.0,9301.654182577617
2.49e6,2490.0,605.5928022162228
2.68e6,2680.0,648.0868714820718
2.55e6,2550.0,680.7497034952399
2.99e6,2990.0,650.8602358255284
2.85e6,2850.0,616.7280203084546
346000.0,346.0,27347.612740370492
343000.0,343.0,32208.768796817993
328000.0,328.0,23066.782433984183
347000.0,347.0,27653.782747556626
333000.0,333.0,24876.76757264755
38000.0,38.0,64000.37532139581
38000.0,38.0,62043.76851474758
38000.0,38.0,63282.369187407116
38000.0,38.0,62643.51181871852
38000.0,38.0,62454.1333439286
70000.0,70.0,15967.156530233826
43000.0,43.0,15326.065282685817
34000.0,34.0,15517.973606852785
28000.0,28.0,15454.997884555607
54000.0,54.0,15356.264306786736
80000.0,80.0,6012.96735671312
74000.0,74.0,2786.9983603669357
76000.0,76.0,3028.5459277797127
82000.0,82.0,5978.744764672858
73000.0,73.0,2617.8923616441334
30000.0,30.0,69247.96010708205
30000.0,30.0,71762.24797743547
30000.0,30.0,70598.51094993892
30000.0,30.0,72320.44101053067
30000.0,30.0,71129.07240161911
984000.0,984.0,37514.23381993429
984000.0,984.0,39019.8169990178
984000.0,984.0,40533.640181311464
984000.0,984.0,39007.7240028648
985000.0,985.0,38304.13777944161
57000.0,57.0,40647.57052482652
50000.0,50.0,40329.70636668556
65000.0,65.0,40739.656957168074
62000.0,62.0,41555.93581739326
65000.0,65.0,40848.740281536615
88000.0,88.0,19087.72677234096
88000.0,88.0,19738.949288146843
88000.0,88.0,20502.830650053013
88000.0,88.0,19680.67117369181
89000.0,89.0,19232.350498607382
44000.0,44.0,39721.97572739666
47000.0,47.0,39762.28570771287
45000.0,45.0,39553.52223899013
39000.0,39.0,39204.621607313944
48000.0,48.0,39610.67666772773
350000.0,350.0,26695.781877015306
350000.0,350.0,31441.07218754704
350000.0,350.0,22516.9852413914
350000.0,350.0,26994.654316329146
350000.0,350.0,24283.829350276566
162000.0,162.0,49167.41704371797
162000.0,162.0,49357.39116390991
162000.0,162.0,53139.21888532111
162000.0,162.0,50704.134090628206
162000.0,162.0,53969.86981514715
45000.0,45.0,19770.983361688315
45000.0,45.0,19877.97731618656
45000.0,45.0,19571.479541435063
46000.0,46.0,19900.816280487175
46000.0,46.0,19620.457889061214
1.93e6,1930.0,621.0866476848387
1.66e6,1660.0,651.7750957294429
1.6e6,1600.0,683.0365038283416
1.76e6,1760.0,652.7148752764678
1.81e6,1810.0,632.3115450648836
146000.0,146.0,61278.57410367388
146000.0,146.0,58180.6625553055
146000.0,146.0,58560.70664014084
146000.0,146.0,59244.627220958064
146000.0,146.0,57919.87839606254
55000.0,55.0,15128.598873955565
55000.0,55.0,15263.219097835523
55000.0,55.0,15806.506050803637
55000.0,55.0,15819.44997164028
55000.0,55.0,16166.174960372802
81000.0,81.0,39999.442789167355
81000.0,81.0,38568.56465289405
81000.0,81.0,38190.82461723929
81000.0,81.0,38755.07489425958
81000.0,81.0,37944.989244831995
611000.0,611.0,3884.8016886653595
610000.0,610.0,3538.890617597748
610000.0,610.0,3653.025588906886
611000.0,611.0,3526.4407198678796
611000.0,611.0,3406.2574835275695
48000.0,48.0,88048.81253236231
47000.0,47.0,85357.00166323887
49000.0,49.0,87061.01227070474
48000.0,48.0,86182.10128919719
48000.0,48.0,85921.56297609034
175000.0,175.0,5034.932832692766
176000.0,176.0,5484.156535137092
174000.0,174.0,5956.75985942803
178000.0,178.0,5282.99019601015
175000.0,175.0,5148.248703894737
426000.0,426.0,5703.63266777936
492000.0,492.0,6069.543741465379
420000.0,420.0,6349.277021877927
411000.0,411.0,6055.678846141537
416000.0,416.0,5823.748333314412
336000.0,336.0,62446.40874963443
216000.0,216.0,76114.31499318295
237000.0,237.0,51484.70671742754
213000.0,213.0,65281.8857461982
232000.0,232.0,56780.8590101158
100000.0,100.0,77028.69441859816
100000.0,100.0,73600.01148907277
100000.0,100.0,74097.43133834809
100000.0,100.0,76833.94055655153
100000.0,100.0,70752.43336757686
48000.0,48.0,46932.4069388476
49000.0,49.0,46889.64238396538
48000.0,48.0,47168.29480689142
48000.0,48.0,47014.68351362508
48000.0,48.0,46988.915303164096
126000.0,126.0,1201.9248776875913
119000.0,119.0,1248.7231930923167
123000.0,123.0,1285.5734857183706
128000.0,128.0,1284.581210011797
115000.0,115.0,1289.1687475028812
400.0,0.4,55060.66959409543
400.0,0.4,55480.89632909801
400.0,0.4,55474.061471087734
400.0,0.4,56051.80604243209
400.0,0.4,55610.078815073655
550000.0,550.0,8692.785785152431
571000.0,571.0,9244.384974565859
590000.0,590.0,9621.429022074546
618000.0,618.0,9243.646250514923
580000.0,580.0,8749.605836838951
31000.0,31.0,31225.06545714456
31000.0,31.0,32013.593888601787
33000.0,33.0,31653.320686699844
35000.0,35.0,31810.590305489986
32000.0,32.0,31757.260162378574
5.25e6,5250.0,561.1374048385367
4.76e6,4760.0,464.3890471126175
1.7e6,1700.0,565.6943607519489
3.65e6,3650.0,578.9496964230957
2.37e6,2370.0,475.5865709414927
65000.0,65.0,14569.172499131499
65000.0,65.0,14901.293447215718
65000.0,65.0,14461.849618875443
65000.0,65.0,14810.067814365313
65000.0,65.0,14527.240483348369
44000.0,44.0,42507.332753789255
45000.0,45.0,40358.393112904116
45000.0,45.0,40622.01968404257
45000.0,45.0,41096.4373762163
45000.0,45.0,40177.494010795395
49000.0,49.0,8447.891123922367
45000.0,45.0,8323.33291294798
46000.0,46.0,8231.293853440238
45000.0,45.0,8562.928918848087
49000.0,49.0,8328.187917415891
16000.0,16.0,40435.65513074837
16000.0,16.0,39265.48135050223
17000.0,17.0,40096.895396837695
16000.0,16.0,40501.57552214187
18000.0,18.0,39550.69402444347
53000.0,53.0,24748.46144514606
53000.0,53.0,24924.575084251264
52000.0,52.0,24588.369116470472
53000.0,53.0,25103.602398825973
52000.0,52.0,24587.53228448187
442000.0,442.0,9054.57376762477
499000.0,499.0,9460.643627129017
446000.0,446.0,9846.221829398724
492000.0,492.0,9460.196683936972
482000.0,482.0,9116.227990862948
255000.0,255.0,8961.569826223344
254000.0,254.0,9242.084787814612
262000.0,262.0,9862.504653071483
250000.0,250.0,9256.217812652316
257000.0,257.0,8860.453835372457
136000.0,136.0,38403.345303747155
137000.0,137.0,38554.326777934766
136000.0,136.0,41505.9935804424
137000.0,137.0,39604.54464078904
137000.0,137.0,42143.78252787102
976000.0,976.0,218.7080605114918
962000.0,962.0,218.17896527561302
849000.0,849.0,218.67848621801164
944000.0,944.0,221.24603588127036
788000.0,788.0,222.36301173819518
34000.0,34.0,28460.41905861417
34000.0,34.0,28161.076108957517
34000.0,34.0,28038.55313861003
34000.0,34.0,28739.632284595955
33000.0,33.0,28101.468804258548
80000.0,80.0,11185.735318104968
80000.0,80.0,11401.18038119037
80000.0,80.0,11358.406649291413
80000.0,80.0,11365.887202738748
80000.0,80.0,11425.656131954964
40000.0,40.0,9914.33604905007
40000.0,40.0,9932.232740260719
40000.0,40.0,9968.324414322378
40000.0,40.0,9993.10760381762
40000.0,40.0,9947.107522330647
668000.0,668.0,15748.355950360776
648000.0,648.0,16811.84251363888
934000.0,934.0,17321.37561739679
736000.0,736.0,16646.24542833238
885000.0,885.0,15884.981847901885
4.18e6,4180.0,266.2743685241902
2.9e6,2900.0,267.29475017296966
4.78e6,4780.0,268.7776409410613
4.02e6,4020.0,274.6240530162422
2.64e6,2640.0,268.6061061926753
46000.0,46.0,16104.164255975504
49000.0,49.0,15852.28609494051
44000.0,44.0,15694.262294803168
47000.0,47.0,16335.287511320637
40000.0,40.0,15684.40436835924
96000.0,96.0,14460.955347717181
96000.0,96.0,13663.160061774408
96000.0,96.0,13817.57665173968
96000.0,96.0,14208.74797144495
96000.0,96.0,13761.163341475365
165000.0,165.0,54999.178943718296
166000.0,166.0,55231.58130026481
165000.0,165.0,59458.4868323415
165000.0,165.0,56752.38567969335
165000.0,165.0,60372.049923525556
71000.0,71.0,11925.009190279068
71000.0,71.0,11435.798796857178
71000.0,71.0,11874.810728451375
71000.0,71.0,11745.792394635733
71000.0,71.0,11757.941358313228
150000.0,150.0,4444.607791988783
150000.0,150.0,5198.028499432422
150000.0,150.0,3729.0720671453078
150000.0,150.0,4422.689317993659
150000.0,150.0,4011.40576842722
44000.0,44.0,56176.096573560644
44000.0,44.0,53221.22778308445
44000.0,44.0,53699.177732178316
44000.0,44.0,55537.53805575853
44000.0,44.0,53569.83495949695
3.15e6,3150.0,271.8680630008872
3.03e6,3030.0,272.9098800706745
3.01e6,3010.0,274.4239223083761
3.02e6,3020.0,280.39315147299266
3.04e6,3040.0,274.24878408519885
152000.0,152.0,18563.025592370668
152000.0,152.0,20001.197327321464
152000.0,152.0,20803.982794258416
152000.0,152.0,20027.94814041612
152000.0,152.0,18957.78147966275
67000.0,67.0,93524.51725410322
67000.0,67.0,89849.14337451948
66000.0,66.0,92214.47596885603
68000.0,68.0,91379.16781969136
66000.0,66.0,90576.30688888574
91000.0,91.0,33746.490662136835
91000.0,91.0,38986.28882721871
91000.0,91.0,36276.73655786274
91000.0,91.0,34220.83686331193
91000.0,91.0,36745.7711086352
11000.0,11.0,11451.305767304846
11000.0,11.0,11455.026895026991
11000.0,11.0,11475.607084282889
11000.0,11.0,11461.93108656545
11000.0,11.0,11479.451595903505
55000.0,55.0,36320.7754765916
56000.0,56.0,36420.864431297465
56000.0,56.0,39252.65404485585
56000.0,56.0,37381.364521825315
56000.0,56.0,39836.31385951369
80000.0,80.0,27887.716142025478
80000.0,80.0,27201.785842991045
80000.0,80.0,27725.391366078005
80000.0,80.0,27933.805161869237
80000.0,80.0,27597.99848175053
28000.0,28.0,76439.50293920537
28000.0,28.0,68698.25100021959
28000.0,28.0,70216.54798420635
28000.0,28.0,72672.903425731
28000.0,28.0,69478.10768777494
21000.0,21.0,55895.13302973897
21000.0,21.0,56055.078647612274
21000.0,21.0,56339.59437755184
21000.0,21.0,55975.096638804025
21000.0,21.0,56280.578250912076
4.04e6,4040.0,242.64554210637272
4.03e6,4030.0,288.1665814929566
3.94e6,3940.0,238.36066489233784
4.08e6,4080.0,241.1741967384349
4.03e6,4030.0,294.81738898049895
67000.0,67.0,61426.386760699446
67000.0,67.0,58321.00260801722
66000.0,66.0,58701.96341336683
66000.0,66.0,59387.533708129326
67000.0,67.0,58059.58940020302
30000.0,30.0,46231.10335455578
31000.0,31.0,46613.057815996035
46000.0,46.0,45545.93123345618
25000.0,25.0,46899.30301593335
38000.0,38.0,45553.531666090166
2.49e6,2490.0,2229.2409342006763
2.92e6,2920.0,2698.732639104908
2.49e6,2490.0,2729.912343893044
3.48e6,3480.0,2271.241538041686
2.99e6,2990.0,2266.0578023828275
46000.0,46.0,55446.298394399426
39000.0,39.0,52868.48594026956
47000.0,47.0,53719.20416933787
40000.0,40.0,53162.10935863961
38000.0,38.0,52632.93519275836
307000.0,307.0,9975.478270002948
305000.0,305.0,10588.830688737216
305000.0,305.0,9602.080038642902
305000.0,305.0,9925.376330740564
305000.0,305.0,9813.31346103434
42000.0,42.0,94917.67752472016
42000.0,42.0,91032.00190520484
42000.0,42.0,89897.81866302271
42000.0,42.0,93169.77884213804
42000.0,42.0,89331.959359717
2.0e6,2000.0,200.7478740999787
1.96e6,1960.0,207.25942639330188
1.95e6,1950.0,215.040931021843
1.89e6,1890.0,207.42317490513463
1.95e6,1950.0,204.88674505089105
35000.0,35.0,87167.4878320559
26000.0,26.0,81408.5386617754
50000.0,50.0,84646.85966320183
39000.0,39.0,84663.9908997822
25000.0,25.0,80261.57623047174
20000.0,20.0,32125.596254220396
20000.0,20.0,32710.569810972633
20000.0,20.0,32701.595808460654
20000.0,20.0,33199.200031790606
20000.0,20.0,32822.23739805147
24000.0,24.0,10478.338382521712
24000.0,24.0,10313.452420144962
24000.0,24.0,10446.810984082535
24000.0,24.0,10514.325597065941
24000.0,24.0,10448.3229500399
45000.0,45.0,59133.1574126726
46000.0,46.0,69607.81278708838
46000.0,46.0,49871.99813539408
45000.0,45.0,59749.51334333253
46000.0,46.0,53793.68126869666
401000.0,401.0,9797.648329567854
387000.0,387.0,10400.06669369972
376000.0,376.0,9430.906559526653
381000.0,381.0,9748.439542957758
373000.0,373.0,9638.374385331645
40000.0,40.0,79398.07927014957
40000.0,40.0,76978.19163685398
40000.0,40.0,76739.96609532382
40000.0,40.0,78560.30499139555
40000.0,40.0,75677.07402905694
28000.0,28.0,12395.13816749972
28000.0,28.0,12712.265799792443
28000.0,28.0,12517.24618362642
29000.0,29.0,12756.516373363995
28000.0,28.0,12579.285029915725
190000.0,190.0,25309.5642165595
190000.0,190.0,25229.614338021176
190000.0,190.0,27702.214454245826
190000.0,190.0,25874.93075167969
190000.0,190.0,28044.280238572628
3.06e6,3060.0,251.14655361991595
3.06e6,3060.0,245.7740966674332
3.05e6,3050.0,252.72213486155022
3.05e6,3050.0,250.0231429467018
3.06e6,3060.0,250.509502542454
30000.0,30.0,22153.540868498112
30000.0,30.0,20320.485964019583
30000.0,30.0,20759.6034655658
30000.0,30.0,21091.373436474343
30000.0,30.0,20152.026673706918
39000.0,39.0,97320.84826616709
39000.0,39.0,92412.87969013113
39000.0,39.0,91164.45479867623
39000.0,39.0,93369.99999879685
39000.0,39.0,90429.38090098009
921000.0,921.0,4043.9122709467624
889000.0,889.0,4139.9144606461705
701000.0,701.0,4298.374090523714
916000.0,916.0,4142.216114853523
920000.0,920.0,4114.598752170626
33000.0,33.0,36717.72231001837
34000.0,34.0,36078.25560272153
33000.0,33.0,35761.38675352869
33000.0,33.0,36989.07958207625
34000.0,34.0,36121.63135793464
104000.0,104.0,72703.7859538861
104000.0,104.0,65340.86099563829
104000.0,104.0,66784.9564527477
104000.0,104.0,69121.26599664026
104000.0,104.0,66082.60487814136
92000.0,92.0,17953.939618930795
92000.0,92.0,17592.735952172065
92000.0,92.0,17853.87976586296
92000.0,92.0,18015.198271091365
92000.0,92.0,17694.525323625177
38000.0,38.0,100025.552869621
38000.0,38.0,92563.221616807
38000.0,38.0,94566.07427458618
38000.0,38.0,95940.2615828468
38000.0,38.0,92155.0559580571
4.63e6,4630.0,274.74018838902674
4.83e6,4830.0,275.7930116403525
5.16e6,5160.0,277.3230488393659
5.82e6,5820.0,283.3553393817777
6.21e6,6210.0,277.1460603843825
658000.0,658.0,21122.351666899158
659000.0,659.0,21107.90251263122
659000.0,659.0,22884.20949429277
661000.0,661.0,21580.100219134434
659000.0,659.0,23180.63392171644
304000.0,304.0,2252.255275551858
303000.0,303.0,2275.756414720785
303000.0,303.0,2425.726427574141
303000.0,303.0,2284.518894490592
303000.0,303.0,2252.125227564365
125000.0,125.0,23330.70478091492
125000.0,125.0,22642.846408687048
125000.0,125.0,22344.114667053836
125000.0,125.0,22626.060531434567
125000.0,125.0,22127.87196439539
98000.0,98.0,38052.500410242115
98000.0,98.0,37945.91075871323
98000.0,98.0,40920.46695681837
98000.0,98.0,38639.275935372105
98000.0,98.0,41443.033787567176
70000.0,70.0,68442.75181717775
70000.0,70.0,62753.239564640986
70000.0,70.0,65055.01085113323
70000.0,70.0,32366.068679451888
70000.0,70.0,62846.20191484449
50000.0,50.0,19358.078954396602
50000.0,50.0,19900.88959381484
50000.0,50.0,19631.765447709407
50000.0,50.0,19842.978734399156
50000.0,50.0,19729.33791180886
22000.0,22.0,69127.75842463605
22000.0,22.0,66297.8530524529
22000.0,22.0,65471.836790577814
23000.0,23.0,67854.77829036332
22000.0,22.0,65059.726146477136
138000.0,138.0,32875.26318202352
138000.0,138.0,32982.91683056688
138000.0,138.0,35538.291022402635
138000.0,138.0,33881.748509203164
138000.0,138.0,36081.354203341034
21000.0,21.0,52335.31350380628
21000.0,21.0,52462.078166488565
20000.0,20.0,52743.035299640156
21000.0,21.0,51859.53823477773
20000.0,20.0,52012.520489690876
16000.0,16.0,551.4256242414536
16000.0,16.0,565.4414111218856
16000.0,16.0,1496.219526260569
16000.0,16.0,1492.0168946015997
16000.0,16.0,582.9216016521567
213000.0,213.0,10224.651454847773
213000.0,213.0,10256.457221567818
213000.0,213.0,11027.099035542007
220000.0,220.0,10524.832632826437
213000.0,213.0,11190.652712293904
29000.0,29.0,14196.50216743229
29000.0,29.0,13675.68151999185
29000.0,29.0,14003.485952051431
29000.0,29.0,13956.589848645172
29000.0,29.0,13777.837931052307
14000.0,14.0,13770.006417391583
29000.0,29.0,13209.437238015715
14000.0,14.0,13266.61568956706
39000.0,39.0,13870.381150024823
32000.0,32.0,13389.606399672703
26000.0,26.0,10850.152734981471
25000.0,25.0,10435.596092033311
25000.0,25.0,10437.18160852995
26000.0,26.0,10657.775072857596
25000.0,25.0,10309.528196263293
58000.0,58.0,71106.41812800999
57000.0,57.0,68195.51172452036
58000.0,58.0,67345.85220950136
58000.0,58.0,69797.00119103622
59000.0,59.0,66921.9456278006
679000.0,679.0,14683.799166889463
684000.0,684.0,15289.148307108044
679000.0,679.0,15763.381543704148
686000.0,686.0,15157.68234898356
685000.0,685.0,14796.868294996015
15000.0,15.0,14295.344526694857
15000.0,15.0,14242.405307025067
16000.0,16.0,14317.167557634386
16000.0,16.0,14189.058592029472
15000.0,15.0,14294.590919072989
806000.0,806.0,32832.76850745356
806000.0,806.0,38674.653464950905
806000.0,806.0,27702.52656614486
807000.0,807.0,33223.37252283152
806000.0,806.0,29882.049224300008
82000.0,82.0,19051.654596422708
81000.0,81.0,20863.871176153178
82000.0,82.0,22648.1563422026
82000.0,82.0,20259.87264689316
82000.0,82.0,19621.902411433253
822000.0,822.0,4395.187307475554
812000.0,812.0,4645.600170333889
838000.0,838.0,4833.346194999802
838000.0,838.0,4662.779631939707
917000.0,917.0,4503.644885963024
78000.0,78.0,14230.484557620273
78000.0,78.0,13659.121767947428
78000.0,78.0,13830.157132845725
78000.0,78.0,13774.030981520145
78000.0,78.0,13686.036187262443
52000.0,52.0,21211.30208495197
53000.0,53.0,21123.09860678054
53000.0,53.0,20819.125963262
53000.0,53.0,21427.411631140647
52000.0,52.0,20861.57193097767
1.62e6,1620.0,4395.187307475554
1.57e6,1570.0,4645.600170333889
1.59e6,1590.0,4833.346194999802
1.47e6,1470.0,4662.779631939707
1.59e6,1590.0,4503.644885963024
162000.0,162.0,2919.9230749136286
163000.0,163.0,3121.690940039157
162000.0,162.0,2853.5996629046667
163000.0,163.0,5985.9160707685305
163000.0,163.0,5654.582530259926
68000.0,68.0,65129.10476100532
69000.0,69.0,61976.775318650514
69000.0,69.0,62003.5955085424
69000.0,69.0,63784.99898164395
68000.0,68.0,61408.676291268835
13000.0,13.0,10270.810204342446
13000.0,13.0,10238.071947364286
12000.0,12.0,10286.922067197604
14000.0,14.0,10203.537615553287
13000.0,13.0,10270.250577624602
103000.0,103.0,77000.82671814531
103000.0,103.0,73573.38422907592
103000.0,103.0,74070.62412012316
103000.0,103.0,76806.14331480667
103000.0,103.0,70726.83631398165
68000.0,68.0,122528.08709745115
67000.0,67.0,120562.59554059012
68000.0,68.0,119372.99025847099
67000.0,67.0,121604.79726776927
68000.0,68.0,117833.07354652352
531000.0,531.0,629.985076585932
537000.0,537.0,661.1132039796701
538000.0,538.0,692.822500337563
533000.0,533.0,662.066447930596
534000.0,534.0,641.3707952485317
327000.0,327.0,37528.586631300925
327000.0,327.0,44196.47650961405
327000.0,327.0,31653.79766363878
328000.0,328.0,37947.86471191732
327000.0,327.0,34146.504899980035
106000.0,106.0,23138.353473185933
106000.0,106.0,27054.829893319187
106000.0,106.0,19758.03880673842
106000.0,106.0,23178.485332082233
106000.0,106.0,21240.94376470259
30000.0,30.0,8262.412615953976
30000.0,30.0,8284.007875994139
30000.0,30.0,8163.652624703766
30000.0,30.0,8254.257077401235
30000.0,30.0,8208.059090753777
29000.0,29.0,9389.162763171995
29000.0,29.0,9386.373043867385
30000.0,30.0,9560.902821066162
29000.0,29.0,9382.54263256262
29000.0,29.0,9536.492162194607
35000.0,35.0,80621.82123269989
35000.0,35.0,81547.48317080474
35000.0,35.0,81047.20852246434
35000.0,35.0,80748.11483781935
35000.0,35.0,81370.98989129359
3.27e6,3270.0,231.9679936172482
3.64e6,3640.0,193.1505344979966
3.25e6,3250.0,235.87840414981932
3.11e6,3110.0,196.0215828275017
3.1e6,3100.0,233.2759258391033
23000.0,23.0,42180.75214448393
23000.0,23.0,42315.26986140634
22000.0,22.0,45568.624202585794
24000.0,24.0,43435.75637988007
23000.0,23.0,46279.17632704802
13000.0,13.0,10304.999470094266
12000.0,12.0,9891.247343736954
13000.0,13.0,10015.102532048193
13000.0,13.0,9974.458802923824
13000.0,13.0,9910.737409282938
361000.0,361.0,11796.78322728284
378000.0,378.0,12926.584761720776
360000.0,360.0,14021.609208663727
360000.0,360.0,12551.098055625245
380000.0,380.0,12150.873413728674
120000.0,120.0,106467.63953812228
120000.0,120.0,103103.57879639129
120000.0,120.0,101624.6120561971
120000.0,120.0,104821.60281795346
120000.0,120.0,101436.94715793649
63000.0,63.0,13951.154251853102
63000.0,63.0,14115.901416118604
62000.0,62.0,13971.309020862911
63000.0,63.0,14115.69531912851
63000.0,63.0,14050.508804987554
82000.0,82.0,19253.066997873982
82000.0,82.0,19394.51208839936
81000.0,81.0,19487.00224679313
81000.0,81.0,19408.440202019916
82000.0,82.0,19476.746709858933
71000.0,71.0,85958.01812715922
71000.0,71.0,83865.70133126997
71000.0,71.0,84677.38894900343
71000.0,71.0,84167.1140529089
71000.0,71.0,83552.03458217558
17000.0,17.0,24667.362638275717
17000.0,17.0,22545.3246310551
17000.0,17.0,22702.260322000395
17000.0,17.0,23463.863891301993
17000.0,17.0,22710.725140405335
86000.0,86.0,45666.997760090744
85000.0,85.0,45635.879787377
86000.0,86.0,49455.40819284484
86000.0,86.0,46718.75506572959
86000.0,86.0,50139.7523694063
243000.0,243.0,11572.772982621927
175000.0,175.0,11612.173041150741
156000.0,156.0,12484.354311404113
208000.0,208.0,11919.44596530242
127000.0,127.0,12669.503651812453
880000.0,880.0,10505.02293185475
741000.0,741.0,10304.853325491924
836000.0,836.0,10647.02474810916
847000.0,847.0,9379.675353665742
779000.0,779.0,10355.548262018252
26000.0,26.0,67863.76597655617
45000.0,45.0,65862.94088206209
25000.0,25.0,64993.997522042024
48000.0,48.0,65814.11454542671
41000.0,41.0,64364.99619931489
9800.0,9.8,31723.794518300354
9800.0,9.8,32098.416222876316
9800.0,9.8,31769.624830193447
9800.0,9.8,32097.94757501774
9800.0,9.8,31949.718722935708
20000.0,20.0,8661.120757703813
21000.0,21.0,8699.665846288612
20000.0,20.0,8576.101263665492
20000.0,20.0,8706.665519693755
20000.0,20.0,8592.773472828456
23000.0,23.0,23050.771266331132
29000.0,29.0,22125.26848942189
26000.0,26.0,22402.314366444607
22000.0,22.0,22311.400310002842
25000.0,25.0,22168.864905333423
30000.0,30.0,10575.700532387082
37000.0,37.0,10816.785720147791
34000.0,34.0,10497.79530874251
34000.0,34.0,10750.565420129999
32000.0,32.0,10545.262259954792
40000.0,40.0,14751.208809922426
40000.0,40.0,14910.864906658762
40000.0,40.0,14752.500469214245
40000.0,40.0,14611.84697662216
40000.0,40.0,15299.624983046864
130000.0,130.0,49395.965492009585
130000.0,130.0,49578.481839178676
130000.0,130.0,53424.11267212409
130000.0,130.0,50948.86224174318
130000.0,130.0,54233.824384357875
29000.0,29.0,12455.343429863991
28000.0,28.0,12610.317403336032
32000.0,32.0,12619.388823943915
36000.0,36.0,12550.923620428715
37000.0,37.0,12597.693877867885
12000.0,12.0,14899.021764486377
13000.0,13.0,14686.871029258098
13000.0,13.0,14926.107926381941
13000.0,13.0,14919.626678651088
12000.0,12.0,14863.618800935677
150000.0,150.0,42685.67149246589
150000.0,150.0,42866.042378652586
150000.0,150.0,46146.60591500187
150000.0,150.0,44046.36101960939
150000.0,150.0,46855.63566320649
1.82e6,1820.0,276.8765044865268
1.82e6,1820.0,273.07427898820066
1.82e6,1820.0,274.5812511716311
1.83e6,1830.0,280.57122444880525
1.83e6,1830.0,279.37676017786765
1.0e6,1000.0,13944.78705111919
1.01e6,1010.0,14778.25368669288
1.01e6,1010.0,15237.08311046291
1.01e6,1010.0,14650.702079690203
1.0e6,1000.0,14048.35920995571
31000.0,31.0,8175.24244219273
36000.0,36.0,8361.606442679466
27000.0,27.0,8261.62019982455
24000.0,24.0,8310.416736089122
27000.0,27.0,8151.713007344087
31000.0,31.0,88516.74973284637
32000.0,32.0,85269.3758120404
32000.0,32.0,87313.27243754166
32000.0,32.0,87020.87008379986
32000.0,32.0,85906.3322513659
231000.0,231.0,9199.813776166839
232000.0,232.0,9506.167628391588
237000.0,237.0,10167.594104410186
223000.0,223.0,9547.991881183818
238000.0,238.0,9101.283090885374
65000.0,65.0,16297.494570782996
61000.0,61.0,15944.026005215504
63000.0,63.0,16061.388562342101
60000.0,60.0,16056.582931608213
63000.0,63.0,15874.573505269173
82000.0,82.0,6505.322438520897
82000.0,82.0,6345.316587097097
82000.0,82.0,6467.457200581685
82000.0,82.0,6516.073549634912
82000.0,82.0,6437.740468501408
42000.0,42.0,32181.309067417067
43000.0,43.0,31397.979077469507
42000.0,42.0,31701.86195729387
43000.0,43.0,31510.823186294405
42000.0,42.0,31280.547256486312
136000.0,136.0,7495.642899902761
120000.0,120.0,7217.55307057965
112000.0,112.0,7420.219679052792
117000.0,117.0,7584.695235548626
123000.0,123.0,7075.660433537075
105000.0,105.0,31467.796818235533
105000.0,105.0,31570.841564078248
105000.0,105.0,34016.81425235836
105000.0,105.0,32431.192171175022
105000.0,105.0,34536.62763735291
225000.0,225.0,18871.326213116372
225000.0,225.0,20669.593625821264
225000.0,225.0,22437.546476865093
225000.0,225.0,20069.78883041419
225000.0,225.0,19432.28860114056
24000.0,24.0,30549.46180344428
24000.0,24.0,30199.38994832918
24000.0,24.0,30394.635686300604
24000.0,24.0,30542.825288059277
24000.0,24.0,30117.599901941452
80000.0,80.0,13162.972031336896
80000.0,80.0,12774.907141377113
79000.0,79.0,9460.553223872537
80000.0,80.0,12860.141082137965
80000.0,80.0,12701.727165965835
46000.0,46.0,53241.57095879666
46000.0,46.0,50447.837150946834
45000.0,45.0,51405.37792136657
45000.0,45.0,50722.64003681404
46000.0,46.0,50936.008370410214
490000.0,490.0,2501.96255809561
504000.0,504.0,2685.002192432631
604000.0,604.0,2823.498005536638
503000.0,503.0,2690.3450684439936
564000.0,564.0,2520.0455398941012
21000.0,21.0,66352.96702274012
23000.0,23.0,69582.65257645222
22000.0,22.0,75438.3315848046
22000.0,22.0,68655.40049431662
23000.0,23.0,76617.55328941182
30000.0,30.0,23571.14943507098
30000.0,30.0,23428.521934279368
30000.0,30.0,23851.223214279926
30000.0,30.0,23380.20436147832
30000.0,30.0,23786.974525732323
176000.0,176.0,52442.44354212513
100000.0,100.0,50367.19045885008
121000.0,121.0,51058.85575303627
118000.0,118.0,50818.575977523185
134000.0,134.0,50556.8073865768
21000.0,21.0,30432.965562467398
21000.0,21.0,31029.708598396595
21000.0,21.0,30243.62898316944
21000.0,21.0,30863.929300448614
21000.0,21.0,30479.329944600402
2600.0,2.6,16915.762769698304
2600.0,2.6,16728.967187890084
2600.0,2.6,16905.63201765487
2600.0,2.6,16479.226303424613
2600.0,2.6,16683.30083076775
96000.0,96.0,31580.170301450657
96000.0,96.0,31891.61677198905
96000.0,96.0,31920.11538205923
96000.0,96.0,32431.039361261348
96000.0,96.0,31932.84043986056
35000.0,35.0,17438.39637605307
35000.0,35.0,17495.228917193195
34000.0,34.0,18813.23953337395
34000.0,34.0,17962.811683014865
34000.0,34.0,19095.97317122861
62000.0,62.0,33381.50113740624
58000.0,58.0,33239.27250342403
50000.0,50.0,35885.54216503476
53000.0,53.0,33808.33353863464
50000.0,50.0,36326.07872684329
51000.0,51.0,4521.405607740334
51000.0,51.0,4438.190701096483
51000.0,51.0,4505.921349198383
51000.0,51.0,4509.062258531163
51000.0,51.0,4499.010972145369
410000.0,410.0,10358.707061610117
110000.0,110.0,12114.978736993431
144000.0,144.0,8694.885680676025
199000.0,199.0,10310.335026579573
143000.0,143.0,9353.574724374228
110000.0,110.0,36522.59960719669
110000.0,110.0,36642.196858182426
110000.0,110.0,39481.07628975497
110000.0,110.0,37640.74915360703
110000.0,110.0,40084.389455919045
450000.0,450.0,16394.347163350572
450000.0,450.0,17966.043944784913
450000.0,450.0,19493.944714009973
450000.0,450.0,17449.85275983733
450000.0,450.0,16891.270653181855
265000.0,265.0,10456.980450480254
264000.0,264.0,10441.889770999924
265000.0,265.0,10441.66908780829
265000.0,265.0,10694.666263872903
251000.0,251.0,10467.484868271273
31000.0,31.0,55556.309422193575
31000.0,31.0,54539.09644082129
31000.0,31.0,54119.64305968953
31000.0,31.0,56007.442287753714
31000.0,31.0,53994.8876896085
60000.0,60.0,19961.45082844031
55000.0,55.0,18573.20949635381
54000.0,54.0,18920.21937029197
55000.0,55.0,19196.369131492535
56000.0,56.0,18606.035813547132
50000.0,50.0,8805.006442918042
50000.0,50.0,8748.550832244326
50000.0,50.0,8675.224721860246
50000.0,50.0,8780.695916217343
50000.0,50.0,8681.07966193874
12000.0,12.0,1861.780740009532
8800.0,8.8,1712.5812119824022
40000.0,40.0,79541.54879996424
40000.0,40.0,79357.2329483463
40000.0,40.0,79694.54862417703
40000.0,40.0,79092.79653060668
40000.0,40.0,79576.49075389178
149000.0,149.0,17140.309349954296
170000.0,170.0,17069.564559668976
166000.0,166.0,18437.647033219433
141000.0,141.0,17373.9694907844
170000.0,170.0,18664.090122668244
9000.0,9.0,21501.08302821074
9000.0,9.0,25966.119924557697
9000.0,9.0,23053.58636170792
9000.0,9.0,22156.289914211993
9000.0,9.0,25910.306437683255
63000.0,63.0,20716.031435944213
62000.0,62.0,20782.241209386717
62000.0,62.0,22381.11876492009
63000.0,63.0,21329.680081985352
63000.0,63.0,22727.56779184925
50000.0,50.0,73230.33829985275
50000.0,50.0,68617.57790882244
50000.0,50.0,69779.10092800233
50000.0,50.0,71564.91598789793
50000.0,50.0,68796.15486742968
35000.0,35.0,79657.11246802357
35000.0,35.0,74815.1005409355
35000.0,35.0,77507.48861628036
35000.0,35.0,78172.3969155187
35000.0,35.0,73807.79296897096
10000.0,10.0,14780.608473999942
10000.0,10.0,14777.257033799197
10000.0,10.0,14816.139701637418
10000.0,10.0,14771.39960030112
10000.0,10.0,14815.623745305675
4.54e6,4540.0,24.150101892636517
2.69e6,2690.0,24.25120882969589
4.48e6,4480.0,24.535063780546565
4.4e6,4400.0,24.98544110648069
4.37e6,4370.0,24.284436488799404
7500.0,7.5,15186.50581013699
7500.0,7.5,15026.776136627192
7500.0,7.5,14961.397766855991
7500.0,7.5,15335.49424456258
7500.0,7.5,14994.969623965757
525000.0,525.0,89.6072085850338
492000.0,492.0,89.86597036742937
449000.0,449.0,90.9356117058336
458000.0,458.0,92.14099446174757
461000.0,461.0,90.26068574672252
32000.0,32.0,40763.74434390893
32000.0,32.0,39577.61264509463
33000.0,33.0,40501.56301493923
32000.0,32.0,39817.9451526095
32000.0,32.0,39798.377762530195
25000.0,25.0,14338.78181674879
25000.0,25.0,13938.211940576975
25000.0,25.0,14183.834173662317
25000.0,25.0,14121.540348854202
25000.0,25.0,14021.726981887023
1.7e6,1700.0,4378.40213257282
1.71e6,1710.0,4627.85867129593
1.72e6,1720.0,4814.887695834008
1.63e6,1630.0,4644.972524715423
1.66e6,1660.0,4486.44551268896
98000.0,98.0,38057.94566636608
100000.0,100.0,39906.18799778554
104000.0,104.0,51352.02194383654
98000.0,98.0,39383.6841545061
105000.0,105.0,39210.28525268604
20000.0,20.0,15919.864946593052
22000.0,22.0,16222.905203829114
22000.0,22.0,16136.745357896705
26000.0,26.0,16377.877969547315
26000.0,26.0,16220.042726702533
20000.0,20.0,12294.378104096466
14000.0,14.0,12355.264674874781
15000.0,15.0,12179.207274010478
15000.0,15.0,12359.473322119053
14000.0,14.0,12202.486212790325
40000.0,40.0,10787.389402374123
40000.0,40.0,10975.116331298037
40000.0,40.0,10836.33246710209
40000.0,40.0,10896.514563620245
40000.0,40.0,10862.531167849946
68000.0,68.0,40949.71321727426
68000.0,68.0,41095.5191037408
68000.0,68.0,44261.23342978185
68000.0,68.0,42201.83926831915
68000.0,68.0,36810.35694784222
30000.0,30.0,40974.9552171517
30000.0,30.0,40754.60103664046
30000.0,30.0,40953.58775669706
30000.0,30.0,40426.155809354445
30000.0,30.0,41021.15993531937
685000.0,685.0,30806.260150904705
685000.0,685.0,33077.935428558136
685000.0,685.0,34083.64616098904
685000.0,685.0,32838.92142106098
685000.0,685.0,31489.222213709778
42000.0,42.0,14038.406241354061
44000.0,44.0,13890.752128316908
42000.0,42.0,13830.316362136056
40000.0,40.0,14176.131152790487
49000.0,49.0,13861.350187446222
118000.0,118.0,31177.245739120335
118000.0,118.0,36714.71120318302
118000.0,118.0,26299.776521382275
118000.0,118.0,31512.729548007177
118000.0,118.0,28359.126198115733
58000.0,58.0,4065.8294481756534
58000.0,58.0,4050.6679416770103
58000.0,58.0,4371.385415203976
58000.0,58.0,4120.681314883137
58000.0,58.0,4426.735537418586
78000.0,78.0,2919.7613976717807
78000.0,78.0,3413.438752775259
78000.0,78.0,2449.884364625237
78000.0,78.0,2903.38680665263
78000.0,78.0,2634.8099873239917
86000.0,86.0,21562.661938011148
89000.0,89.0,20778.786982586527
86000.0,86.0,20550.705508892086
89000.0,89.0,20867.902952156637
90000.0,90.0,20406.29406374184
23000.0,23.0,41601.7598202321
23000.0,23.0,41026.80224095994
23000.0,23.0,41215.95838872696
23000.0,23.0,41759.32357030001
23000.0,23.0,40839.72693539223
2200.0,2.2,84221.61650791264
2200.0,2.2,87042.25064521117
2200.0,2.2,84400.23648834524
2200.0,2.2,86879.85694655868
2200.0,2.2,84997.74191290562
100000.0,100.0,50706.31766683287
100000.0,100.0,51855.27208368737
100000.0,100.0,50263.81880030939
100000.0,100.0,51536.852159119444
100000.0,100.0,50290.778419860966
21000.0,21.0,79090.4300077269
20000.0,20.0,79074.64577698978
21000.0,21.0,79250.62528972831
20000.0,20.0,79103.35379217583
21000.0,21.0,79289.51042796273
990000.0,990.0,1997.43974953533
990000.0,990.0,2122.3743621425238
990000.0,990.0,2211.51762187123
990000.0,990.0,2133.1500878514626
990000.0,990.0,2033.9501522095325
28000.0,28.0,82906.63539825108
28000.0,28.0,79787.05196550618
29000.0,29.0,79894.59722076106
28000.0,28.0,81530.14111456173
29000.0,29.0,78964.33012595281
52000.0,52.0,53269.5455697281
52000.0,52.0,52506.12499391115
52000.0,52.0,53091.60772563773
52000.0,52.0,52462.7555555402
52000.0,52.0,52927.198808169924
35000.0,35.0,14602.541599284708
34000.0,34.0,14172.035959269002
40000.0,40.0,14238.23173453332
35000.0,35.0,14266.591517289498
41000.0,41.0,14090.85264955491
148000.0,148.0,34742.67938118018
216000.0,216.0,34875.066391599314
144000.0,144.0,37553.617620151665
216000.0,216.0,35813.96677746583
175000.0,175.0,38124.86683935224
20000.0,20.0,28361.340421086174
16000.0,16.0,42572.60900744215
15000.0,15.0,23935.581642078516
27000.0,27.0,28974.783225627692
36000.0,36.0,43440.68785145927
25000.0,25.0,11817.056498481927
25000.0,25.0,11753.50700130791
25000.0,25.0,11810.894185769605
25000.0,25.0,11658.784364347684
25000.0,25.0,11830.381803224553
48000.0,48.0,13425.759632549603
35000.0,35.0,12806.941737983418
34000.0,34.0,12823.851836113308
43000.0,43.0,13105.075997959419
28000.0,28.0,12625.480180823346
172000.0,172.0,5452.050350187111
172000.0,172.0,5916.587689833126
173000.0,173.0,6203.654754696718
172000.0,172.0,5919.797650931243
172000.0,172.0,5568.586451708687
54000.0,54.0,13205.694424474592
54000.0,54.0,14461.936869620544
54000.0,54.0,15699.471475930459
54000.0,54.0,14041.385623397107
54000.0,54.0,13600.183092046027
62000.0,62.0,81321.53862478344
62000.0,62.0,74323.2374243326
62000.0,62.0,75960.6087480071
62000.0,62.0,79178.99173057056
62000.0,62.0,73679.07269960923
95000.0,95.0,11109.488346080325
95000.0,95.0,11487.895966477543
95000.0,95.0,11298.459779022707
95000.0,95.0,11505.48151026155
95000.0,95.0,11391.805082615077
56000.0,56.0,12206.42552385291
56000.0,56.0,12209.913220632912
56000.0,56.0,12178.030251815113
56000.0,56.0,12200.895626239624
56000.0,56.0,12171.287373711122
52000.0,52.0,10824.5218395635
51000.0,51.0,10901.550706063523
54000.0,54.0,10754.500399566656
66000.0,66.0,10979.853960622902
50000.0,50.0,10754.134384646622
15000.0,15.0,50212.1152026017
21000.0,21.0,49809.33011801117
19000.0,19.0,49814.63456499534
17000.0,17.0,50382.50187559789
16000.0,16.0,49350.44743528961
183000.0,183.0,5050.964014273842
183000.0,183.0,5948.794641831316
183000.0,183.0,4260.316580655211
183000.0,183.0,5107.5120465729915
183000.0,183.0,4594.611566054919
28000.0,28.0,45546.759119526476
28000.0,28.0,44158.58902595252
28000.0,28.0,44021.93079119503
28000.0,28.0,45066.16936695683
28000.0,28.0,43412.202075370595
12000.0,12.0,17715.055852138074
12000.0,12.0,17852.888645391566
12000.0,12.0,17841.74260236641
12000.0,12.0,18040.486708533605
13000.0,13.0,17890.33718715611
2.57e6,2570.0,3482.4670879798973
2.56e6,2560.0,3615.9345325699514
2.57e6,2570.0,3723.9003361809328
2.57e6,2570.0,3593.033281885265
2.57e6,2570.0,3548.1648233681885
100000.0,100.0,11961.92671271293
100000.0,100.0,11928.419910632227
100000.0,100.0,9921.794084722544
100000.0,100.0,12146.381498935849
100000.0,100.0,13027.75185795498
25000.0,25.0,7020.657631878258
25000.0,25.0,7039.00734814886
25000.0,25.0,6936.740243758935
25000.0,25.0,7013.727786245541
25000.0,25.0,6974.472878192703
75000.0,75.0,60907.90143576265
75000.0,75.0,61102.14149614869
75000.0,75.0,65799.89996355149
75000.0,75.0,62720.094684691445
75000.0,75.0,66825.9186228081
75000.0,75.0,14987.46658647541
76000.0,76.0,14293.683986017819
78000.0,78.0,14777.754022710365
74000.0,74.0,14397.807138253826
77000.0,77.0,14585.14004099343
3.01e6,3010.0,4804.602672294836
2.81e6,2810.0,4669.447521758194
2.93e6,2930.0,4683.300851315451
2.96e6,2960.0,4734.135763396436
2.76e6,2760.0,4871.197618329502
95000.0,95.0,16268.209557025873
92000.0,92.0,15045.462436836517
92000.0,92.0,15352.652698227073
86000.0,86.0,15585.885845595034
95000.0,95.0,14952.34258017195
59000.0,59.0,66019.77263731681
59000.0,59.0,65337.83846361841
59000.0,59.0,66621.82446211859
59000.0,59.0,67995.91561526801
59000.0,59.0,64168.27440565543
18000.0,18.0,18242.657897747235
18000.0,18.0,17955.593470738724
18000.0,18.0,18187.76908588263
18000.0,18.0,18305.311194449143
18000.0,18.0,18190.401399967774
19000.0,19.0,24703.263808397467
20000.0,20.0,23389.97691308736
30000.0,30.0,24238.369150659717
29000.0,29.0,23480.780833830195
16000.0,16.0,23671.458771886057
14000.0,14.0,7513.8570545211915
15000.0,15.0,7486.861427947669
18000.0,18.0,7527.267996049575
12000.0,12.0,7452.232744350299
13000.0,13.0,7510.825603629201
74000.0,74.0,15470.872138558108
74000.0,74.0,14849.70701744317
74000.0,74.0,15035.650528417727
74000.0,74.0,14974.632190829052
74000.0,74.0,14878.967408276678
290000.0,290.0,8057.441015812752
290000.0,290.0,8756.988123516167
290000.0,290.0,9074.570891847534
290000.0,290.0,8760.049366886025
290000.0,290.0,8233.752757408078
535000.0,535.0,2381.274185364254
535000.0,535.0,2593.358664767325
535000.0,535.0,2817.43693220803
535000.0,535.0,2498.875758291736
535000.0,535.0,2435.5010724027843
38000.0,38.0,55986.618800360266
38000.0,38.0,56206.72832921515
38000.0,38.0,60509.83897727499
38000.0,38.0,57737.79669526226
38000.0,38.0,61439.64460728828
3.03e6,3030.0,243.75516205496612
3.03e6,3030.0,241.62667575101867
2.5e6,2500.0,243.52016993103575
2.87e6,2870.0,248.45776140817566
2.72e6,2720.0,245.19597271486214
22000.0,22.0,11133.51894574916
22000.0,22.0,11351.829904719763
22000.0,22.0,11064.252531721573
22000.0,22.0,11291.181626761821
22000.0,22.0,11150.48077373224
13000.0,13.0,35184.96788208738
13000.0,13.0,35096.73925351255
14000.0,14.0,35248.7201069627
13000.0,13.0,34986.206279332764
14000.0,14.0,35195.99732517379
3.18e6,3180.0,2507.934318899936
3.18e6,3180.0,2480.7093823788828
3.18e6,3180.0,2491.2076831844456
3.18e6,3180.0,2519.3027916337182
3.18e6,3180.0,2543.9069613490497
89000.0,89.0,45092.49162157814
89000.0,89.0,45168.126645965705
90000.0,90.0,45504.68743283315
89000.0,89.0,44205.15938240414
90000.0,90.0,45542.53943920342
3.7e6,3700.0,227.34556377026598
3.7e6,3700.0,229.81823841016887
3.7e6,3700.0,232.15745546876923
3.7e6,3700.0,236.98504871751595
3.7e6,3700.0,228.759981308946
380000.0,380.0,891.6663658071618
312000.0,312.0,928.1812002289062
289000.0,289.0,961.7582099501685
258000.0,258.0,948.4002676487206
394000.0,394.0,955.9905725076633
77000.0,77.0,51340.9513795091
88000.0,88.0,48924.512739210906
78000.0,78.0,49652.39388472243
69000.0,69.0,49169.4504120394
78000.0,78.0,48619.46979487951
12000.0,12.0,29219.27802854368
21000.0,21.0,29361.20080615072
25000.0,25.0,28932.566560812254
23000.0,23.0,29365.584713806016
12000.0,12.0,28994.247769794572
58000.0,58.0,9694.317578306851
58000.0,58.0,9866.971179682416
58000.0,58.0,9705.610283495127
58000.0,58.0,9830.783613071155
58000.0,58.0,9709.260377101304
113000.0,113.0,17528.74925952067
113000.0,113.0,17599.029213144433
113000.0,113.0,18943.50395412986
112000.0,112.0,18074.561454964867
113000.0,113.0,19235.86948687966
97000.0,97.0,15601.59803952083
98000.0,98.0,10280.311948189505
87000.0,87.0,14994.221080660107
84000.0,84.0,15357.980161987436
82000.0,82.0,14878.307349574347
16000.0,16.0,28572.69242623663
26000.0,26.0,28450.062585978547
16000.0,16.0,28005.98051454288
16000.0,16.0,28859.393758656257
21000.0,21.0,27951.74407184481
50000.0,50.0,100589.95048550253
49000.0,49.0,69582.65257645222
50000.0,50.0,75438.3315848046
50000.0,50.0,94947.68192706477
49000.0,49.0,76617.55328941182
69000.0,69.0,10689.09285494418
70000.0,70.0,10724.272113469113
69000.0,69.0,11553.433166544897
69000.0,69.0,11008.872886521422
69000.0,69.0,11729.692999545323
27000.0,27.0,1986.2905813932773
34000.0,34.0,2107.17411363267
25000.0,25.0,648.2727250589166
35000.0,35.0,1981.7162538368511
42000.0,42.0,645.2961431580623
1.68e6,1680.0,276.48776274088317
1.73e6,1730.0,278.0849954344967
1.7e6,1700.0,280.26942653939295
1.72e6,1720.0,286.52904699914967
1.74e6,1740.0,279.0706376577428
75000.0,75.0,4803.460150118578
79000.0,79.0,4890.926142858354
77000.0,77.0,4889.584338550276
78000.0,78.0,4963.986757057363
77000.0,77.0,4907.622822986822
5.5e6,5500.0,221.78645796110015
6.31e6,6310.0,224.1986701942293
5.46e6,5460.0,226.4806881814086
8.45e6,8450.0,231.19023601405684
8.28e6,8280.0,223.16628983808752
201000.0,201.0,40749.452176337545
201000.0,201.0,42615.51144453435
201000.0,201.0,39157.79320169299
201000.0,201.0,40164.03073730612
201000.0,201.0,39991.15840448064
35000.0,35.0,10235.643292926858
37000.0,37.0,10267.483251896812
36000.0,36.0,11038.953531278705
36000.0,36.0,10536.14717558815
42000.0,42.0,11202.683033636005
9700.0,9.7,56365.06954460856
9700.0,9.7,56633.03726218749
11000.0,11.0,55773.31792278836
12000.0,12.0,56633.27026754049
12000.0,12.0,55896.99232307587
55000.0,55.0,51295.146047213944
55000.0,55.0,49460.19291142222
55000.0,55.0,48975.78040600506
55000.0,55.0,49699.372995019185
55000.0,55.0,48660.52198108971
95000.0,95.0,48703.79570883401
95000.0,95.0,46016.859908969214
95000.0,95.0,46536.927488937974
95000.0,95.0,47854.37350712845
95000.0,95.0,46346.9301981431
101000.0,101.0,20905.012798353095
101000.0,101.0,22915.4517489521
101000.0,101.0,24858.911875273712
101000.0,101.0,22262.36482157652
101000.0,101.0,21535.31242904148
33000.0,33.0,52933.335821089444
33000.0,33.0,52293.06479985008
33000.0,33.0,52555.75229434373
33000.0,33.0,52808.580517371134
33000.0,33.0,52464.41302963881
35000.0,35.0,47402.884822698776
35000.0,35.0,47789.89184499804
35000.0,35.0,47775.880846171785
35000.0,35.0,47570.45593932051
35000.0,35.0,47820.806498401114
135000.0,135.0,47977.87766633206
135000.0,135.0,48709.59183446146
134000.0,134.0,40466.008278780806
134000.0,134.0,50017.737088226626
134000.0,134.0,43643.174103236124
116000.0,116.0,1784.8201038522438
105000.0,105.0,1883.3186398842186
125000.0,125.0,1715.5013560801056
141000.0,141.0,1778.4520020422729
116000.0,116.0,1732.39310598167
70000.0,70.0,17686.315643815255
70000.0,70.0,18191.93558625656
70000.0,70.0,18952.906277518145
70000.0,70.0,18212.605408389394
71000.0,71.0,17808.58673246829
47000.0,47.0,63123.58926667676
47000.0,47.0,62959.33613360311
47000.0,47.0,63209.579671196276
47000.0,47.0,62749.049492552236
47000.0,47.0,63128.92691539896
72000.0,72.0,9744.342940154562
72000.0,72.0,9713.04579018178
72000.0,72.0,10666.773623641437
72000.0,72.0,9957.956618132268
72000.0,72.0,10794.020560419927
113000.0,113.0,1248.8800975321042
113000.0,113.0,1272.3384406732946
113000.0,113.0,1306.8486471149124
113000.0,113.0,1305.1765686756485
113000.0,113.0,1339.1188758464605
200000.0,200.0,14918.967255001788
200000.0,200.0,15022.61768009248
200000.0,200.0,15521.721918588539
200000.0,200.0,15525.582385195485
200000.0,200.0,15932.928780954699
48000.0,48.0,93861.57068370302
44000.0,44.0,86560.38523976934
47000.0,47.0,87213.98824072808
43000.0,43.0,89862.15164172967
47000.0,47.0,85450.40305621596
58000.0,58.0,18825.184047186867
62000.0,62.0,20244.445484683147
58000.0,58.0,21008.78405954802
62000.0,62.0,20213.587256759154
61000.0,61.0,19214.375238708595
52000.0,52.0,36626.18231421698
52000.0,52.0,35922.93435303062
52000.0,52.0,36655.82292432677
52000.0,52.0,36691.25666351253
52000.0,52.0,36545.9795788755
105000.0,105.0,41511.49350431108
105000.0,105.0,41653.46751197297
105000.0,105.0,44871.15738737004
105000.0,105.0,42777.53924901961
105000.0,105.0,45547.953216751375
39000.0,39.0,47517.85341328447
39000.0,39.0,47563.39274519256
39000.0,39.0,47480.829271064846
39000.0,39.0,47537.95709934506
39000.0,39.0,47501.213546568426
182000.0,182.0,11972.650500423779
181000.0,181.0,14000.488389152599
181000.0,181.0,10046.258580202597
178000.0,178.0,11908.483108517503
178000.0,178.0,10805.2303152565
265000.0,265.0,18926.155531451514
446000.0,446.0,20060.334249305557
317000.0,317.0,20894.541371504212
386000.0,386.0,20088.617693108805
232000.0,232.0,19180.669526887043
530000.0,530.0,245.6135318534253
536000.0,536.0,240.359435757698
431000.0,431.0,231.86438871558468
450000.0,450.0,244.51487109462576
392000.0,392.0,244.99051567880053
170000.0,170.0,81052.46400030062
170000.0,170.0,79217.08801324919
170000.0,170.0,78037.2182429043
170000.0,170.0,79878.41605575682
170000.0,170.0,77479.96025881496
17000.0,17.0,86753.078934944
17000.0,17.0,85046.13284890265
17000.0,17.0,84908.50163766375
17000.0,17.0,85186.28419721985
17000.0,17.0,85081.18701526274
456000.0,456.0,10625.943839278578
472000.0,472.0,10008.492339146711
479000.0,479.0,10680.050566583088
439000.0,439.0,10024.124842398081
510000.0,510.0,11015.8418036524
54000.0,54.0,49519.11397680104
67000.0,67.0,49365.943594184115
51000.0,51.0,53237.09607189958
63000.0,63.0,50253.544193022135
48000.0,48.0,53917.027941698114
135000.0,135.0,33290.46743228924
135000.0,135.0,33374.42347946715
135000.0,135.0,35910.56055913047
135000.0,135.0,34246.577722337825
135000.0,135.0,36430.607466498754
1.74e6,1740.0,2525.9687998527547
1.72e6,1720.0,2705.523085540418
1.77e6,1770.0,2838.5635708923405
1.73e6,1730.0,2703.1592427573914
1.74e6,1740.0,2542.751107816599
58000.0,58.0,29217.418492164095
47000.0,47.0,29308.75960308884
48000.0,48.0,31573.65542006475
55000.0,55.0,30091.04925082842
44000.0,44.0,32049.93011924115
94000.0,94.0,8866.075414298053
95000.0,95.0,8929.16769214546
98000.0,98.0,8967.854828983774
98000.0,98.0,8993.303787060158
96000.0,96.0,8808.422938487747
40000.0,40.0,59074.31476857389
40000.0,40.0,59292.592274351555
40000.0,40.0,63891.7129524543
40000.0,40.0,60931.476795535316
40000.0,40.0,64860.07472216277
42000.0,42.0,12292.70751528628
42000.0,42.0,14469.326030594244
41000.0,41.0,10365.679452282537
38000.0,38.0,12412.982548977316
48000.0,48.0,11177.43207742346
51000.0,51.0,31372.180181349904
51000.0,51.0,29919.935225695954
51000.0,51.0,30933.204034262664
51000.0,51.0,30137.888691957294
50000.0,50.0,30530.019112714694
262000.0,262.0,39053.55440963001
488000.0,488.0,39204.45037052095
304000.0,304.0,42208.346518953076
304000.0,304.0,40274.164854761846
371000.0,371.0,42868.130441596935
267000.0,267.0,2580.556585257181
260000.0,260.0,2769.346034652857
267000.0,267.0,2912.1924099431926
268000.0,268.0,2774.856746166393
259000.0,259.0,2599.207606876266
337000.0,337.0,10625.943839278578
334000.0,334.0,10587.329169726321
350000.0,350.0,10724.146516567824
355000.0,355.0,10528.672929823404
347000.0,347.0,11015.8418036524
1.19e6,1190.0,2157.615016109619
1.18e6,1180.0,2248.0983597649533
1.18e6,1180.0,2337.091079011809
1.19e6,1190.0,2253.1285164224446
1.18e6,1180.0,2196.375121306073
1.03e6,1030.0,2476.4847591632947
1.03e6,1030.0,2652.521554223421
1.03e6,1030.0,2782.9557600397907
1.03e6,1030.0,2650.2040194123956
1.03e6,1030.0,2492.93829964189
51000.0,51.0,40995.52270025312
47000.0,47.0,52313.55738860793
49000.0,49.0,44367.24277317788
47000.0,47.0,41866.335301083986
50000.0,50.0,52458.29376226237
8.94e6,8940.0,230.08631717064495
9.59e6,9590.0,232.13906106578358
9.52e6,9520.0,233.96500726074908
9.39e6,9390.0,238.69412176363
9.21e6,9210.0,231.38363971649582
48000.0,48.0,31832.121437236183
48000.0,48.0,31957.268363450552
48000.0,48.0,34403.87334946238
48000.0,48.0,32827.78269707216
48000.0,48.0,34932.52977419041
30000.0,30.0,11495.202617403906
30000.0,30.0,11245.88866534617
31000.0,31.0,11328.6686514359
30000.0,30.0,11325.279069144555
31000.0,31.0,11196.901346730978
25000.0,25.0,57501.71185066538
25000.0,25.0,52743.83609845748
25000.0,25.0,53883.60911227849
25000.0,25.0,54744.75096680768
25000.0,25.0,52306.583307690256
223000.0,223.0,3314.2797572653035
224000.0,224.0,3502.588164833934
217000.0,217.0,3607.2744947838237
221000.0,221.0,3480.291080948744
226000.0,226.0,3375.889898571068
110000.0,110.0,10153.983925565215
110000.0,110.0,10172.31321297031
110000.0,110.0,10209.277289682632
110000.0,110.0,10234.659534798586
110000.0,110.0,10187.547546090262
14000.0,14.0,14768.375076247168
14000.0,14.0,14840.614176910482
14000.0,14.0,14618.73644856205
14000.0,14.0,14852.112255273652
14000.0,14.0,14655.962675772018
42000.0,42.0,14301.580683266595
48000.0,48.0,14152.529096846678
26000.0,26.0,13772.403769263095
73000.0,73.0,14599.014704600682
67000.0,67.0,13792.64126252493
108000.0,108.0,54318.812171340986
108000.0,108.0,50794.452851585214
108000.0,108.0,52293.12922188044
108000.0,108.0,52308.23402531935
108000.0,108.0,51650.96571797041
101000.0,101.0,99431.42120359708
120000.0,120.0,92983.03589656035
128000.0,128.0,93219.65155549737
86000.0,86.0,95179.11548005659
91000.0,91.0,92030.70158706722
82000.0,82.0,22029.28430376437
82000.0,82.0,20373.52471646379
82000.0,82.0,20789.500523746025
82000.0,82.0,21105.32872195185
82000.0,82.0,20247.4282465604
60000.0,60.0,13880.434116431876
60000.0,60.0,14121.9875796113
59000.0,59.0,13943.410519718409
61000.0,61.0,14020.848497949284
60000.0,60.0,13977.121116981796
36000.0,36.0,6782.5737908263
36000.0,36.0,6158.966221136976
38000.0,38.0,13346.256658485923
35000.0,35.0,6638.530711761322
35000.0,35.0,6086.981911003486
110000.0,110.0,29884.21934418413
110000.0,110.0,30103.767539330645
110000.0,110.0,30247.32888365687
110000.0,110.0,30125.386474253228
110000.0,110.0,30231.41044763484
50000.0,50.0,19906.007676086545
50000.0,50.0,19718.694509594075
50000.0,50.0,19772.26124422029
50000.0,50.0,19981.84733485477
50000.0,50.0,19771.076052549906
135000.0,135.0,30753.67247964797
135000.0,135.0,30858.853521419034
135000.0,135.0,33242.66995911874
135000.0,135.0,31691.618886538257
135000.0,135.0,33744.07223389413
388000.0,388.0,18781.195565431917
324000.0,324.0,10508.525226909207
380000.0,380.0,9529.25807230124
354000.0,354.0,20166.35451725355
356000.0,356.0,9738.889505007772
187000.0,187.0,56961.83893645156
195000.0,195.0,57126.45540311992
193000.0,193.0,61598.63763654515
196000.0,196.0,58674.11345694599
194000.0,194.0,62514.90049047318
30000.0,30.0,14758.106429229556
31000.0,31.0,13684.533128309666
31000.0,31.0,13996.870467174642
31000.0,31.0,14271.426107482157
31000.0,31.0,13829.53279324218
95000.0,95.0,12966.263528842599
95000.0,95.0,12414.965609896732
95000.0,95.0,12537.530003507956
95000.0,95.0,12454.263072590678
95000.0,95.0,12416.551398914866
40000.0,40.0,9431.992064711032
31000.0,31.0,9499.111487476339
25000.0,25.0,9370.978592134723
33000.0,33.0,9567.341353570355
28000.0,28.0,9370.659663513909
103000.0,103.0,3292.982219039888
124000.0,124.0,3237.819767351735
124000.0,124.0,3291.1341005732115
124000.0,124.0,3360.5936866055154
119000.0,119.0,3284.308384238158
21000.0,21.0,26888.60676326697
21000.0,21.0,26744.005826499422
21000.0,21.0,26874.58499707713
21000.0,21.0,26528.473325903324
21000.0,21.0,26918.927247836986
44000.0,44.0,80498.96312525848
37000.0,37.0,75653.20149386082
37000.0,37.0,76036.50094324617
37000.0,37.0,77377.47313638165
37000.0,37.0,74435.48036679014
27000.0,27.0,24126.449968439414
27000.0,27.0,23204.639893552012
27000.0,27.0,23208.16545539107
27000.0,27.0,23698.678106268955
27000.0,27.0,22924.31473553692
20000.0,20.0,46615.5230315891
22000.0,22.0,44770.85292535965
26000.0,26.0,45385.6667531209
16000.0,16.0,45172.08464952465
18000.0,18.0,44939.401369417654
392000.0,392.0,31995.13974020063
375000.0,375.0,35102.23588408849
369000.0,369.0,38094.55687564051
422000.0,422.0,34147.95796219842
410000.0,410.0,33006.3826296745
21000.0,21.0,84456.68160772893
21000.0,21.0,78864.62076398224
22000.0,22.0,79093.76916591688
21000.0,21.0,82383.87144004845
22000.0,22.0,78401.65493356253
23000.0,23.0,37416.56522036361
19000.0,19.0,32427.36042268172
19000.0,19.0,32955.575116879314
22000.0,22.0,32941.265073866154
17000.0,17.0,37506.852407371334
132000.0,132.0,64003.917299336106
131000.0,131.0,64188.884970947045
131000.0,131.0,69213.95416042744
132000.0,132.0,65927.87689842405
132000.0,132.0,70243.49276069432
31000.0,31.0,27632.829167350093
31000.0,31.0,28558.269742956294
31000.0,31.0,27691.433782291275
37000.0,37.0,28504.988916503655
32000.0,32.0,27887.47330288027
17000.0,17.0,93379.8545041227
17000.0,17.0,91282.12557897925
17000.0,17.0,90893.44496203131
17000.0,17.0,92977.18210963497
17000.0,17.0,89929.34510793207
157000.0,157.0,8604.439517403223
156000.0,156.0,9150.43270997253
157000.0,157.0,9523.644794380118
157000.0,157.0,9149.701493700391
157000.0,157.0,8660.682097192486
69000.0,69.0,46034.65664039293
70000.0,70.0,43903.673154233584
69000.0,69.0,45390.51536338672
70000.0,70.0,44223.4919530842
70000.0,70.0,44798.893126144874
1.31e6,1310.0,3362.9489474482966
1.24e6,1240.0,3595.025767120975
1.31e6,1310.0,3747.5460871439773
1.29e6,1290.0,3616.2536176983544
1.15e6,1150.0,3386.7049652991773
79000.0,79.0,45191.657551393044
63000.0,63.0,53196.76093773803
60000.0,60.0,38113.95094988516
63000.0,63.0,45662.698628292885
71000.0,71.0,41111.040382273626
40000.0,40.0,47381.64482055533
40000.0,40.0,47567.924180539725
40000.0,40.0,51209.65973661887
40000.0,40.0,48863.671969394665
40000.0,40.0,51996.55705346772
107000.0,107.0,47708.7556663648
107000.0,107.0,46628.42448085231
107000.0,107.0,45933.93456884539
107000.0,107.0,47017.69257263048
107000.0,107.0,45605.92375098858
168000.0,168.0,40277.579805005655
168000.0,168.0,47426.882870898975
168000.0,168.0,33961.17460591861
168000.0,168.0,40699.34461288995
168000.0,168.0,36628.494666478306
78000.0,78.0,30680.917628876356
81000.0,81.0,32879.64991420328
82000.0,82.0,33801.76498933876
79000.0,79.0,32548.78027217671
72000.0,72.0,31342.929596595754
60000.0,60.0,74132.03503997417
60000.0,60.0,68601.47023885211
60000.0,60.0,70085.846372218
60000.0,60.0,71104.29914518341
60000.0,60.0,68298.96602819304
33000.0,33.0,63647.082660511514
33000.0,33.0,58277.290130176996
34000.0,34.0,58785.89236580021
35000.0,35.0,60020.74826610954
33000.0,33.0,58885.45526169035
90000.0,90.0,36942.488295016985
90000.0,90.0,42793.84454137947
90000.0,90.0,40008.585978297786
90000.0,90.0,37736.55426748987
90000.0,90.0,48750.566726062374
2.77e6,2770.0,2337.3628965673247
2.74e6,2740.0,2289.9840933564756
2.77e6,2770.0,2303.58209466674
2.75e6,2750.0,2328.6099129355744
2.76e6,2760.0,2375.2321503563808
30000.0,30.0,85243.039000488
30000.0,30.0,87395.68652425233
30000.0,30.0,86412.15671731863
30000.0,30.0,86841.49577720051
30000.0,30.0,86695.90686000868
489000.0,489.0,14132.793324180502
489000.0,489.0,15006.513913994035
489000.0,489.0,15507.935781847425
489000.0,489.0,14919.631289621559
489000.0,489.0,14246.016313905735
471000.0,471.0,463.7932600537287
480000.0,480.0,468.41532460922326
481000.0,481.0,465.8153354849872
482000.0,482.0,476.52914364582824
475000.0,475.0,467.412480426189
250000.0,250.0,15219.271442032406
193000.0,193.0,15260.161148250578
250000.0,250.0,16420.38505757204
250000.0,250.0,15656.607548860999
211000.0,211.0,16660.99495070457
50000.0,50.0,15599.345997591752
51000.0,51.0,15896.285063323978
50000.0,50.0,15811.85989688521
54000.0,54.0,16048.137720413215
54000.0,54.0,15893.480217223989
60000.0,60.0,38057.94566636608
60000.0,60.0,39906.18799778554
60000.0,60.0,40947.63586095608
60000.0,60.0,39383.6841545061
60000.0,60.0,39210.28525268604
11000.0,11.0,12054.962537045305
9700.0,9.7,12058.87982440079
9200.0,9.2,12080.544900465171
9600.0,9.6,12066.147971111386
8100.0,8.1,12084.592075914117
110000.0,110.0,8747.28501789882
109000.0,109.0,8714.678995213146
109000.0,109.0,9574.928316173353
109000.0,109.0,8931.077070018666
110000.0,110.0,9689.574971947855
25000.0,25.0,16582.076097632566
25000.0,25.0,16118.837291575726
25000.0,25.0,16402.886983686534
25000.0,25.0,16330.847325326285
25000.0,25.0,16215.418213720906
50000.0,50.0,118979.57707699876
50000.0,50.0,120268.9806747701
50000.0,50.0,115499.5807735228
50000.0,50.0,119533.06461389246
50000.0,50.0,115800.05794073493
45000.0,45.0,36262.30208604371
45000.0,45.0,36520.34988416077
45000.0,45.0,36027.729266357135
45000.0,45.0,36782.66690039836
45000.0,45.0,36026.50311117034
167000.0,167.0,23653.15265700097
168000.0,168.0,23743.28301605853
167000.0,167.0,25566.86663819176
167000.0,167.0,24382.49549339693
168000.0,168.0,25955.778640018052
100000.0,100.0,22593.535055059925
100000.0,100.0,26592.66106932212
99000.0,99.0,19058.12778911795
99000.0,99.0,22816.307063738117
100000.0,100.0,20551.335787595883
65000.0,65.0,74620.97553596985
65000.0,65.0,67063.89118370411
65000.0,65.0,68546.06725421736
65000.0,65.0,70943.98498342388
65000.0,65.0,67825.19475798184
111000.0,111.0,16544.07944947442
110000.0,110.0,16679.1487590401
109000.0,109.0,16674.25878074838
111000.0,111.0,16602.563439999383
111000.0,111.0,16689.93828132269
87000.0,87.0,48447.1673187092
86000.0,86.0,79103.64896093709
86000.0,86.0,78522.52037084338
88000.0,88.0,80679.28147999749
87000.0,87.0,78083.58158610738
23000.0,23.0,8546.947754633977
21000.0,21.0,7825.868163128378
19000.0,19.0,8037.074130448938
18000.0,18.0,8119.787071979598
22000.0,22.0,8045.214246683574
260000.0,260.0,7711.6862368093125
260000.0,260.0,7741.071624015073
260000.0,260.0,8335.618360528579
260000.0,260.0,7949.475388848013
260000.0,260.0,8462.416144118162
152000.0,152.0,56155.55177325784
152000.0,152.0,56339.43927556876
152000.0,152.0,60704.376125964685
152000.0,152.0,57874.769611500604
152000.0,152.0,61632.00406325257
1.7e6,1700.0,37579.97717091917
1.7e6,1700.0,39088.1988707267
1.69e6,1690.0,40604.6750142745
1.7e6,1700.0,39076.08468170877
1.7e6,1700.0,38371.265429876796
3.64e6,3640.0,2367.428707458715
3.64e6,3640.0,2345.8085876696596
3.68e6,3680.0,2372.8664899171567
3.67e6,3670.0,2418.731876358066
3.7e6,3700.0,2379.5833651688476
38000.0,38.0,55339.92518202351
38000.0,38.0,53992.887901914095
38000.0,38.0,54515.4538360204
38000.0,38.0,54186.93794899329
38000.0,38.0,53790.94869013175
35000.0,35.0,17555.486075858826
35000.0,35.0,16688.729946351144
35000.0,35.0,16480.349300135305
35000.0,35.0,17104.587019631366
35000.0,35.0,16313.231043489073
15000.0,15.0,38800.71837137969
15000.0,15.0,38870.758813019784
15000.0,15.0,39012.007089645645
17000.0,17.0,39108.998512086044
16000.0,16.0,38928.9727193344
48000.0,48.0,41963.55468143136
41000.0,41.0,44345.93416664434
49000.0,49.0,43219.33324308417
44000.0,44.0,42583.95209065984
48000.0,48.0,44124.08620826425
583000.0,583.0,5913.979207363177
581000.0,581.0,6293.3848611928415
581000.0,581.0,6583.434536606355
581000.0,581.0,6279.008636875192
582000.0,582.0,6038.524666341601
84000.0,84.0,9612.020115971693
84000.0,84.0,9691.76639570739
84000.0,84.0,8065.158274015051
84000.0,84.0,9558.114033648528
84000.0,84.0,10587.677091471405
72000.0,72.0,8318.988862148746
72000.0,72.0,8333.901766426106
72000.0,72.0,9013.195275709419
72000.0,72.0,8550.330062034953
72000.0,72.0,9149.089071280854
70000.0,70.0,54099.257718580506
88000.0,88.0,50891.17813403493
66000.0,66.0,51977.7953622386
93000.0,93.0,50995.56049260746
77000.0,77.0,50962.84492281403
1.17e6,1170.0,482.1370662402762
1.12e6,1120.0,481.39375459443386
1.13e6,1130.0,483.50022705107665
1.12e6,1120.0,490.2607937773603
1.13e6,1130.0,492.333290384671
44000.0,44.0,14357.869979241425
44000.0,44.0,14046.469003826143
44000.0,44.0,14149.863812662334
44000.0,44.0,14145.630117664268
44000.0,44.0,13985.282300579718
42000.0,42.0,103917.34872036405
41000.0,41.0,99663.25065457198
41000.0,41.0,98421.5292116939
43000.0,43.0,102003.72207396363
41000.0,41.0,97802.01765092093
84000.0,84.0,16137.858725505474
83000.0,83.0,15184.066942308522
84000.0,84.0,15498.98790648353
84000.0,84.0,15129.158108902797
84000.0,84.0,15318.229797215166
117000.0,117.0,42463.04994012896
117000.0,117.0,42627.11958295503
117000.0,117.0,45893.26511296038
116000.0,116.0,43790.22343490043
117000.0,117.0,46610.65020326632
190000.0,190.0,4926.773088410843
190000.0,190.0,4912.380627144051
190000.0,190.0,5298.667359909913
190000.0,190.0,5000.592804296709
190000.0,190.0,5365.515738566374
114000.0,114.0,53449.1006028791
114000.0,114.0,53619.55396416643
113000.0,113.0,57742.02344699791
113000.0,113.0,55039.37209460022
113000.0,113.0,58642.395537421595
11000.0,11.0,15415.203614448861
11000.0,11.0,15490.606659123741
11000.0,11.0,15259.011081252516
11000.0,11.0,15502.608332850747
10000.0,10.0,15297.867750945468
33000.0,33.0,74809.62599945003
93000.0,93.0,69955.76428820829
52000.0,52.0,72019.7898858658
35000.0,35.0,72040.59270998681
38000.0,38.0,71135.38152644754
389000.0,389.0,38057.94566636608
389000.0,389.0,39906.18799778554
389000.0,389.0,40947.63586095608
389000.0,389.0,39383.6841545061
389000.0,389.0,39210.28525268604
80000.0,80.0,13799.706573169631
80000.0,80.0,13756.114954801595
80000.0,80.0,15104.26760510921
80000.0,80.0,14107.965230813514
80000.0,80.0,15290.774469156384
79000.0,79.0,57634.21341018936
79000.0,79.0,54609.98539450053
79000.0,79.0,55646.52710650294
79000.0,79.0,54907.46061704916
79000.0,79.0,55138.43269116348
146000.0,146.0,28867.351364315513
160000.0,160.0,29111.338750210078
134000.0,134.0,31390.21705893859
225000.0,225.0,29619.917396067376
142000.0,142.0,31793.280698875882
30000.0,30.0,41731.810455576815
29000.0,29.0,41601.68503622882
29000.0,29.0,41786.90238176874
30000.0,30.0,41447.23676894037
30000.0,30.0,41735.41312340264
6400.0,6.4,22234.40217950175
6900.0,6.9,22162.043255565324
6600.0,6.6,22255.51869352962
7700.0,7.7,22062.762851022366
6500.0,6.5,22220.80069329197
62000.0,62.0,42385.13834995449
62000.0,62.0,40242.37619378276
62000.0,62.0,40505.24492645883
62000.0,62.0,40978.29882600412
62000.0,62.0,40061.99711625579
932000.0,932.0,276.3438633159993
778000.0,778.0,246.39189255956467
883000.0,883.0,261.4885987237766
864000.0,864.0,246.3538745163185
787000.0,787.0,275.82452414738987
20000.0,20.0,36144.93303430865
20000.0,20.0,36257.931324644946
20000.0,20.0,39059.83894890119
20000.0,20.0,37225.703577986314
20000.0,20.0,39649.039432588106
184000.0,184.0,9418.277556312465
184000.0,184.0,9562.262147085856
184000.0,184.0,8705.221719275718
184000.0,184.0,8987.011234512322
184000.0,184.0,9140.258465934703
1.75e6,1750.0,3675.6358457924975
1.74e6,1740.0,3912.9225306835056
1.73e6,1730.0,4026.9822236711957
1.74e6,1740.0,3883.232583852985
1.73e6,1730.0,3748.6023386341585
145000.0,145.0,66352.96702274012
145000.0,145.0,76114.31499318295
145000.0,145.0,75438.3315848046
145000.0,145.0,84870.35810987857
145000.0,145.0,78341.76204982694
173000.0,173.0,10004.775373117733
159000.0,159.0,9820.640942169657
160000.0,160.0,9970.51245977365
159000.0,159.0,9977.462531292991
159000.0,159.0,9955.22146928153
52000.0,52.0,64806.915484737576
66000.0,66.0,62242.375350958
62000.0,62.0,63097.11611505009
72000.0,72.0,62800.18504066453
56000.0,56.0,62476.69868487727
36000.0,36.0,8526.127496866775
31000.0,31.0,8569.594874282975
36000.0,36.0,8445.704664635834
36000.0,36.0,8570.301195929009
33000.0,33.0,8460.197453749131
